Batch_ID,Machine_ID,Line_ID,Product_ID,Temperature,Pressure,Speed,Vibration,Humidity,Operator,Shift,Production_Time,Has_Defect,Defect_Type,Defect_Status
BAT-10001,M-02,Line-1,PROD-A10,73.7,8.92,1278,2.3,47.1,Op-Frank,Afternoon,2026-04-13 11:29,0,None,PASS
BAT-10002,M-02,Line-1,PROD-A10,74.7,9.11,1183,2.01,45.9,Op-Elena,Afternoon,2026-02-18 11:29,0,None,PASS
BAT-10003,M-04,Line-2,PROD-B20,76.1,8.08,1369,5.25,60.9,Op-Elena,Night,2026-02-16 11:29,0,None,PASS
BAT-10004,M-07,Line-4,PROD-B20,77.4,7.04,1541,3.53,57.0,Op-David,Night,2026-04-22 11:29,0,None,PASS
BAT-10005,M-01,Line-1,PROD-B20,73.3,8.3,1293,1.86,47.9,Op-Frank,Afternoon,2026-05-08 11:29,0,None,PASS
BAT-10006,M-04,Line-2,PROD-C30,82.9,10.19,1306,3.64,75.6,Op-Alice,Morning,2026-05-18 11:29,1,Porosity,SCRAP
BAT-10007,M-01,Line-1,PROD-D40,74.5,8.97,1217,1.57,47.5,Op-Elena,Morning,2026-05-17 11:29,0,None,PASS
BAT-10008,M-05,Line-3,PROD-C30,75.9,8.33,1149,1.98,44.5,Op-Elena,Morning,2026-02-27 11:29,1,Dimensional Deviation,SCRAP
BAT-10009,M-02,Line-1,PROD-B20,73.0,8.26,1237,2.23,52.1,Op-Alice,Afternoon,2026-04-22 11:29,0,None,PASS
BAT-10010,M-06,Line-3,PROD-B20,73.5,8.29,1142,2.47,52.4,Op-Charlie,Afternoon,2026-04-04 11:29,0,None,PASS
BAT-10011,M-02,Line-1,PROD-B20,72.8,9.01,1271,1.79,47.7,Op-Elena,Night,2026-04-13 11:29,0,None,PASS
BAT-10012,M-07,Line-4,PROD-C30,84.1,6.67,1602,4.13,50.4,Op-Frank,Night,2026-07-02 11:29,1,Surface Crack,REWORK
BAT-10013,M-01,Line-1,PROD-B20,73.3,8.65,1120,2.13,47.1,Op-Alice,Afternoon,2026-05-23 11:29,0,None,PASS
BAT-10014,M-04,Line-2,PROD-C30,82.3,10.54,1400,5.34,65.0,Op-Bob,Night,2026-06-17 11:29,1,Surface Crack,SCRAP
BAT-10015,M-08,Line-4,PROD-B20,74.8,8.34,1233,2.47,48.4,Op-Charlie,Morning,2026-04-14 11:29,0,None,PASS
BAT-10016,M-05,Line-3,PROD-D40,73.2,8.94,1198,2.49,46.5,Op-Elena,Afternoon,2026-05-13 11:29,0,None,PASS
BAT-10017,M-03,Line-2,PROD-D40,74.7,8.6,1199,2.22,42.3,Op-Alice,Morning,2026-03-10 11:29,0,None,PASS
BAT-10018,M-03,Line-2,PROD-D40,75.1,8.52,1219,1.93,39.9,Op-Elena,Morning,2026-05-19 11:29,0,None,PASS
BAT-10019,M-08,Line-4,PROD-C30,73.8,7.64,1208,2.2,48.2,Op-Elena,Morning,2026-08-03 11:29,0,None,PASS
BAT-10020,M-05,Line-3,PROD-C30,75.2,8.47,1184,3.09,46.3,Op-Alice,Afternoon,2026-06-01 11:29,0,None,PASS
BAT-10021,M-01,Line-1,PROD-C30,75.9,9.0,1169,2.56,53.6,Op-Elena,Morning,2026-06-19 11:29,0,None,PASS
BAT-10022,M-05,Line-3,PROD-B20,71.8,8.64,1187,1.54,51.7,Op-Bob,Afternoon,2026-03-23 11:29,0,None,PASS
BAT-10023,M-01,Line-1,PROD-C30,72.7,7.82,1213,2.14,43.8,Op-David,Morning,2026-03-10 11:29,0,None,PASS
BAT-10024,M-05,Line-3,PROD-B20,75.6,8.52,1192,2.29,44.5,Op-Alice,Morning,2026-07-05 11:29,0,None,PASS
BAT-10025,M-02,Line-1,PROD-D40,73.0,8.71,1268,2.55,41.6,Op-Alice,Night,2026-03-14 11:29,0,None,PASS
BAT-10026,M-08,Line-4,PROD-B20,72.4,9.2,1268,2.54,44.5,Op-Charlie,Night,2026-07-15 11:29,0,None,PASS
BAT-10027,M-04,Line-2,PROD-B20,85.1,10.09,1355,4.05,81.1,Op-Frank,Afternoon,2026-05-23 11:29,0,None,PASS
BAT-10028,M-06,Line-3,PROD-D40,75.8,8.12,1176,2.29,43.5,Op-Elena,Afternoon,2026-03-12 11:29,0,None,PASS
BAT-10029,M-02,Line-1,PROD-C30,76.2,9.01,1295,2.66,47.0,Op-Alice,Night,2026-07-01 11:29,0,None,PASS
BAT-10030,M-04,Line-2,PROD-A10,89.8,9.56,1528,4.22,71.8,Op-Alice,Night,2026-07-21 11:29,1,Surface Crack,REWORK
BAT-10031,M-01,Line-1,PROD-C30,74.0,8.06,1231,2.45,47.1,Op-Alice,Night,2026-04-11 11:29,0,None,PASS
BAT-10032,M-08,Line-4,PROD-B20,72.9,8.99,1257,2.39,46.6,Op-Elena,Morning,2026-07-06 11:29,0,None,PASS
BAT-10033,M-04,Line-2,PROD-D40,78.0,9.97,1454,5.04,61.8,Op-David,Morning,2026-03-06 11:29,1,Dimensional Deviation,REWORK
BAT-10034,M-07,Line-4,PROD-D40,83.0,6.27,1415,3.62,60.3,Op-David,Night,2026-02-23 11:29,0,None,PASS
BAT-10035,M-02,Line-1,PROD-A10,77.2,8.86,1383,2.62,50.3,Op-David,Night,2026-05-07 11:29,0,None,PASS
BAT-10036,M-02,Line-1,PROD-B20,71.1,7.85,1217,2.55,44.6,Op-Bob,Morning,2026-06-27 11:29,0,None,PASS
BAT-10037,M-07,Line-4,PROD-B20,71.5,7.16,1229,4.82,52.6,Op-Charlie,Afternoon,2026-04-14 11:29,0,None,PASS
BAT-10038,M-02,Line-1,PROD-D40,77.9,8.66,1234,2.54,42.9,Op-Elena,Morning,2026-02-22 11:29,0,None,PASS
BAT-10039,M-01,Line-1,PROD-A10,72.4,9.67,1238,2.12,39.9,Op-Bob,Morning,2026-05-25 11:29,0,None,PASS
BAT-10040,M-04,Line-2,PROD-D40,81.9,8.13,1350,5.01,79.6,Op-Alice,Morning,2026-05-18 11:29,1,Surface Crack,REWORK
BAT-10041,M-08,Line-4,PROD-C30,74.2,9.48,1228,2.3,43.0,Op-David,Night,2026-07-02 11:29,0,None,PASS
BAT-10042,M-08,Line-4,PROD-B20,70.7,9.52,1177,2.47,42.9,Op-Bob,Afternoon,2026-04-06 11:29,0,None,PASS
BAT-10043,M-01,Line-1,PROD-C30,75.9,8.14,1207,2.28,35.0,Op-Alice,Morning,2026-07-09 11:29,0,None,PASS
BAT-10044,M-03,Line-2,PROD-A10,69.0,7.95,1279,1.69,53.3,Op-Elena,Morning,2026-03-29 11:29,0,None,PASS
BAT-10045,M-02,Line-1,PROD-B20,70.4,9.18,1210,2.68,44.1,Op-David,Morning,2026-07-05 11:29,0,None,PASS
BAT-10046,M-01,Line-1,PROD-A10,74.8,8.63,1239,2.56,48.5,Op-David,Night,2026-07-09 11:29,0,None,PASS
BAT-10047,M-06,Line-3,PROD-C30,70.4,8.52,1236,3.07,49.1,Op-Bob,Night,2026-05-01 11:29,0,None,PASS
BAT-10048,M-07,Line-4,PROD-B20,77.7,5.7,1421,3.13,62.3,Op-Frank,Night,2026-04-27 11:29,1,Dimensional Deviation,SCRAP
BAT-10049,M-02,Line-1,PROD-A10,74.5,8.97,1237,1.98,47.9,Op-David,Night,2026-07-04 11:29,0,None,PASS
BAT-10050,M-02,Line-1,PROD-B20,77.9,8.38,1191,2.15,49.0,Op-Elena,Afternoon,2026-03-15 11:29,0,None,PASS
BAT-10051,M-02,Line-1,PROD-B20,74.1,8.94,1196,2.62,49.3,Op-Charlie,Afternoon,2026-03-22 11:29,0,None,PASS
BAT-10052,M-05,Line-3,PROD-A10,80.5,9.13,1129,2.25,46.2,Op-Frank,Night,2026-04-27 11:29,0,None,PASS
BAT-10053,M-02,Line-1,PROD-B20,75.6,8.59,1169,2.35,48.3,Op-Charlie,Morning,2026-03-09 11:29,0,None,PASS
BAT-10054,M-03,Line-2,PROD-C30,74.1,9.0,1237,1.96,53.4,Op-Charlie,Night,2026-04-04 11:29,0,None,PASS
BAT-10055,M-04,Line-2,PROD-C30,85.1,8.35,1293,4.28,63.0,Op-Elena,Afternoon,2026-04-15 11:29,1,Surface Crack,SCRAP
BAT-10056,M-02,Line-1,PROD-D40,68.9,9.39,1196,2.01,48.0,Op-Charlie,Morning,2026-02-10 11:29,0,None,PASS
BAT-10057,M-03,Line-2,PROD-C30,73.9,8.86,1278,2.41,47.6,Op-Bob,Night,2026-06-03 11:29,0,None,PASS
BAT-10058,M-07,Line-4,PROD-A10,78.2,7.58,1385,3.48,55.3,Op-Alice,Morning,2026-08-05 11:29,0,None,PASS
BAT-10059,M-01,Line-1,PROD-C30,77.6,9.68,1175,2.79,51.5,Op-Elena,Night,2026-03-19 11:29,0,None,PASS
BAT-10060,M-01,Line-1,PROD-C30,73.7,9.09,1144,2.17,51.1,Op-Charlie,Morning,2026-05-12 11:29,0,None,PASS
BAT-10061,M-04,Line-2,PROD-A10,83.4,9.04,1433,2.66,70.4,Op-Charlie,Night,2026-05-25 11:29,0,None,PASS
BAT-10062,M-03,Line-2,PROD-B20,75.9,9.34,1241,2.85,47.5,Op-Bob,Morning,2026-05-26 11:29,1,Color Variance,SCRAP
BAT-10063,M-07,Line-4,PROD-B20,76.4,3.8,1451,4.03,54.4,Op-Charlie,Morning,2026-08-08 11:29,1,Dimensional Deviation,SCRAP
BAT-10064,M-08,Line-4,PROD-B20,73.7,8.57,1221,2.6,49.2,Op-Bob,Afternoon,2026-05-10 11:29,0,None,PASS
BAT-10065,M-04,Line-2,PROD-B20,85.9,9.35,1476,5.19,60.5,Op-Alice,Night,2026-03-31 11:29,1,Surface Crack,REWORK
BAT-10066,M-02,Line-1,PROD-C30,78.2,9.37,1172,2.34,46.8,Op-Charlie,Night,2026-06-20 11:29,0,None,PASS
BAT-10067,M-06,Line-3,PROD-A10,74.2,9.63,1288,2.57,47.0,Op-Alice,Afternoon,2026-03-27 11:29,0,None,PASS
BAT-10068,M-05,Line-3,PROD-A10,79.0,9.04,1190,2.59,46.6,Op-Alice,Night,2026-06-01 11:29,0,None,PASS
BAT-10069,M-06,Line-3,PROD-D40,70.6,8.47,1242,1.85,54.0,Op-Elena,Night,2026-03-11 11:29,0,None,PASS
BAT-10070,M-04,Line-2,PROD-C30,85.4,10.6,1394,5.28,56.3,Op-Alice,Night,2026-06-01 11:29,1,Surface Crack,SCRAP
BAT-10071,M-04,Line-2,PROD-C30,87.2,10.17,1335,3.37,64.4,Op-David,Morning,2026-07-30 11:29,0,None,PASS
BAT-10072,M-06,Line-3,PROD-A10,79.1,8.44,1189,1.68,46.1,Op-Frank,Afternoon,2026-06-19 11:29,0,None,PASS
BAT-10073,M-07,Line-4,PROD-C30,77.0,6.05,1272,3.08,52.2,Op-David,Night,2026-04-26 11:29,0,None,PASS
BAT-10074,M-04,Line-2,PROD-D40,86.5,11.0,1496,3.48,63.7,Op-Frank,Afternoon,2026-08-02 11:29,1,Dimensional Deviation,REWORK
BAT-10075,M-05,Line-3,PROD-D40,72.6,8.46,1106,1.89,41.9,Op-Elena,Morning,2026-04-28 11:29,0,None,PASS
BAT-10076,M-07,Line-4,PROD-C30,81.0,4.82,1352,4.16,59.8,Op-David,Afternoon,2026-06-03 11:29,1,Surface Crack,REWORK
BAT-10077,M-03,Line-2,PROD-A10,72.9,7.8,1219,2.15,45.0,Op-Charlie,Night,2026-07-29 11:29,0,None,PASS
BAT-10078,M-06,Line-3,PROD-A10,74.0,8.42,1219,1.83,51.6,Op-Bob,Night,2026-04-30 11:29,0,None,PASS
BAT-10079,M-04,Line-2,PROD-B20,79.9,11.32,1468,4.89,60.7,Op-Alice,Morning,2026-04-13 11:29,0,None,PASS
BAT-10080,M-02,Line-1,PROD-D40,79.1,7.95,1123,2.42,51.8,Op-David,Night,2026-07-07 11:29,0,None,PASS
BAT-10081,M-07,Line-4,PROD-D40,76.3,5.37,1285,2.74,55.2,Op-David,Morning,2026-03-19 11:29,0,None,PASS
BAT-10082,M-01,Line-1,PROD-A10,75.0,8.56,1220,1.77,49.1,Op-David,Morning,2026-03-27 11:29,0,None,PASS
BAT-10083,M-08,Line-4,PROD-A10,71.6,8.65,1243,2.3,41.3,Op-Elena,Morning,2026-03-13 11:29,0,None,PASS
BAT-10084,M-08,Line-4,PROD-C30,73.5,8.1,1222,2.49,37.0,Op-David,Night,2026-06-19 11:29,0,None,PASS
BAT-10085,M-08,Line-4,PROD-B20,69.8,8.57,1155,2.36,45.4,Op-Frank,Afternoon,2026-06-05 11:29,0,None,PASS
BAT-10086,M-04,Line-2,PROD-C30,81.1,10.56,1519,4.85,73.4,Op-Elena,Afternoon,2026-07-20 11:29,1,Surface Crack,REWORK
BAT-10087,M-05,Line-3,PROD-B20,72.0,8.89,1200,1.11,49.5,Op-Charlie,Afternoon,2026-05-02 11:29,0,None,PASS
BAT-10088,M-02,Line-1,PROD-B20,75.2,9.39,1204,1.86,48.5,Op-Bob,Morning,2026-05-19 11:29,0,None,PASS
BAT-10089,M-04,Line-2,PROD-A10,81.9,10.19,1382,4.26,70.0,Op-David,Afternoon,2026-05-05 11:29,1,Surface Crack,REWORK
BAT-10090,M-04,Line-2,PROD-D40,84.2,10.75,1397,7.3,77.1,Op-David,Night,2026-08-07 11:29,1,Surface Crack,SCRAP
BAT-10091,M-07,Line-4,PROD-D40,83.9,6.66,1333,3.21,59.1,Op-Alice,Afternoon,2026-04-27 11:29,0,None,PASS
BAT-10092,M-07,Line-4,PROD-B20,74.9,6.6,1362,1.65,57.8,Op-David,Morning,2026-04-20 11:29,1,Dimensional Deviation,REWORK
BAT-10093,M-06,Line-3,PROD-D40,73.0,8.92,1312,2.24,48.7,Op-Frank,Morning,2026-06-09 11:29,0,None,PASS
BAT-10094,M-01,Line-1,PROD-D40,72.6,8.19,1277,2.56,49.6,Op-Elena,Night,2026-07-29 11:29,1,Porosity,REWORK
BAT-10095,M-08,Line-4,PROD-B20,71.6,8.38,1226,1.99,51.0,Op-Alice,Afternoon,2026-05-18 11:29,0,None,PASS
BAT-10096,M-08,Line-4,PROD-C30,77.5,9.1,1136,1.73,49.1,Op-Charlie,Afternoon,2026-04-22 11:29,0,None,PASS
BAT-10097,M-07,Line-4,PROD-C30,83.2,7.12,1345,1.95,56.4,Op-Alice,Afternoon,2026-02-14 11:29,0,None,PASS
BAT-10098,M-01,Line-1,PROD-C30,75.3,8.62,1290,2.03,50.4,Op-Bob,Night,2026-02-27 11:29,0,None,PASS
BAT-10099,M-01,Line-1,PROD-A10,77.4,9.4,1186,2.85,44.0,Op-Bob,Morning,2026-02-15 11:29,0,None,PASS
BAT-10100,M-04,Line-2,PROD-B20,98.1,10.32,1367,4.86,67.1,Op-David,Night,2026-03-11 11:29,1,Surface Crack,REWORK
BAT-10101,M-05,Line-3,PROD-C30,71.3,9.01,1213,2.02,42.8,Op-Bob,Night,2026-07-15 11:29,0,None,PASS
BAT-10102,M-02,Line-1,PROD-B20,71.2,8.53,1209,1.58,42.7,Op-Charlie,Morning,2026-07-08 11:29,1,Color Variance,REWORK
BAT-10103,M-07,Line-4,PROD-D40,80.4,8.79,1434,3.04,53.7,Op-Frank,Morning,2026-03-01 11:29,0,None,PASS
BAT-10104,M-04,Line-2,PROD-A10,84.0,9.96,1359,3.58,69.0,Op-Frank,Afternoon,2026-08-04 11:29,0,None,PASS
BAT-10105,M-02,Line-1,PROD-A10,74.5,8.31,1185,2.45,47.9,Op-Charlie,Night,2026-05-30 11:29,0,None,PASS
BAT-10106,M-02,Line-1,PROD-C30,77.5,7.27,1116,1.88,43.0,Op-Alice,Afternoon,2026-06-15 11:29,0,None,PASS
BAT-10107,M-06,Line-3,PROD-D40,73.1,7.9,1174,1.96,43.6,Op-Frank,Morning,2026-06-01 11:29,0,None,PASS
BAT-10108,M-05,Line-3,PROD-D40,75.2,8.21,1205,2.8,48.1,Op-David,Afternoon,2026-07-11 11:29,0,None,PASS
BAT-10109,M-04,Line-2,PROD-A10,78.6,9.28,1464,5.59,59.4,Op-Charlie,Afternoon,2026-04-13 11:29,0,None,PASS
BAT-10110,M-07,Line-4,PROD-C30,80.8,4.88,1367,3.7,56.3,Op-Alice,Afternoon,2026-05-04 11:29,1,Dimensional Deviation,REWORK
BAT-10111,M-05,Line-3,PROD-C30,77.6,8.9,1196,1.89,49.3,Op-Charlie,Night,2026-08-08 11:29,0,None,PASS
BAT-10112,M-01,Line-1,PROD-B20,70.9,8.19,1269,1.6,41.0,Op-Alice,Morning,2026-05-25 11:29,0,None,PASS
BAT-10113,M-04,Line-2,PROD-D40,93.4,7.72,1572,3.72,69.5,Op-Frank,Night,2026-06-15 11:29,1,Dimensional Deviation,REWORK
BAT-10114,M-05,Line-3,PROD-B20,77.6,8.58,1194,2.17,53.4,Op-David,Night,2026-04-13 11:29,0,None,PASS
BAT-10115,M-06,Line-3,PROD-D40,77.0,8.69,1201,1.71,48.1,Op-Elena,Night,2026-05-09 11:29,0,None,PASS
BAT-10116,M-06,Line-3,PROD-C30,69.9,8.88,1300,2.24,50.9,Op-Frank,Afternoon,2026-04-20 11:29,0,None,PASS
BAT-10117,M-04,Line-2,PROD-A10,88.7,11.47,1511,5.08,55.1,Op-Frank,Morning,2026-05-01 11:29,1,Surface Crack,REWORK
BAT-10118,M-03,Line-2,PROD-B20,74.3,8.7,1145,1.8,50.3,Op-Bob,Night,2026-06-13 11:29,0,None,PASS
BAT-10119,M-05,Line-3,PROD-A10,76.6,8.13,1328,1.71,50.0,Op-Bob,Afternoon,2026-04-09 11:29,0,None,PASS
BAT-10120,M-05,Line-3,PROD-A10,76.8,7.84,1209,2.45,45.4,Op-Frank,Night,2026-03-14 11:29,0,None,PASS
BAT-10121,M-01,Line-1,PROD-C30,78.4,8.29,1291,2.09,50.8,Op-Frank,Morning,2026-07-23 11:29,0,None,PASS
BAT-10122,M-08,Line-4,PROD-A10,73.4,9.06,1130,2.0,52.6,Op-Alice,Night,2026-04-23 11:29,0,None,PASS
BAT-10123,M-08,Line-4,PROD-C30,75.6,8.69,1149,2.07,49.5,Op-Bob,Morning,2026-04-15 11:29,0,None,PASS
BAT-10124,M-08,Line-4,PROD-A10,77.2,9.13,1189,2.34,50.5,Op-Alice,Afternoon,2026-06-15 11:29,0,None,PASS
BAT-10125,M-01,Line-1,PROD-B20,76.7,8.74,1152,2.65,43.7,Op-Bob,Night,2026-04-28 11:29,1,Dimensional Deviation,REWORK
BAT-10126,M-07,Line-4,PROD-B20,82.0,6.09,1315,3.94,59.4,Op-Elena,Afternoon,2026-06-05 11:29,1,Surface Crack,REWORK
BAT-10127,M-07,Line-4,PROD-C30,78.2,5.59,1326,3.47,56.1,Op-Elena,Night,2026-02-25 11:29,0,None,PASS
BAT-10128,M-02,Line-1,PROD-B20,75.0,7.64,1180,1.91,52.2,Op-Frank,Morning,2026-04-18 11:29,0,None,PASS
BAT-10129,M-03,Line-2,PROD-B20,77.9,8.64,1257,2.45,45.9,Op-Bob,Night,2026-03-01 11:29,0,None,PASS
BAT-10130,M-07,Line-4,PROD-D40,73.4,3.74,1284,4.32,59.0,Op-Frank,Night,2026-06-10 11:29,1,Dimensional Deviation,REWORK
BAT-10131,M-05,Line-3,PROD-D40,74.2,8.58,1220,1.86,54.2,Op-Alice,Night,2026-04-10 11:29,0,None,PASS
BAT-10132,M-04,Line-2,PROD-D40,85.4,8.97,1627,3.85,63.4,Op-Alice,Night,2026-04-08 11:29,1,Surface Crack,SCRAP
BAT-10133,M-03,Line-2,PROD-A10,75.2,8.74,1320,2.17,45.4,Op-Alice,Morning,2026-04-29 11:29,0,None,PASS
BAT-10134,M-05,Line-3,PROD-D40,75.4,8.29,1187,1.89,47.3,Op-Alice,Afternoon,2026-08-05 11:29,0,None,PASS
BAT-10135,M-07,Line-4,PROD-C30,77.6,5.03,1385,4.36,52.2,Op-Elena,Night,2026-06-16 11:29,1,Dimensional Deviation,REWORK
BAT-10136,M-07,Line-4,PROD-C30,75.1,6.43,1322,3.64,57.9,Op-Elena,Afternoon,2026-02-16 11:29,1,Dimensional Deviation,SCRAP
BAT-10137,M-01,Line-1,PROD-C30,74.8,8.93,1300,2.21,47.3,Op-Elena,Morning,2026-03-26 11:29,0,None,PASS
BAT-10138,M-08,Line-4,PROD-C30,78.0,8.12,1172,1.95,48.0,Op-Bob,Night,2026-06-01 11:29,0,None,PASS
BAT-10139,M-08,Line-4,PROD-A10,77.0,9.86,1186,2.09,46.0,Op-David,Afternoon,2026-05-25 11:29,0,None,PASS
BAT-10140,M-02,Line-1,PROD-B20,69.9,8.83,1220,2.52,49.2,Op-Charlie,Afternoon,2026-08-06 11:29,0,None,PASS
BAT-10141,M-07,Line-4,PROD-A10,79.8,7.69,1437,3.77,61.9,Op-David,Morning,2026-05-01 11:29,1,Dimensional Deviation,REWORK
BAT-10142,M-07,Line-4,PROD-A10,78.7,5.03,1298,4.0,57.5,Op-Frank,Night,2026-06-08 11:29,1,Dimensional Deviation,REWORK
BAT-10143,M-06,Line-3,PROD-D40,74.1,7.92,1243,2.18,50.6,Op-Frank,Afternoon,2026-02-23 11:29,0,None,PASS
BAT-10144,M-03,Line-2,PROD-C30,76.4,8.4,1234,3.17,48.2,Op-David,Night,2026-06-14 11:29,0,None,PASS
BAT-10145,M-04,Line-2,PROD-B20,86.6,10.87,1327,4.51,68.9,Op-Charlie,Night,2026-02-13 11:29,1,Surface Crack,REWORK
BAT-10146,M-02,Line-1,PROD-D40,76.7,8.34,1204,2.15,39.9,Op-Alice,Night,2026-03-21 11:29,0,None,PASS
BAT-10147,M-05,Line-3,PROD-C30,68.5,8.82,1187,1.52,43.9,Op-David,Afternoon,2026-06-10 11:29,0,None,PASS
BAT-10148,M-03,Line-2,PROD-D40,78.2,9.26,1199,2.77,43.4,Op-Bob,Night,2026-06-20 11:29,0,None,PASS
BAT-10149,M-03,Line-2,PROD-A10,72.3,8.58,1220,1.49,47.0,Op-Charlie,Afternoon,2026-05-08 11:29,0,None,PASS
BAT-10150,M-05,Line-3,PROD-A10,76.3,8.49,1252,2.48,46.6,Op-Charlie,Night,2026-04-27 11:29,0,None,PASS
BAT-10151,M-08,Line-4,PROD-B20,76.0,8.88,1230,2.38,50.6,Op-David,Night,2026-06-13 11:29,0,None,PASS
BAT-10152,M-07,Line-4,PROD-D40,82.4,6.89,1272,4.13,54.8,Op-Charlie,Morning,2026-08-07 11:29,1,Surface Crack,REWORK
BAT-10153,M-07,Line-4,PROD-A10,86.2,6.14,1242,2.91,55.6,Op-Charlie,Night,2026-06-11 11:29,0,None,PASS
BAT-10154,M-07,Line-4,PROD-D40,78.7,6.16,1337,2.97,51.6,Op-Frank,Night,2026-03-20 11:29,0,None,PASS
BAT-10155,M-01,Line-1,PROD-B20,76.8,8.12,1207,2.7,48.0,Op-Elena,Night,2026-05-05 11:29,0,None,PASS
BAT-10156,M-08,Line-4,PROD-A10,71.8,8.62,1197,1.64,47.7,Op-Elena,Afternoon,2026-02-13 11:29,0,None,PASS
BAT-10157,M-07,Line-4,PROD-B20,77.0,8.72,1398,2.5,52.1,Op-Alice,Afternoon,2026-04-18 11:29,1,Dimensional Deviation,SCRAP
BAT-10158,M-02,Line-1,PROD-C30,76.5,8.2,1291,2.69,49.4,Op-Frank,Night,2026-05-18 11:29,0,None,PASS
BAT-10159,M-08,Line-4,PROD-A10,72.7,9.26,1218,2.52,56.3,Op-Elena,Morning,2026-04-11 11:29,0,None,PASS
BAT-10160,M-05,Line-3,PROD-B20,73.1,8.7,1163,1.82,45.9,Op-Frank,Morning,2026-06-01 11:29,0,None,PASS
BAT-10161,M-02,Line-1,PROD-D40,81.1,9.46,1229,2.25,48.2,Op-Bob,Night,2026-04-27 11:29,0,None,PASS
BAT-10162,M-01,Line-1,PROD-C30,76.7,8.54,1251,2.15,51.5,Op-Alice,Afternoon,2026-05-12 11:29,0,None,PASS
BAT-10163,M-03,Line-2,PROD-B20,70.3,8.71,1257,1.61,54.7,Op-Elena,Afternoon,2026-07-04 11:29,0,None,PASS
BAT-10164,M-03,Line-2,PROD-B20,69.9,8.31,1246,1.92,48.7,Op-Bob,Morning,2026-07-16 11:29,0,None,PASS
BAT-10165,M-04,Line-2,PROD-D40,90.6,9.17,1455,6.42,71.5,Op-Elena,Morning,2026-04-10 11:29,1,Surface Crack,REWORK
BAT-10166,M-05,Line-3,PROD-A10,74.8,8.45,1135,2.2,47.8,Op-David,Afternoon,2026-08-02 11:29,0,None,PASS
BAT-10167,M-02,Line-1,PROD-D40,68.0,9.17,1131,2.8,46.6,Op-Charlie,Night,2026-04-27 11:29,0,None,PASS
BAT-10168,M-07,Line-4,PROD-C30,81.9,5.21,1233,2.42,53.6,Op-David,Afternoon,2026-04-01 11:29,0,None,PASS
BAT-10169,M-08,Line-4,PROD-A10,70.8,9.1,1187,2.13,41.8,Op-Bob,Afternoon,2026-07-06 11:29,0,None,PASS
BAT-10170,M-05,Line-3,PROD-C30,73.9,8.86,1248,2.17,52.9,Op-Alice,Night,2026-05-22 11:29,0,None,PASS
BAT-10171,M-01,Line-1,PROD-D40,74.6,8.47,1201,2.51,47.7,Op-Charlie,Morning,2026-07-15 11:29,0,None,PASS
BAT-10172,M-04,Line-2,PROD-B20,83.4,8.77,1402,4.76,71.1,Op-Elena,Afternoon,2026-08-02 11:29,1,Surface Crack,SCRAP
BAT-10173,M-03,Line-2,PROD-A10,75.7,9.1,1079,2.61,56.4,Op-Frank,Night,2026-02-20 11:29,0,None,PASS
BAT-10174,M-08,Line-4,PROD-A10,71.7,8.92,1222,2.04,45.4,Op-Elena,Afternoon,2026-03-15 11:29,0,None,PASS
BAT-10175,M-05,Line-3,PROD-C30,74.5,9.04,1232,2.02,48.6,Op-Frank,Afternoon,2026-03-26 11:29,0,None,PASS
BAT-10176,M-06,Line-3,PROD-C30,76.4,8.75,1189,2.25,48.3,Op-Bob,Afternoon,2026-06-13 11:29,0,None,PASS
BAT-10177,M-05,Line-3,PROD-C30,77.0,8.92,1158,2.54,54.5,Op-Alice,Afternoon,2026-03-01 11:29,0,None,PASS
BAT-10178,M-04,Line-2,PROD-D40,88.8,9.55,1450,3.54,78.0,Op-Elena,Afternoon,2026-03-05 11:29,1,Dimensional Deviation,REWORK
BAT-10179,M-02,Line-1,PROD-D40,77.8,9.19,1154,2.34,50.4,Op-Charlie,Night,2026-08-01 11:29,0,None,PASS
BAT-10180,M-07,Line-4,PROD-C30,79.8,4.76,1254,4.0,46.8,Op-Alice,Night,2026-04-10 11:29,1,Dimensional Deviation,SCRAP
BAT-10181,M-06,Line-3,PROD-B20,70.7,9.42,1255,1.84,45.2,Op-Frank,Morning,2026-07-22 11:29,0,None,PASS
BAT-10182,M-05,Line-3,PROD-D40,74.1,9.16,1189,3.0,47.9,Op-Alice,Morning,2026-02-21 11:29,0,None,PASS
BAT-10183,M-05,Line-3,PROD-D40,69.9,9.11,1319,1.54,53.5,Op-Alice,Morning,2026-04-11 11:29,0,None,PASS
BAT-10184,M-03,Line-2,PROD-D40,73.4,8.8,1201,2.33,50.2,Op-David,Afternoon,2026-07-31 11:29,0,None,PASS
BAT-10185,M-07,Line-4,PROD-B20,79.3,4.82,1267,2.21,55.9,Op-David,Night,2026-03-07 11:29,0,None,PASS
BAT-10186,M-07,Line-4,PROD-C30,76.9,3.98,1339,4.48,54.2,Op-Alice,Night,2026-05-15 11:29,1,Dimensional Deviation,REWORK
BAT-10187,M-04,Line-2,PROD-C30,87.1,8.21,1459,4.48,67.9,Op-Alice,Night,2026-05-15 11:29,1,Surface Crack,SCRAP
BAT-10188,M-06,Line-3,PROD-A10,75.2,8.67,1264,2.32,49.5,Op-David,Afternoon,2026-03-30 11:29,0,None,PASS
BAT-10189,M-08,Line-4,PROD-A10,72.3,7.9,1288,1.82,43.0,Op-Frank,Morning,2026-07-24 11:29,0,None,PASS
BAT-10190,M-01,Line-1,PROD-A10,76.0,8.32,1291,1.82,44.7,Op-Charlie,Morning,2026-03-14 11:29,0,None,PASS
BAT-10191,M-04,Line-2,PROD-A10,94.3,8.61,1447,3.88,72.4,Op-Elena,Morning,2026-07-10 11:29,1,Surface Crack,SCRAP
BAT-10192,M-06,Line-3,PROD-B20,77.1,9.41,1140,2.27,49.1,Op-Elena,Morning,2026-04-21 11:29,0,None,PASS
BAT-10193,M-03,Line-2,PROD-B20,80.4,8.2,1283,2.06,54.7,Op-Elena,Afternoon,2026-03-26 11:29,0,None,PASS
BAT-10194,M-01,Line-1,PROD-B20,74.8,8.33,1136,1.88,50.3,Op-Alice,Afternoon,2026-04-11 11:29,0,None,PASS
BAT-10195,M-01,Line-1,PROD-B20,71.5,8.28,1154,1.87,48.1,Op-Charlie,Morning,2026-03-14 11:29,0,None,PASS
BAT-10196,M-02,Line-1,PROD-A10,72.4,8.95,1256,1.79,48.4,Op-David,Afternoon,2026-05-13 11:29,0,None,PASS
BAT-10197,M-02,Line-1,PROD-D40,74.9,9.21,1155,1.3,54.7,Op-Elena,Morning,2026-07-17 11:29,1,Contamination,REWORK
BAT-10198,M-01,Line-1,PROD-A10,74.2,8.26,1165,2.27,50.5,Op-David,Afternoon,2026-05-30 11:29,0,None,PASS
BAT-10199,M-08,Line-4,PROD-D40,71.7,8.23,1265,2.06,52.4,Op-Alice,Morning,2026-05-03 11:29,0,None,PASS
BAT-10200,M-02,Line-1,PROD-B20,74.2,7.9,1213,2.7,51.1,Op-Charlie,Night,2026-07-22 11:29,0,None,PASS
BAT-10201,M-06,Line-3,PROD-D40,74.5,8.67,1203,2.29,50.8,Op-Elena,Night,2026-04-26 11:29,0,None,PASS
BAT-10202,M-07,Line-4,PROD-A10,75.5,5.87,1356,3.87,58.5,Op-Frank,Morning,2026-07-27 11:29,0,None,PASS
BAT-10203,M-04,Line-2,PROD-D40,73.7,10.19,1644,3.59,68.0,Op-David,Morning,2026-05-26 11:29,1,Dimensional Deviation,REWORK
BAT-10204,M-07,Line-4,PROD-A10,76.7,6.85,1317,3.79,60.8,Op-Charlie,Afternoon,2026-05-01 11:29,0,None,PASS
BAT-10205,M-06,Line-3,PROD-B20,74.8,8.27,1254,2.21,47.3,Op-Frank,Afternoon,2026-02-27 11:29,0,None,PASS
BAT-10206,M-02,Line-1,PROD-A10,71.4,9.26,1212,1.8,48.7,Op-David,Morning,2026-05-16 11:29,0,None,PASS
BAT-10207,M-01,Line-1,PROD-C30,76.0,9.3,1235,2.09,48.0,Op-Frank,Morning,2026-05-26 11:29,0,None,PASS
BAT-10208,M-07,Line-4,PROD-A10,77.9,4.81,1388,2.51,55.3,Op-Charlie,Night,2026-04-30 11:29,1,Dimensional Deviation,REWORK
BAT-10209,M-04,Line-2,PROD-B20,83.3,8.59,1473,3.77,78.7,Op-Frank,Afternoon,2026-04-08 11:29,0,None,PASS
BAT-10210,M-06,Line-3,PROD-C30,72.3,8.57,1184,2.59,46.4,Op-Alice,Afternoon,2026-07-06 11:29,0,None,PASS
BAT-10211,M-07,Line-4,PROD-A10,78.6,5.66,1362,3.11,55.8,Op-Elena,Night,2026-08-06 11:29,1,Dimensional Deviation,REWORK
BAT-10212,M-05,Line-3,PROD-C30,75.2,9.74,1163,2.1,47.2,Op-Charlie,Morning,2026-03-28 11:29,0,None,PASS
BAT-10213,M-07,Line-4,PROD-A10,78.0,4.56,1214,2.57,57.7,Op-Bob,Night,2026-07-22 11:29,0,None,PASS
BAT-10214,M-02,Line-1,PROD-B20,73.0,8.59,1248,2.4,44.8,Op-David,Afternoon,2026-06-06 11:29,0,None,PASS
BAT-10215,M-06,Line-3,PROD-C30,74.5,8.59,1236,1.51,48.5,Op-Frank,Afternoon,2026-07-05 11:29,0,None,PASS
BAT-10216,M-01,Line-1,PROD-B20,72.3,8.58,1262,1.95,44.5,Op-Bob,Night,2026-02-22 11:29,0,None,PASS
BAT-10217,M-05,Line-3,PROD-D40,73.5,8.27,1256,2.69,45.6,Op-Frank,Afternoon,2026-06-14 11:29,0,None,PASS
BAT-10218,M-07,Line-4,PROD-C30,79.4,7.49,1455,4.85,61.1,Op-Bob,Night,2026-03-11 11:29,1,Dimensional Deviation,REWORK
BAT-10219,M-08,Line-4,PROD-C30,72.1,8.83,1179,2.11,56.1,Op-Alice,Morning,2026-05-22 11:29,0,None,PASS
BAT-10220,M-01,Line-1,PROD-A10,74.6,8.37,1173,2.15,53.2,Op-Bob,Afternoon,2026-04-05 11:29,0,None,PASS
BAT-10221,M-05,Line-3,PROD-C30,72.4,8.08,1234,2.58,52.7,Op-Charlie,Morning,2026-02-11 11:29,0,None,PASS
BAT-10222,M-07,Line-4,PROD-B20,80.1,8.04,1256,3.7,52.5,Op-Bob,Afternoon,2026-06-26 11:29,0,None,PASS
BAT-10223,M-06,Line-3,PROD-A10,77.0,8.83,1307,3.03,45.4,Op-David,Night,2026-02-20 11:29,0,None,PASS
BAT-10224,M-08,Line-4,PROD-A10,78.0,8.9,1171,2.67,49.4,Op-Charlie,Night,2026-05-30 11:29,0,None,PASS
BAT-10225,M-07,Line-4,PROD-C30,71.1,9.08,1267,2.47,53.9,Op-Alice,Afternoon,2026-02-15 11:29,0,None,PASS
BAT-10226,M-03,Line-2,PROD-D40,70.6,9.06,1223,1.99,49.1,Op-Frank,Afternoon,2026-03-04 11:29,0,None,PASS
BAT-10227,M-02,Line-1,PROD-B20,76.4,8.48,1282,2.37,50.0,Op-David,Night,2026-05-23 11:29,0,None,PASS
BAT-10228,M-07,Line-4,PROD-C30,79.1,6.24,1342,3.71,54.6,Op-Frank,Afternoon,2026-04-07 11:29,1,Dimensional Deviation,REWORK
BAT-10229,M-02,Line-1,PROD-B20,75.5,9.22,1210,1.89,49.2,Op-Charlie,Afternoon,2026-07-25 11:29,0,None,PASS
BAT-10230,M-04,Line-2,PROD-A10,74.9,9.88,1583,6.67,72.4,Op-Bob,Afternoon,2026-04-01 11:29,1,Dimensional Deviation,REWORK
BAT-10231,M-02,Line-1,PROD-B20,75.7,8.53,1154,2.62,47.2,Op-Frank,Afternoon,2026-06-08 11:29,0,None,PASS
BAT-10232,M-08,Line-4,PROD-C30,74.7,7.9,1242,1.76,53.8,Op-Frank,Afternoon,2026-03-20 11:29,0,None,PASS
BAT-10233,M-08,Line-4,PROD-D40,72.5,8.53,1210,2.58,44.9,Op-Frank,Afternoon,2026-04-21 11:29,0,None,PASS
BAT-10234,M-06,Line-3,PROD-A10,70.4,8.05,1189,2.36,44.7,Op-Charlie,Afternoon,2026-06-05 11:29,1,Color Variance,SCRAP
BAT-10235,M-02,Line-1,PROD-A10,73.8,8.71,1251,3.1,42.3,Op-Elena,Night,2026-06-19 11:29,0,None,PASS
BAT-10236,M-01,Line-1,PROD-D40,78.6,8.31,1218,1.64,44.7,Op-Elena,Night,2026-03-30 11:29,0,None,PASS
BAT-10237,M-08,Line-4,PROD-B20,79.0,9.63,1264,2.72,52.1,Op-Alice,Afternoon,2026-03-08 11:29,0,None,PASS
BAT-10238,M-06,Line-3,PROD-A10,75.9,9.26,1260,2.65,45.4,Op-Elena,Night,2026-03-26 11:29,1,Porosity,SCRAP
BAT-10239,M-03,Line-2,PROD-C30,73.5,8.24,1126,1.64,47.7,Op-Charlie,Afternoon,2026-05-20 11:29,0,None,PASS
BAT-10240,M-06,Line-3,PROD-A10,75.4,8.89,1293,2.39,43.7,Op-Frank,Night,2026-05-06 11:29,0,None,PASS
BAT-10241,M-02,Line-1,PROD-D40,76.7,9.54,1279,1.95,46.0,Op-Charlie,Afternoon,2026-07-28 11:29,0,None,PASS
BAT-10242,M-03,Line-2,PROD-C30,73.8,8.99,1124,2.03,48.7,Op-Alice,Night,2026-07-29 11:29,0,None,PASS
BAT-10243,M-06,Line-3,PROD-C30,74.5,8.02,1080,2.54,47.9,Op-Frank,Night,2026-07-29 11:29,0,None,PASS
BAT-10244,M-02,Line-1,PROD-C30,74.9,8.05,1227,2.81,45.7,Op-Elena,Afternoon,2026-07-24 11:29,0,None,PASS
BAT-10245,M-03,Line-2,PROD-A10,75.4,8.16,1172,2.24,47.1,Op-Frank,Night,2026-05-29 11:29,0,None,PASS
BAT-10246,M-01,Line-1,PROD-C30,72.7,8.59,1214,2.25,43.5,Op-Charlie,Morning,2026-04-05 11:29,0,None,PASS
BAT-10247,M-08,Line-4,PROD-B20,73.3,8.63,1233,2.39,41.7,Op-Bob,Morning,2026-03-21 11:29,0,None,PASS
BAT-10248,M-02,Line-1,PROD-A10,71.2,8.88,1150,1.89,57.7,Op-Frank,Afternoon,2026-07-18 11:29,0,None,PASS
BAT-10249,M-07,Line-4,PROD-B20,82.1,5.17,1289,2.07,56.0,Op-Bob,Morning,2026-08-06 11:29,0,None,PASS
BAT-10250,M-03,Line-2,PROD-D40,73.3,8.68,1227,2.56,55.2,Op-Alice,Afternoon,2026-05-14 11:29,0,None,PASS
BAT-10251,M-04,Line-2,PROD-D40,70.0,10.24,1501,3.62,51.5,Op-Elena,Afternoon,2026-06-04 11:29,1,Dimensional Deviation,REWORK
BAT-10252,M-08,Line-4,PROD-B20,73.1,8.64,1272,1.93,48.2,Op-Charlie,Night,2026-07-06 11:29,0,None,PASS
BAT-10253,M-08,Line-4,PROD-C30,74.0,8.36,1167,2.0,48.5,Op-David,Night,2026-06-25 11:29,0,None,PASS
BAT-10254,M-03,Line-2,PROD-B20,73.1,8.86,1224,2.75,47.9,Op-Elena,Morning,2026-04-15 11:29,1,Porosity,SCRAP
BAT-10255,M-02,Line-1,PROD-A10,73.8,8.51,1353,2.45,49.2,Op-Charlie,Morning,2026-03-23 11:29,0,None,PASS
BAT-10256,M-03,Line-2,PROD-D40,77.3,8.32,1127,1.8,48.8,Op-Alice,Morning,2026-06-05 11:29,0,None,PASS
BAT-10257,M-01,Line-1,PROD-D40,76.7,8.38,1267,2.85,48.3,Op-Alice,Afternoon,2026-06-18 11:29,0,None,PASS
BAT-10258,M-07,Line-4,PROD-A10,81.4,7.12,1412,3.8,52.9,Op-Charlie,Morning,2026-02-17 11:29,1,Dimensional Deviation,REWORK
BAT-10259,M-06,Line-3,PROD-B20,73.0,8.12,1229,1.97,56.3,Op-Bob,Morning,2026-04-24 11:29,0,None,PASS
BAT-10260,M-08,Line-4,PROD-B20,74.5,8.72,1233,1.67,48.0,Op-Frank,Afternoon,2026-06-04 11:29,0,None,PASS
BAT-10261,M-02,Line-1,PROD-A10,75.1,8.51,1254,1.68,52.7,Op-Charlie,Morning,2026-03-20 11:29,0,None,PASS
BAT-10262,M-07,Line-4,PROD-A10,75.2,7.04,1370,5.01,56.5,Op-Charlie,Morning,2026-04-28 11:29,0,None,PASS
BAT-10263,M-04,Line-2,PROD-D40,91.4,11.12,1409,3.94,53.1,Op-Frank,Night,2026-06-07 11:29,1,Surface Crack,SCRAP
BAT-10264,M-08,Line-4,PROD-A10,76.8,8.18,1184,2.06,46.4,Op-Frank,Night,2026-07-07 11:29,0,None,PASS
BAT-10265,M-03,Line-2,PROD-C30,77.8,9.1,1190,2.59,49.6,Op-David,Morning,2026-07-17 11:29,0,None,PASS
BAT-10266,M-07,Line-4,PROD-B20,80.3,5.09,1439,3.3,49.4,Op-Frank,Night,2026-03-03 11:29,1,Dimensional Deviation,REWORK
BAT-10267,M-01,Line-1,PROD-D40,72.8,9.04,1149,2.33,48.5,Op-David,Morning,2026-07-22 11:29,0,None,PASS
BAT-10268,M-06,Line-3,PROD-C30,76.6,7.94,1242,2.88,50.7,Op-Frank,Morning,2026-05-12 11:29,0,None,PASS
BAT-10269,M-06,Line-3,PROD-B20,75.4,8.94,1295,2.5,47.5,Op-Frank,Night,2026-07-20 11:29,0,None,PASS
BAT-10270,M-06,Line-3,PROD-B20,74.6,8.57,1201,1.71,44.2,Op-Alice,Afternoon,2026-06-29 11:29,0,None,PASS
BAT-10271,M-03,Line-2,PROD-D40,74.5,8.95,1190,2.23,50.1,Op-Frank,Afternoon,2026-07-21 11:29,0,None,PASS
BAT-10272,M-03,Line-2,PROD-A10,76.2,8.34,1239,2.0,46.5,Op-Frank,Afternoon,2026-02-19 11:29,0,None,PASS
BAT-10273,M-01,Line-1,PROD-B20,78.6,8.49,1194,2.25,47.9,Op-Alice,Afternoon,2026-04-30 11:29,0,None,PASS
BAT-10274,M-08,Line-4,PROD-C30,72.0,8.99,1257,2.09,44.5,Op-Alice,Night,2026-03-30 11:29,0,None,PASS
BAT-10275,M-01,Line-1,PROD-C30,78.3,8.55,1202,2.48,48.3,Op-Charlie,Morning,2026-05-15 11:29,0,None,PASS
BAT-10276,M-07,Line-4,PROD-D40,79.2,7.83,1369,4.01,58.2,Op-David,Afternoon,2026-03-29 11:29,0,None,PASS
BAT-10277,M-08,Line-4,PROD-C30,76.5,7.25,1240,2.18,45.4,Op-Elena,Afternoon,2026-03-03 11:29,0,None,PASS
BAT-10278,M-02,Line-1,PROD-D40,76.2,8.72,1304,1.37,43.5,Op-Elena,Morning,2026-06-29 11:29,0,None,PASS
BAT-10279,M-02,Line-1,PROD-A10,77.6,8.64,1137,3.0,47.0,Op-Charlie,Night,2026-04-26 11:29,0,None,PASS
BAT-10280,M-07,Line-4,PROD-B20,83.2,7.06,1521,2.61,55.5,Op-Frank,Afternoon,2026-05-10 11:29,1,Dimensional Deviation,SCRAP
BAT-10281,M-06,Line-3,PROD-D40,72.0,8.29,1208,2.19,46.3,Op-Charlie,Night,2026-02-24 11:29,0,None,PASS
BAT-10282,M-07,Line-4,PROD-C30,80.4,4.46,1282,2.97,51.7,Op-Elena,Night,2026-08-02 11:29,1,Dimensional Deviation,REWORK
BAT-10283,M-08,Line-4,PROD-A10,72.1,8.76,1270,1.98,40.5,Op-Bob,Morning,2026-04-11 11:29,0,None,PASS
BAT-10284,M-06,Line-3,PROD-C30,73.6,8.5,1170,2.35,49.1,Op-David,Night,2026-02-18 11:29,0,None,PASS
BAT-10285,M-08,Line-4,PROD-C30,73.8,8.25,1141,2.86,40.8,Op-Charlie,Afternoon,2026-03-01 11:29,0,None,PASS
BAT-10286,M-06,Line-3,PROD-D40,77.9,9.37,1251,1.85,45.8,Op-Charlie,Night,2026-04-22 11:29,0,None,PASS
BAT-10287,M-02,Line-1,PROD-A10,74.4,9.41,1250,1.91,46.9,Op-Frank,Morning,2026-06-17 11:29,0,None,PASS
BAT-10288,M-02,Line-1,PROD-C30,72.7,8.45,1278,1.86,46.0,Op-Charlie,Night,2026-06-04 11:29,0,None,PASS
BAT-10289,M-05,Line-3,PROD-D40,75.1,8.05,1273,2.17,47.6,Op-Bob,Morning,2026-03-16 11:29,0,None,PASS
BAT-10290,M-08,Line-4,PROD-B20,74.5,8.98,1227,2.11,50.5,Op-Frank,Afternoon,2026-03-04 11:29,0,None,PASS
BAT-10291,M-06,Line-3,PROD-C30,74.3,8.58,1200,1.64,47.5,Op-Frank,Morning,2026-06-30 11:29,0,None,PASS
BAT-10292,M-05,Line-3,PROD-B20,70.9,8.97,1248,1.7,53.1,Op-Frank,Night,2026-08-08 11:29,0,None,PASS
BAT-10293,M-06,Line-3,PROD-B20,76.3,9.1,1179,1.62,53.6,Op-Alice,Morning,2026-03-17 11:29,0,None,PASS
BAT-10294,M-08,Line-4,PROD-A10,71.2,8.25,1127,2.28,52.7,Op-Charlie,Night,2026-07-06 11:29,0,None,PASS
BAT-10295,M-03,Line-2,PROD-A10,73.0,8.05,1200,1.66,46.8,Op-Alice,Afternoon,2026-05-22 11:29,0,None,PASS
BAT-10296,M-08,Line-4,PROD-D40,75.5,8.52,1146,2.53,52.9,Op-David,Night,2026-02-28 11:29,0,None,PASS
BAT-10297,M-06,Line-3,PROD-A10,78.0,7.98,1183,2.49,47.9,Op-David,Afternoon,2026-08-03 11:29,0,None,PASS
BAT-10298,M-03,Line-2,PROD-B20,73.9,8.03,1210,2.21,46.1,Op-Bob,Afternoon,2026-06-18 11:29,0,None,PASS
BAT-10299,M-01,Line-1,PROD-A10,73.7,8.56,1193,1.93,47.0,Op-Elena,Morning,2026-04-28 11:29,0,None,PASS
BAT-10300,M-06,Line-3,PROD-B20,75.9,8.71,1220,3.09,51.6,Op-Charlie,Night,2026-04-23 11:29,0,None,PASS
BAT-10301,M-05,Line-3,PROD-B20,76.7,7.81,1159,2.32,43.2,Op-Frank,Night,2026-04-21 11:29,0,None,PASS
BAT-10302,M-05,Line-3,PROD-A10,74.3,9.21,1162,2.32,44.5,Op-Elena,Night,2026-03-25 11:29,0,None,PASS
BAT-10303,M-03,Line-2,PROD-B20,77.2,8.06,1220,1.55,56.3,Op-Frank,Night,2026-07-14 11:29,0,None,PASS
BAT-10304,M-01,Line-1,PROD-A10,74.7,9.05,1298,1.73,52.5,Op-Alice,Morning,2026-07-24 11:29,0,None,PASS
BAT-10305,M-05,Line-3,PROD-B20,73.7,9.92,1142,1.91,49.0,Op-Elena,Afternoon,2026-07-18 11:29,0,None,PASS
BAT-10306,M-08,Line-4,PROD-C30,73.1,8.74,1180,2.29,51.5,Op-Frank,Afternoon,2026-06-13 11:29,0,None,PASS
BAT-10307,M-07,Line-4,PROD-C30,77.9,7.78,1346,3.46,46.1,Op-David,Morning,2026-08-05 11:29,0,None,PASS
BAT-10308,M-08,Line-4,PROD-D40,75.6,8.24,1220,2.6,38.3,Op-David,Afternoon,2026-04-03 11:29,0,None,PASS
BAT-10309,M-03,Line-2,PROD-C30,74.6,8.57,1222,2.52,50.1,Op-Frank,Afternoon,2026-05-09 11:29,0,None,PASS
BAT-10310,M-03,Line-2,PROD-C30,78.6,8.5,1203,2.61,52.0,Op-Elena,Night,2026-03-09 11:29,0,None,PASS
BAT-10311,M-08,Line-4,PROD-A10,73.0,9.16,1252,2.09,44.9,Op-Charlie,Afternoon,2026-04-14 11:29,0,None,PASS
BAT-10312,M-01,Line-1,PROD-C30,77.7,8.33,1169,2.65,45.3,Op-David,Night,2026-05-28 11:29,0,None,PASS
BAT-10313,M-03,Line-2,PROD-C30,77.2,8.96,1233,2.81,45.4,Op-Elena,Night,2026-05-01 11:29,0,None,PASS
BAT-10314,M-03,Line-2,PROD-D40,75.5,8.82,1175,2.27,48.8,Op-Elena,Afternoon,2026-06-17 11:29,0,None,PASS
BAT-10315,M-08,Line-4,PROD-A10,72.1,8.26,1203,2.03,44.8,Op-Alice,Afternoon,2026-06-19 11:29,0,None,PASS
BAT-10316,M-04,Line-2,PROD-B20,84.1,10.41,1378,4.46,66.5,Op-Elena,Afternoon,2026-02-22 11:29,1,Surface Crack,REWORK
BAT-10317,M-08,Line-4,PROD-C30,76.3,7.8,1175,2.36,44.9,Op-Elena,Morning,2026-03-09 11:29,0,None,PASS
BAT-10318,M-05,Line-3,PROD-C30,73.6,8.95,1197,1.72,50.5,Op-David,Afternoon,2026-02-21 11:29,0,None,PASS
BAT-10319,M-04,Line-2,PROD-C30,78.1,9.86,1444,5.5,77.5,Op-Elena,Afternoon,2026-02-28 11:29,1,Dimensional Deviation,REWORK
BAT-10320,M-05,Line-3,PROD-A10,74.0,9.1,1308,1.58,42.8,Op-Bob,Morning,2026-05-21 11:29,0,None,PASS
BAT-10321,M-06,Line-3,PROD-C30,72.8,9.0,1166,2.18,49.9,Op-Bob,Morning,2026-07-14 11:29,0,None,PASS
BAT-10322,M-01,Line-1,PROD-A10,71.1,8.63,1176,2.3,51.6,Op-Alice,Morning,2026-05-06 11:29,0,None,PASS
BAT-10323,M-08,Line-4,PROD-B20,74.5,8.34,1216,1.92,44.7,Op-Elena,Night,2026-03-17 11:29,0,None,PASS
BAT-10324,M-06,Line-3,PROD-B20,77.7,8.08,1171,2.68,52.5,Op-David,Night,2026-04-27 11:29,0,None,PASS
BAT-10325,M-08,Line-4,PROD-C30,76.2,8.73,1218,1.91,51.4,Op-David,Morning,2026-05-15 11:29,0,None,PASS
BAT-10326,M-02,Line-1,PROD-D40,73.8,9.59,1280,2.05,42.7,Op-Elena,Afternoon,2026-08-05 11:29,0,None,PASS
BAT-10327,M-08,Line-4,PROD-C30,78.8,8.64,1218,2.82,45.5,Op-Frank,Night,2026-07-07 11:29,0,None,PASS
BAT-10328,M-01,Line-1,PROD-D40,76.1,8.54,1082,2.21,48.1,Op-Bob,Night,2026-07-21 11:29,0,None,PASS
BAT-10329,M-07,Line-4,PROD-B20,77.5,5.57,1458,2.84,56.6,Op-Frank,Morning,2026-02-18 11:29,0,None,PASS
BAT-10330,M-02,Line-1,PROD-B20,73.1,9.65,1197,2.22,49.5,Op-Alice,Afternoon,2026-05-01 11:29,0,None,PASS
BAT-10331,M-07,Line-4,PROD-B20,82.2,6.73,1282,2.41,50.7,Op-David,Night,2026-07-16 11:29,0,None,PASS
BAT-10332,M-01,Line-1,PROD-B20,74.5,8.53,1170,2.55,42.3,Op-Elena,Morning,2026-07-03 11:29,0,None,PASS
BAT-10333,M-08,Line-4,PROD-D40,71.5,8.97,1186,2.12,47.1,Op-Charlie,Morning,2026-06-07 11:29,0,None,PASS
BAT-10334,M-06,Line-3,PROD-C30,78.1,7.4,1206,1.94,48.1,Op-Frank,Night,2026-08-03 11:29,0,None,PASS
BAT-10335,M-05,Line-3,PROD-D40,76.8,8.96,1242,1.63,49.8,Op-Bob,Morning,2026-04-22 11:29,0,None,PASS
BAT-10336,M-04,Line-2,PROD-C30,84.1,9.99,1508,5.08,62.8,Op-Charlie,Night,2026-04-04 11:29,1,Surface Crack,REWORK
BAT-10337,M-08,Line-4,PROD-C30,75.4,8.69,1220,2.39,47.1,Op-Elena,Night,2026-04-21 11:29,0,None,PASS
BAT-10338,M-07,Line-4,PROD-D40,75.4,5.08,1475,4.24,54.5,Op-Charlie,Morning,2026-04-25 11:29,1,Dimensional Deviation,SCRAP
BAT-10339,M-02,Line-1,PROD-C30,76.5,7.97,1182,2.4,46.5,Op-David,Night,2026-04-16 11:29,0,None,PASS
BAT-10340,M-04,Line-2,PROD-B20,85.6,9.43,1303,4.45,79.0,Op-Elena,Afternoon,2026-07-03 11:29,1,Surface Crack,REWORK
BAT-10341,M-04,Line-2,PROD-B20,78.9,9.57,1461,4.22,74.9,Op-Alice,Night,2026-06-25 11:29,1,Dimensional Deviation,REWORK
BAT-10342,M-02,Line-1,PROD-D40,72.8,8.52,1211,2.24,50.3,Op-Charlie,Night,2026-06-10 11:29,0,None,PASS
BAT-10343,M-03,Line-2,PROD-A10,73.1,8.51,1271,2.02,39.2,Op-Elena,Morning,2026-05-25 11:29,0,None,PASS
BAT-10344,M-08,Line-4,PROD-D40,73.5,7.98,1230,2.71,49.5,Op-Frank,Morning,2026-04-24 11:29,0,None,PASS
BAT-10345,M-01,Line-1,PROD-A10,76.2,9.61,1148,1.86,48.8,Op-Frank,Night,2026-04-10 11:29,0,None,PASS
BAT-10346,M-01,Line-1,PROD-B20,74.1,8.89,1206,1.84,43.0,Op-David,Morning,2026-02-19 11:29,0,None,PASS
BAT-10347,M-07,Line-4,PROD-D40,74.3,4.86,1385,3.95,62.4,Op-Bob,Night,2026-04-25 11:29,0,None,PASS
BAT-10348,M-01,Line-1,PROD-C30,76.8,8.5,1238,2.41,42.9,Op-Elena,Night,2026-03-09 11:29,0,None,PASS
BAT-10349,M-06,Line-3,PROD-C30,75.9,8.38,1207,2.05,56.4,Op-David,Night,2026-06-29 11:29,0,None,PASS
BAT-10350,M-03,Line-2,PROD-D40,70.6,7.8,1221,2.0,48.6,Op-Charlie,Morning,2026-03-10 11:29,0,None,PASS
BAT-10351,M-08,Line-4,PROD-C30,76.5,8.26,1245,1.35,40.1,Op-Frank,Morning,2026-02-13 11:29,0,None,PASS
BAT-10352,M-05,Line-3,PROD-B20,73.1,8.3,1141,2.57,48.1,Op-Bob,Night,2026-07-23 11:29,0,None,PASS
BAT-10353,M-07,Line-4,PROD-C30,80.4,6.35,1393,2.92,64.9,Op-Alice,Afternoon,2026-07-31 11:29,1,Dimensional Deviation,SCRAP
BAT-10354,M-08,Line-4,PROD-C30,72.0,9.08,1245,1.47,46.8,Op-Bob,Morning,2026-04-17 11:29,0,None,PASS
BAT-10355,M-08,Line-4,PROD-C30,76.3,8.54,1278,2.02,42.2,Op-Charlie,Afternoon,2026-07-09 11:29,0,None,PASS
BAT-10356,M-01,Line-1,PROD-C30,72.6,8.09,1193,2.1,49.8,Op-Frank,Afternoon,2026-08-06 11:29,0,None,PASS
BAT-10357,M-02,Line-1,PROD-D40,74.5,8.82,1228,1.06,52.9,Op-Charlie,Morning,2026-05-24 11:29,0,None,PASS
BAT-10358,M-05,Line-3,PROD-A10,71.6,8.81,1214,1.67,52.2,Op-Frank,Afternoon,2026-05-15 11:29,0,None,PASS
BAT-10359,M-04,Line-2,PROD-B20,83.6,10.15,1376,4.25,63.3,Op-David,Morning,2026-06-06 11:29,1,Surface Crack,SCRAP
BAT-10360,M-07,Line-4,PROD-D40,77.3,4.77,1272,3.32,51.3,Op-Elena,Night,2026-04-06 11:29,0,None,PASS
BAT-10361,M-02,Line-1,PROD-D40,72.9,8.93,1230,2.57,41.1,Op-Elena,Night,2026-05-13 11:29,1,Contamination,REWORK
BAT-10362,M-04,Line-2,PROD-B20,81.8,8.66,1551,4.05,56.0,Op-Bob,Afternoon,2026-06-23 11:29,1,Surface Crack,SCRAP
BAT-10363,M-08,Line-4,PROD-A10,72.0,8.18,1233,2.13,49.7,Op-Elena,Afternoon,2026-02-24 11:29,0,None,PASS
BAT-10364,M-07,Line-4,PROD-D40,72.4,7.31,1422,4.18,59.0,Op-Elena,Morning,2026-07-03 11:29,0,None,PASS
BAT-10365,M-05,Line-3,PROD-A10,81.8,8.9,1201,2.9,50.1,Op-David,Afternoon,2026-02-10 11:29,0,None,PASS
BAT-10366,M-02,Line-1,PROD-A10,76.0,8.56,1258,2.46,51.7,Op-David,Afternoon,2026-08-08 11:29,1,Surface Crack,SCRAP
BAT-10367,M-02,Line-1,PROD-D40,72.5,8.32,1160,2.44,49.8,Op-Alice,Afternoon,2026-05-25 11:29,0,None,PASS
BAT-10368,M-03,Line-2,PROD-D40,75.6,8.64,1102,2.41,47.7,Op-Charlie,Afternoon,2026-06-04 11:29,0,None,PASS
BAT-10369,M-07,Line-4,PROD-D40,82.9,5.79,1344,4.0,47.4,Op-Alice,Night,2026-07-29 11:29,1,Surface Crack,REWORK
BAT-10370,M-06,Line-3,PROD-A10,80.1,8.62,1199,2.3,49.1,Op-Bob,Night,2026-05-21 11:29,0,None,PASS
BAT-10371,M-04,Line-2,PROD-A10,79.9,10.49,1384,4.27,75.4,Op-Alice,Afternoon,2026-06-08 11:29,1,Dimensional Deviation,REWORK
BAT-10372,M-07,Line-4,PROD-B20,81.9,8.91,1355,3.63,51.8,Op-Bob,Afternoon,2026-05-09 11:29,0,None,PASS
BAT-10373,M-04,Line-2,PROD-A10,79.4,8.28,1520,3.79,63.6,Op-Alice,Night,2026-05-28 11:29,1,Dimensional Deviation,SCRAP
BAT-10374,M-01,Line-1,PROD-B20,78.5,8.27,1190,2.71,47.3,Op-Bob,Morning,2026-03-07 11:29,0,None,PASS
BAT-10375,M-08,Line-4,PROD-A10,76.2,9.16,1275,2.49,46.6,Op-Bob,Night,2026-02-21 11:29,0,None,PASS
BAT-10376,M-04,Line-2,PROD-B20,81.6,8.13,1300,3.34,68.5,Op-Alice,Morning,2026-06-18 11:29,0,None,PASS
BAT-10377,M-04,Line-2,PROD-C30,80.7,10.69,1513,4.77,55.1,Op-Elena,Night,2026-08-01 11:29,1,Surface Crack,REWORK
BAT-10378,M-03,Line-2,PROD-B20,69.6,8.54,1252,1.73,42.9,Op-David,Afternoon,2026-04-21 11:29,1,Contamination,SCRAP
BAT-10379,M-03,Line-2,PROD-D40,74.4,8.33,1197,1.81,54.7,Op-Elena,Afternoon,2026-02-22 11:29,0,None,PASS
BAT-10380,M-07,Line-4,PROD-C30,82.2,7.62,1231,4.14,59.6,Op-Frank,Afternoon,2026-05-25 11:29,1,Surface Crack,REWORK
BAT-10381,M-08,Line-4,PROD-B20,74.7,8.88,1225,2.51,49.6,Op-Bob,Afternoon,2026-03-18 11:29,0,None,PASS
BAT-10382,M-01,Line-1,PROD-D40,73.3,9.45,1211,1.75,47.0,Op-David,Night,2026-06-25 11:29,0,None,PASS
BAT-10383,M-04,Line-2,PROD-C30,82.4,10.36,1328,6.04,67.8,Op-Bob,Afternoon,2026-07-25 11:29,1,Surface Crack,REWORK
BAT-10384,M-06,Line-3,PROD-A10,76.6,8.69,1137,2.26,46.2,Op-Elena,Night,2026-03-30 11:29,0,None,PASS
BAT-10385,M-07,Line-4,PROD-A10,82.8,4.39,1401,4.42,52.5,Op-Alice,Morning,2026-07-10 11:29,1,Surface Crack,REWORK
BAT-10386,M-08,Line-4,PROD-B20,74.9,8.88,1178,2.21,44.5,Op-Charlie,Afternoon,2026-02-13 11:29,0,None,PASS
BAT-10387,M-04,Line-2,PROD-A10,80.6,10.48,1553,4.73,63.9,Op-Frank,Afternoon,2026-04-13 11:29,1,Surface Crack,SCRAP
BAT-10388,M-07,Line-4,PROD-B20,79.4,6.83,1244,3.37,56.0,Op-Elena,Afternoon,2026-04-23 11:29,1,Dimensional Deviation,REWORK
BAT-10389,M-06,Line-3,PROD-C30,76.2,8.22,1211,2.45,50.7,Op-Charlie,Afternoon,2026-06-21 11:29,0,None,PASS
BAT-10390,M-08,Line-4,PROD-A10,69.7,8.74,1246,2.02,46.9,Op-Frank,Afternoon,2026-05-02 11:29,0,None,PASS
BAT-10391,M-06,Line-3,PROD-C30,77.6,7.93,1241,2.01,45.6,Op-David,Morning,2026-07-04 11:29,0,None,PASS
BAT-10392,M-03,Line-2,PROD-A10,76.6,8.69,1188,2.89,40.9,Op-Charlie,Night,2026-07-09 11:29,0,None,PASS
BAT-10393,M-07,Line-4,PROD-C30,75.6,5.51,1458,3.19,48.7,Op-Bob,Morning,2026-05-05 11:29,1,Dimensional Deviation,REWORK
BAT-10394,M-04,Line-2,PROD-D40,87.6,8.76,1432,6.0,69.2,Op-Elena,Night,2026-08-04 11:29,1,Surface Crack,SCRAP
BAT-10395,M-08,Line-4,PROD-D40,71.9,10.07,1266,1.67,42.6,Op-David,Morning,2026-05-11 11:29,0,None,PASS
BAT-10396,M-08,Line-4,PROD-B20,74.4,9.1,1158,1.82,42.5,Op-Elena,Night,2026-02-25 11:29,0,None,PASS
BAT-10397,M-02,Line-1,PROD-A10,71.9,8.69,1344,2.01,49.5,Op-Alice,Afternoon,2026-03-17 11:29,0,None,PASS
BAT-10398,M-04,Line-2,PROD-A10,84.8,9.96,1384,4.46,79.1,Op-Frank,Morning,2026-02-12 11:29,1,Surface Crack,REWORK
BAT-10399,M-01,Line-1,PROD-D40,71.7,8.88,1168,2.29,46.3,Op-Frank,Afternoon,2026-02-14 11:29,1,Contamination,REWORK
BAT-10400,M-01,Line-1,PROD-C30,74.3,9.47,1197,1.98,49.7,Op-Elena,Afternoon,2026-02-14 11:29,0,None,PASS
BAT-10401,M-07,Line-4,PROD-B20,76.9,9.6,1382,3.05,48.1,Op-Alice,Morning,2026-06-24 11:29,1,Dimensional Deviation,REWORK
BAT-10402,M-05,Line-3,PROD-C30,74.3,8.82,1115,1.87,53.7,Op-Charlie,Afternoon,2026-03-02 11:29,0,None,PASS
BAT-10403,M-07,Line-4,PROD-D40,79.4,4.98,1390,4.51,41.8,Op-Elena,Morning,2026-08-07 11:29,1,Dimensional Deviation,SCRAP
BAT-10404,M-02,Line-1,PROD-A10,75.4,9.71,1221,2.1,44.3,Op-Alice,Afternoon,2026-05-18 11:29,0,None,PASS
BAT-10405,M-08,Line-4,PROD-A10,73.0,8.1,1239,1.74,51.4,Op-Frank,Morning,2026-08-08 11:29,0,None,PASS
BAT-10406,M-08,Line-4,PROD-D40,67.3,8.73,1207,2.01,44.9,Op-Frank,Afternoon,2026-07-04 11:29,0,None,PASS
BAT-10407,M-02,Line-1,PROD-A10,76.5,8.74,1289,2.69,49.5,Op-Bob,Morning,2026-08-06 11:29,0,None,PASS
BAT-10408,M-08,Line-4,PROD-C30,68.8,8.51,1199,2.26,53.7,Op-Alice,Morning,2026-08-04 11:29,0,None,PASS
BAT-10409,M-01,Line-1,PROD-B20,73.8,9.22,1189,1.78,47.8,Op-Charlie,Morning,2026-04-04 11:29,0,None,PASS
BAT-10410,M-07,Line-4,PROD-A10,77.0,7.52,1387,3.24,55.2,Op-Charlie,Morning,2026-07-04 11:29,1,Dimensional Deviation,SCRAP
BAT-10411,M-07,Line-4,PROD-C30,80.0,7.88,1313,2.94,45.6,Op-David,Night,2026-03-17 11:29,0,None,PASS
BAT-10412,M-02,Line-1,PROD-C30,73.5,8.29,1289,2.35,46.9,Op-Alice,Morning,2026-06-01 11:29,0,None,PASS
BAT-10413,M-02,Line-1,PROD-C30,72.0,8.5,1209,2.63,50.4,Op-Elena,Night,2026-07-12 11:29,0,None,PASS
BAT-10414,M-06,Line-3,PROD-A10,77.5,8.81,1243,2.37,50.5,Op-Frank,Afternoon,2026-06-05 11:29,0,None,PASS
BAT-10415,M-06,Line-3,PROD-D40,71.8,9.3,1241,2.26,46.2,Op-David,Morning,2026-08-03 11:29,0,None,PASS
BAT-10416,M-07,Line-4,PROD-A10,79.2,6.51,1390,2.86,62.2,Op-Elena,Afternoon,2026-04-14 11:29,1,Dimensional Deviation,REWORK
BAT-10417,M-03,Line-2,PROD-D40,77.4,8.08,1227,2.36,55.2,Op-Frank,Night,2026-03-21 11:29,0,None,PASS
BAT-10418,M-06,Line-3,PROD-C30,72.1,8.26,1248,2.01,47.4,Op-Alice,Morning,2026-02-11 11:29,0,None,PASS
BAT-10419,M-08,Line-4,PROD-C30,77.8,8.86,1256,1.74,45.4,Op-Charlie,Morning,2026-03-15 11:29,0,None,PASS
BAT-10420,M-07,Line-4,PROD-D40,79.4,6.13,1243,3.98,60.5,Op-Elena,Night,2026-06-21 11:29,1,Dimensional Deviation,REWORK
BAT-10421,M-06,Line-3,PROD-A10,71.6,9.02,1154,2.61,50.2,Op-Elena,Night,2026-05-04 11:29,0,None,PASS
BAT-10422,M-01,Line-1,PROD-C30,71.6,9.32,1189,2.35,47.7,Op-David,Afternoon,2026-03-03 11:29,0,None,PASS
BAT-10423,M-04,Line-2,PROD-B20,76.5,9.9,1396,5.18,72.8,Op-Frank,Afternoon,2026-03-25 11:29,1,Dimensional Deviation,REWORK
BAT-10424,M-08,Line-4,PROD-B20,75.7,8.45,1188,1.98,50.6,Op-Alice,Morning,2026-06-01 11:29,0,None,PASS
BAT-10425,M-05,Line-3,PROD-D40,75.5,8.09,1199,2.4,47.8,Op-Alice,Afternoon,2026-04-15 11:29,0,None,PASS
BAT-10426,M-08,Line-4,PROD-B20,69.5,8.92,1155,2.05,50.8,Op-David,Morning,2026-03-16 11:29,0,None,PASS
BAT-10427,M-07,Line-4,PROD-C30,82.7,6.74,1431,3.64,65.1,Op-Elena,Afternoon,2026-05-05 11:29,1,Dimensional Deviation,REWORK
BAT-10428,M-03,Line-2,PROD-C30,79.2,9.48,1289,2.73,46.0,Op-Charlie,Night,2026-08-06 11:29,0,None,PASS
BAT-10429,M-06,Line-3,PROD-B20,68.7,8.91,1249,2.25,45.6,Op-David,Afternoon,2026-04-25 11:29,0,None,PASS
BAT-10430,M-08,Line-4,PROD-B20,77.0,9.19,1235,2.15,47.4,Op-Charlie,Afternoon,2026-04-22 11:29,0,None,PASS
BAT-10431,M-07,Line-4,PROD-C30,79.7,7.62,1450,4.86,51.3,Op-Alice,Night,2026-04-02 11:29,0,None,PASS
BAT-10432,M-03,Line-2,PROD-A10,73.0,9.51,1252,1.91,49.9,Op-Frank,Afternoon,2026-04-04 11:29,0,None,PASS
BAT-10433,M-05,Line-3,PROD-A10,77.5,8.81,1230,2.97,48.2,Op-David,Night,2026-06-17 11:29,0,None,PASS
BAT-10434,M-05,Line-3,PROD-B20,71.2,8.87,1216,2.6,51.1,Op-Charlie,Night,2026-03-21 11:29,0,None,PASS
BAT-10435,M-07,Line-4,PROD-A10,78.5,6.47,1293,3.51,49.3,Op-David,Night,2026-06-12 11:29,0,None,PASS
BAT-10436,M-07,Line-4,PROD-A10,76.9,7.59,1371,3.88,55.4,Op-Charlie,Night,2026-06-27 11:29,0,None,PASS
BAT-10437,M-02,Line-1,PROD-A10,74.5,8.5,1176,2.07,47.3,Op-Bob,Night,2026-07-30 11:29,0,None,PASS
BAT-10438,M-01,Line-1,PROD-D40,69.7,8.37,1182,1.48,52.2,Op-Charlie,Afternoon,2026-03-09 11:29,1,Color Variance,REWORK
BAT-10439,M-04,Line-2,PROD-D40,82.3,9.03,1303,4.26,64.8,Op-Charlie,Afternoon,2026-06-08 11:29,1,Surface Crack,REWORK
BAT-10440,M-03,Line-2,PROD-C30,73.1,8.77,1249,2.17,46.5,Op-Alice,Afternoon,2026-03-08 11:29,0,None,PASS
BAT-10441,M-02,Line-1,PROD-A10,71.9,8.89,1129,2.09,46.6,Op-Frank,Morning,2026-05-10 11:29,0,None,PASS
BAT-10442,M-08,Line-4,PROD-B20,71.1,8.61,1145,2.22,51.1,Op-Elena,Afternoon,2026-05-10 11:29,0,None,PASS
BAT-10443,M-08,Line-4,PROD-D40,71.9,9.06,1185,2.07,47.5,Op-Charlie,Morning,2026-04-27 11:29,1,Surface Crack,REWORK
BAT-10444,M-06,Line-3,PROD-A10,75.4,9.42,1260,1.85,50.7,Op-Frank,Morning,2026-04-13 11:29,0,None,PASS
BAT-10445,M-03,Line-2,PROD-C30,69.2,8.46,1248,2.26,47.8,Op-Elena,Afternoon,2026-06-08 11:29,0,None,PASS
BAT-10446,M-07,Line-4,PROD-B20,67.7,4.14,1318,2.57,60.2,Op-Bob,Night,2026-07-28 11:29,1,Dimensional Deviation,REWORK
BAT-10447,M-04,Line-2,PROD-D40,82.7,9.56,1393,6.52,81.3,Op-Elena,Afternoon,2026-05-20 11:29,1,Surface Crack,REWORK
BAT-10448,M-05,Line-3,PROD-A10,70.9,8.93,1115,2.75,51.5,Op-Elena,Morning,2026-06-27 11:29,0,None,PASS
BAT-10449,M-06,Line-3,PROD-B20,71.3,8.31,1172,2.19,45.6,Op-David,Morning,2026-04-18 11:29,0,None,PASS
BAT-10450,M-08,Line-4,PROD-C30,75.0,8.5,1213,1.88,49.8,Op-Elena,Afternoon,2026-07-16 11:29,0,None,PASS
BAT-10451,M-02,Line-1,PROD-C30,72.7,8.24,1199,2.59,52.7,Op-Charlie,Afternoon,2026-07-18 11:29,0,None,PASS
BAT-10452,M-05,Line-3,PROD-A10,75.3,8.11,1179,2.18,45.3,Op-Frank,Morning,2026-05-01 11:29,0,None,PASS
BAT-10453,M-05,Line-3,PROD-A10,71.8,8.87,1265,1.76,45.5,Op-Bob,Afternoon,2026-08-06 11:29,0,None,PASS
BAT-10454,M-07,Line-4,PROD-D40,75.5,5.83,1412,3.52,54.9,Op-Elena,Morning,2026-07-07 11:29,1,Dimensional Deviation,REWORK
BAT-10455,M-03,Line-2,PROD-B20,72.3,8.75,1201,1.73,39.0,Op-David,Afternoon,2026-03-17 11:29,0,None,PASS
BAT-10456,M-08,Line-4,PROD-A10,73.9,7.99,1297,1.25,42.4,Op-Charlie,Morning,2026-06-14 11:29,0,None,PASS
BAT-10457,M-07,Line-4,PROD-D40,84.9,5.66,1378,3.12,55.7,Op-David,Night,2026-06-15 11:29,1,Dimensional Deviation,SCRAP
BAT-10458,M-08,Line-4,PROD-B20,74.3,8.6,1212,1.48,46.0,Op-Alice,Night,2026-02-17 11:29,0,None,PASS
BAT-10459,M-04,Line-2,PROD-C30,82.0,9.23,1449,4.75,57.4,Op-Alice,Afternoon,2026-04-08 11:29,1,Surface Crack,REWORK
BAT-10460,M-08,Line-4,PROD-D40,78.9,8.36,1274,2.54,45.5,Op-Elena,Night,2026-03-10 11:29,0,None,PASS
BAT-10461,M-05,Line-3,PROD-C30,78.6,8.51,1240,2.37,48.4,Op-Elena,Morning,2026-06-02 11:29,0,None,PASS
BAT-10462,M-07,Line-4,PROD-A10,77.2,4.51,1387,4.29,56.0,Op-Frank,Night,2026-04-14 11:29,1,Dimensional Deviation,SCRAP
BAT-10463,M-08,Line-4,PROD-C30,72.9,8.16,1252,2.45,51.5,Op-Charlie,Morning,2026-06-02 11:29,0,None,PASS
BAT-10464,M-02,Line-1,PROD-B20,72.6,7.96,1205,2.87,44.8,Op-Bob,Night,2026-07-10 11:29,0,None,PASS
BAT-10465,M-07,Line-4,PROD-B20,77.3,6.65,1263,3.65,55.4,Op-Elena,Morning,2026-04-03 11:29,0,None,PASS
BAT-10466,M-01,Line-1,PROD-C30,79.2,8.41,1247,0.9,51.3,Op-Elena,Afternoon,2026-07-12 11:29,0,None,PASS
BAT-10467,M-06,Line-3,PROD-C30,79.4,9.07,1199,1.9,52.5,Op-Charlie,Night,2026-04-19 11:29,0,None,PASS
BAT-10468,M-02,Line-1,PROD-B20,71.9,7.66,1220,1.66,54.9,Op-David,Morning,2026-04-21 11:29,0,None,PASS
BAT-10469,M-03,Line-2,PROD-B20,73.8,7.92,1299,1.34,51.6,Op-Bob,Morning,2026-05-03 11:29,0,None,PASS
BAT-10470,M-07,Line-4,PROD-D40,82.3,7.95,1493,3.64,59.0,Op-Bob,Night,2026-07-21 11:29,1,Dimensional Deviation,REWORK
BAT-10471,M-08,Line-4,PROD-A10,74.2,8.03,1318,2.05,54.1,Op-Frank,Morning,2026-05-24 11:29,0,None,PASS
BAT-10472,M-05,Line-3,PROD-C30,75.1,9.64,1131,2.34,50.3,Op-David,Afternoon,2026-05-04 11:29,0,None,PASS
BAT-10473,M-02,Line-1,PROD-D40,73.5,8.39,1294,1.51,50.2,Op-Frank,Night,2026-08-07 11:29,0,None,PASS
BAT-10474,M-02,Line-1,PROD-D40,75.1,8.82,1112,1.57,46.7,Op-Bob,Afternoon,2026-04-05 11:29,0,None,PASS
BAT-10475,M-06,Line-3,PROD-C30,78.5,7.84,1082,2.08,46.2,Op-Charlie,Night,2026-07-07 11:29,0,None,PASS
BAT-10476,M-08,Line-4,PROD-C30,72.0,7.48,1228,2.32,47.3,Op-Frank,Morning,2026-02-21 11:29,0,None,PASS
BAT-10477,M-08,Line-4,PROD-A10,75.1,8.35,1211,2.18,38.0,Op-Alice,Morning,2026-06-02 11:29,0,None,PASS
BAT-10478,M-07,Line-4,PROD-B20,78.6,6.27,1479,2.74,57.5,Op-Frank,Morning,2026-07-26 11:29,1,Dimensional Deviation,SCRAP
BAT-10479,M-05,Line-3,PROD-A10,73.5,8.91,1217,1.71,45.7,Op-Frank,Afternoon,2026-04-15 11:29,0,None,PASS
BAT-10480,M-03,Line-2,PROD-A10,69.9,9.17,1228,2.47,49.7,Op-David,Night,2026-04-29 11:29,0,None,PASS
BAT-10481,M-04,Line-2,PROD-D40,80.2,11.53,1342,4.48,64.1,Op-Frank,Morning,2026-03-06 11:29,1,Surface Crack,REWORK
BAT-10482,M-03,Line-2,PROD-B20,74.6,8.43,1156,2.55,46.8,Op-Elena,Night,2026-06-03 11:29,1,Color Variance,SCRAP
BAT-10483,M-07,Line-4,PROD-B20,78.1,6.52,1401,4.43,48.7,Op-David,Morning,2026-04-09 11:29,1,Dimensional Deviation,SCRAP
BAT-10484,M-02,Line-1,PROD-A10,79.0,8.78,1283,2.78,46.0,Op-Charlie,Afternoon,2026-04-27 11:29,0,None,PASS
BAT-10485,M-03,Line-2,PROD-B20,74.5,9.2,1216,2.57,40.1,Op-Alice,Night,2026-07-04 11:29,1,Dimensional Deviation,REWORK
BAT-10486,M-04,Line-2,PROD-B20,96.1,7.14,1480,3.77,55.6,Op-David,Night,2026-08-04 11:29,1,Dimensional Deviation,REWORK
BAT-10487,M-02,Line-1,PROD-B20,76.4,8.17,1267,2.45,52.2,Op-Alice,Night,2026-05-19 11:29,0,None,PASS
BAT-10488,M-07,Line-4,PROD-C30,78.3,5.73,1446,3.61,60.4,Op-Bob,Morning,2026-04-21 11:29,0,None,PASS
BAT-10489,M-04,Line-2,PROD-C30,86.7,10.25,1251,3.38,59.9,Op-Frank,Morning,2026-07-28 11:29,0,None,PASS
BAT-10490,M-04,Line-2,PROD-B20,91.2,9.32,1344,4.49,66.4,Op-Frank,Afternoon,2026-04-26 11:29,1,Surface Crack,SCRAP
BAT-10491,M-04,Line-2,PROD-D40,91.9,9.32,1364,5.95,71.4,Op-David,Morning,2026-04-12 11:29,1,Surface Crack,REWORK
BAT-10492,M-01,Line-1,PROD-C30,72.5,8.55,1213,1.96,45.9,Op-Charlie,Morning,2026-05-20 11:29,0,None,PASS
BAT-10493,M-07,Line-4,PROD-C30,78.1,6.08,1347,3.64,46.3,Op-Elena,Night,2026-03-26 11:29,0,None,PASS
BAT-10494,M-02,Line-1,PROD-A10,71.5,9.07,1199,2.7,51.1,Op-Elena,Morning,2026-02-13 11:29,0,None,PASS
BAT-10495,M-01,Line-1,PROD-A10,74.6,8.82,1231,2.41,45.2,Op-David,Night,2026-04-24 11:29,0,None,PASS
BAT-10496,M-07,Line-4,PROD-D40,71.1,5.35,1400,2.7,51.1,Op-Frank,Afternoon,2026-03-03 11:29,0,None,PASS
BAT-10497,M-03,Line-2,PROD-C30,73.1,8.08,1136,0.94,43.1,Op-Alice,Afternoon,2026-03-02 11:29,0,None,PASS
BAT-10498,M-04,Line-2,PROD-B20,86.9,10.51,1404,4.92,66.8,Op-Elena,Afternoon,2026-05-21 11:29,1,Surface Crack,SCRAP
BAT-10499,M-02,Line-1,PROD-C30,69.6,8.41,1217,1.64,47.6,Op-Frank,Afternoon,2026-04-12 11:29,1,Surface Crack,SCRAP
BAT-10500,M-02,Line-1,PROD-D40,76.5,8.03,1233,2.3,46.7,Op-Elena,Night,2026-02-24 11:29,0,None,PASS
BAT-10501,M-03,Line-2,PROD-A10,73.8,9.09,1233,1.73,51.9,Op-Alice,Night,2026-03-17 11:29,0,None,PASS
BAT-10502,M-03,Line-2,PROD-D40,78.5,8.03,1193,2.71,47.2,Op-Charlie,Night,2026-06-22 11:29,0,None,PASS
BAT-10503,M-05,Line-3,PROD-B20,78.6,8.4,1242,2.46,57.1,Op-Charlie,Morning,2026-04-19 11:29,0,None,PASS
BAT-10504,M-02,Line-1,PROD-A10,69.4,8.21,1261,1.85,48.8,Op-Charlie,Afternoon,2026-04-20 11:29,0,None,PASS
BAT-10505,M-05,Line-3,PROD-A10,75.1,8.71,1267,2.17,44.2,Op-David,Afternoon,2026-06-20 11:29,0,None,PASS
BAT-10506,M-08,Line-4,PROD-B20,75.5,8.4,1189,1.83,51.6,Op-Charlie,Morning,2026-04-16 11:29,0,None,PASS
BAT-10507,M-02,Line-1,PROD-B20,78.9,8.97,1290,3.1,41.4,Op-Frank,Night,2026-02-10 11:29,1,Surface Crack,REWORK
BAT-10508,M-08,Line-4,PROD-C30,75.5,7.94,1173,1.89,50.8,Op-David,Morning,2026-03-27 11:29,0,None,PASS
BAT-10509,M-01,Line-1,PROD-D40,71.5,8.18,1266,2.21,51.1,Op-Bob,Afternoon,2026-04-14 11:29,0,None,PASS
BAT-10510,M-06,Line-3,PROD-C30,74.9,8.59,1201,2.19,46.7,Op-Alice,Night,2026-05-16 11:29,0,None,PASS
BAT-10511,M-01,Line-1,PROD-B20,76.0,9.1,1153,1.86,48.7,Op-Bob,Night,2026-02-21 11:29,0,None,PASS
BAT-10512,M-02,Line-1,PROD-D40,74.5,8.2,1238,2.48,47.0,Op-Charlie,Afternoon,2026-05-04 11:29,0,None,PASS
BAT-10513,M-08,Line-4,PROD-A10,72.2,8.71,1126,2.28,50.4,Op-Charlie,Morning,2026-04-25 11:29,0,None,PASS
BAT-10514,M-05,Line-3,PROD-B20,77.0,9.18,1204,2.22,49.0,Op-David,Afternoon,2026-07-11 11:29,0,None,PASS
BAT-10515,M-04,Line-2,PROD-B20,80.6,10.99,1549,3.83,66.3,Op-Bob,Morning,2026-05-25 11:29,1,Surface Crack,REWORK
BAT-10516,M-01,Line-1,PROD-C30,77.8,7.98,1121,2.26,50.8,Op-Alice,Night,2026-05-17 11:29,0,None,PASS
BAT-10517,M-05,Line-3,PROD-A10,76.4,8.49,1170,2.33,51.5,Op-Bob,Night,2026-04-11 11:29,0,None,PASS
BAT-10518,M-01,Line-1,PROD-B20,70.8,8.22,1211,2.39,46.8,Op-Frank,Afternoon,2026-03-05 11:29,1,Dimensional Deviation,SCRAP
BAT-10519,M-07,Line-4,PROD-C30,81.3,4.99,1352,3.54,44.2,Op-David,Night,2026-03-03 11:29,0,None,PASS
BAT-10520,M-03,Line-2,PROD-D40,75.3,8.29,1208,2.71,49.1,Op-Alice,Night,2026-07-05 11:29,1,Dimensional Deviation,REWORK
BAT-10521,M-05,Line-3,PROD-C30,76.1,8.0,1161,2.92,54.7,Op-David,Night,2026-05-04 11:29,0,None,PASS
BAT-10522,M-05,Line-3,PROD-B20,71.7,8.76,1287,1.72,50.8,Op-Alice,Morning,2026-03-16 11:29,0,None,PASS
BAT-10523,M-02,Line-1,PROD-B20,74.9,9.48,1209,2.31,43.3,Op-Alice,Morning,2026-06-05 11:29,0,None,PASS
BAT-10524,M-07,Line-4,PROD-A10,76.4,3.77,1428,3.51,56.7,Op-Elena,Afternoon,2026-04-04 11:29,1,Dimensional Deviation,REWORK
BAT-10525,M-02,Line-1,PROD-A10,72.7,9.16,1314,2.34,48.8,Op-Bob,Night,2026-04-28 11:29,0,None,PASS
BAT-10526,M-01,Line-1,PROD-B20,78.9,8.59,1172,1.74,43.7,Op-Charlie,Morning,2026-03-05 11:29,0,None,PASS
BAT-10527,M-06,Line-3,PROD-D40,75.4,9.3,1149,2.74,42.5,Op-Elena,Morning,2026-08-02 11:29,0,None,PASS
BAT-10528,M-03,Line-2,PROD-A10,68.9,9.0,1193,2.04,47.4,Op-David,Afternoon,2026-07-02 11:29,0,None,PASS
BAT-10529,M-04,Line-2,PROD-A10,89.9,8.84,1566,3.67,66.0,Op-David,Morning,2026-03-17 11:29,1,Dimensional Deviation,REWORK
BAT-10530,M-04,Line-2,PROD-B20,85.0,8.82,1412,6.55,70.4,Op-Bob,Afternoon,2026-05-16 11:29,1,Surface Crack,SCRAP
BAT-10531,M-02,Line-1,PROD-C30,68.7,8.83,1165,2.13,43.4,Op-Alice,Morning,2026-02-26 11:29,0,None,PASS
BAT-10532,M-08,Line-4,PROD-B20,73.5,9.08,1281,1.43,43.5,Op-Alice,Afternoon,2026-03-13 11:29,1,Porosity,REWORK
BAT-10533,M-07,Line-4,PROD-D40,78.6,6.76,1359,2.83,54.6,Op-David,Morning,2026-05-18 11:29,0,None,PASS
BAT-10534,M-03,Line-2,PROD-C30,69.5,9.35,1172,1.62,46.6,Op-Bob,Morning,2026-04-21 11:29,0,None,PASS
BAT-10535,M-03,Line-2,PROD-A10,74.1,9.68,1263,2.51,48.9,Op-Elena,Night,2026-07-17 11:29,0,None,PASS
BAT-10536,M-05,Line-3,PROD-D40,75.3,8.2,1200,2.7,51.2,Op-David,Night,2026-06-12 11:29,0,None,PASS
BAT-10537,M-05,Line-3,PROD-D40,70.5,8.85,1277,2.89,57.1,Op-Bob,Afternoon,2026-04-02 11:29,0,None,PASS
BAT-10538,M-04,Line-2,PROD-A10,82.0,10.7,1470,4.47,62.3,Op-David,Night,2026-05-12 11:29,1,Surface Crack,SCRAP
BAT-10539,M-06,Line-3,PROD-C30,74.3,8.49,1302,2.37,45.3,Op-David,Afternoon,2026-03-28 11:29,1,Contamination,REWORK
BAT-10540,M-05,Line-3,PROD-A10,72.2,9.36,1215,2.31,45.6,Op-David,Night,2026-05-12 11:29,0,None,PASS
BAT-10541,M-04,Line-2,PROD-B20,83.6,10.23,1457,4.13,55.6,Op-Alice,Morning,2026-07-28 11:29,1,Surface Crack,REWORK
BAT-10542,M-01,Line-1,PROD-B20,77.2,8.71,1265,2.53,50.3,Op-Elena,Afternoon,2026-05-11 11:29,0,None,PASS
BAT-10543,M-03,Line-2,PROD-B20,74.8,9.74,1250,2.58,50.3,Op-Bob,Night,2026-05-02 11:29,0,None,PASS
BAT-10544,M-06,Line-3,PROD-A10,78.4,8.88,1140,1.89,48.5,Op-Frank,Night,2026-05-11 11:29,0,None,PASS
BAT-10545,M-03,Line-2,PROD-B20,74.4,8.36,1153,2.2,47.5,Op-David,Night,2026-04-30 11:29,0,None,PASS
BAT-10546,M-01,Line-1,PROD-A10,73.5,8.69,1177,1.88,48.0,Op-Alice,Morning,2026-07-14 11:29,0,None,PASS
BAT-10547,M-08,Line-4,PROD-A10,79.6,8.68,1256,3.07,48.7,Op-Charlie,Night,2026-04-02 11:29,0,None,PASS
BAT-10548,M-06,Line-3,PROD-B20,72.8,9.01,1136,1.57,48.5,Op-Charlie,Morning,2026-02-15 11:29,0,None,PASS
BAT-10549,M-03,Line-2,PROD-A10,68.7,9.18,1272,2.49,46.8,Op-Elena,Afternoon,2026-02-28 11:29,0,None,PASS
BAT-10550,M-07,Line-4,PROD-A10,78.4,6.91,1281,1.38,60.7,Op-Charlie,Afternoon,2026-05-03 11:29,1,Dimensional Deviation,REWORK
BAT-10551,M-07,Line-4,PROD-D40,77.3,6.89,1309,2.97,57.6,Op-Frank,Afternoon,2026-03-26 11:29,0,None,PASS
BAT-10552,M-06,Line-3,PROD-B20,72.9,7.94,1232,3.22,46.6,Op-Frank,Night,2026-03-26 11:29,0,None,PASS
BAT-10553,M-05,Line-3,PROD-B20,75.5,8.85,1185,2.46,52.9,Op-Bob,Night,2026-02-10 11:29,0,None,PASS
BAT-10554,M-07,Line-4,PROD-A10,80.6,6.59,1361,2.73,53.2,Op-Bob,Night,2026-05-02 11:29,0,None,PASS
BAT-10555,M-04,Line-2,PROD-A10,72.0,8.83,1566,5.35,63.9,Op-David,Morning,2026-05-05 11:29,1,Dimensional Deviation,REWORK
BAT-10556,M-06,Line-3,PROD-B20,67.4,8.34,1261,1.63,41.1,Op-Frank,Morning,2026-07-31 11:29,0,None,PASS
BAT-10557,M-06,Line-3,PROD-D40,70.9,9.65,1281,2.06,50.7,Op-Alice,Afternoon,2026-04-04 11:29,0,None,PASS
BAT-10558,M-02,Line-1,PROD-C30,77.0,8.29,1137,1.78,49.7,Op-Charlie,Morning,2026-02-10 11:29,1,Porosity,SCRAP
BAT-10559,M-03,Line-2,PROD-D40,74.8,8.94,1275,2.65,43.6,Op-David,Afternoon,2026-05-10 11:29,0,None,PASS
BAT-10560,M-02,Line-1,PROD-D40,80.0,7.86,1126,2.19,48.5,Op-Elena,Night,2026-08-04 11:29,0,None,PASS
BAT-10561,M-08,Line-4,PROD-A10,74.3,8.54,1151,2.36,48.9,Op-Alice,Afternoon,2026-02-15 11:29,0,None,PASS
BAT-10562,M-02,Line-1,PROD-A10,75.4,7.34,1208,1.8,48.2,Op-Charlie,Morning,2026-05-17 11:29,0,None,PASS
BAT-10563,M-02,Line-1,PROD-A10,78.8,8.71,1250,2.52,46.8,Op-Charlie,Night,2026-07-17 11:29,0,None,PASS
BAT-10564,M-01,Line-1,PROD-D40,72.6,8.2,1181,2.62,45.0,Op-Frank,Morning,2026-07-15 11:29,0,None,PASS
BAT-10565,M-03,Line-2,PROD-A10,77.3,9.56,1154,2.95,48.3,Op-Alice,Afternoon,2026-04-03 11:29,0,None,PASS
BAT-10566,M-07,Line-4,PROD-C30,75.5,4.01,1450,2.29,60.9,Op-Frank,Afternoon,2026-04-27 11:29,1,Dimensional Deviation,REWORK
BAT-10567,M-08,Line-4,PROD-B20,70.3,9.23,1261,3.02,44.1,Op-Alice,Afternoon,2026-02-10 11:29,0,None,PASS
BAT-10568,M-05,Line-3,PROD-D40,73.3,8.83,1188,2.5,46.5,Op-Bob,Morning,2026-02-16 11:29,0,None,PASS
BAT-10569,M-05,Line-3,PROD-A10,74.0,8.99,1174,2.92,44.9,Op-David,Morning,2026-04-29 11:29,0,None,PASS
BAT-10570,M-08,Line-4,PROD-D40,75.4,8.69,1255,2.53,45.2,Op-Frank,Afternoon,2026-03-05 11:29,0,None,PASS
BAT-10571,M-07,Line-4,PROD-B20,77.0,7.87,1417,2.51,48.1,Op-Charlie,Afternoon,2026-05-15 11:29,1,Dimensional Deviation,REWORK
BAT-10572,M-08,Line-4,PROD-D40,72.3,7.71,1268,2.24,51.1,Op-Charlie,Morning,2026-04-19 11:29,0,None,PASS
BAT-10573,M-03,Line-2,PROD-A10,74.5,8.9,1181,1.81,47.1,Op-Alice,Night,2026-05-09 11:29,0,None,PASS
BAT-10574,M-07,Line-4,PROD-B20,72.7,4.58,1348,3.72,51.4,Op-Elena,Morning,2026-05-20 11:29,0,None,PASS
BAT-10575,M-07,Line-4,PROD-D40,74.1,6.56,1365,2.63,58.9,Op-Elena,Morning,2026-06-11 11:29,1,Dimensional Deviation,REWORK
BAT-10576,M-01,Line-1,PROD-B20,72.6,8.81,1224,1.93,48.6,Op-Alice,Afternoon,2026-03-26 11:29,0,None,PASS
BAT-10577,M-03,Line-2,PROD-B20,68.8,8.68,1309,2.1,46.6,Op-Bob,Morning,2026-02-20 11:29,0,None,PASS
BAT-10578,M-07,Line-4,PROD-B20,77.5,6.68,1440,2.69,58.9,Op-Frank,Morning,2026-07-12 11:29,1,Dimensional Deviation,SCRAP
BAT-10579,M-02,Line-1,PROD-A10,75.9,9.11,1249,2.41,43.4,Op-David,Night,2026-05-22 11:29,0,None,PASS
BAT-10580,M-05,Line-3,PROD-D40,75.5,9.5,1194,2.58,52.2,Op-Alice,Night,2026-07-19 11:29,0,None,PASS
BAT-10581,M-07,Line-4,PROD-A10,75.0,9.68,1369,3.62,61.4,Op-David,Morning,2026-03-19 11:29,0,None,PASS
BAT-10582,M-02,Line-1,PROD-A10,72.5,8.76,1231,2.04,51.7,Op-Elena,Morning,2026-04-24 11:29,0,None,PASS
BAT-10583,M-06,Line-3,PROD-D40,73.2,8.31,1224,2.45,51.7,Op-Charlie,Afternoon,2026-07-27 11:29,0,None,PASS
BAT-10584,M-08,Line-4,PROD-A10,74.2,8.69,1147,2.01,51.2,Op-Bob,Afternoon,2026-05-24 11:29,0,None,PASS
BAT-10585,M-07,Line-4,PROD-A10,79.1,5.47,1451,3.1,57.1,Op-David,Afternoon,2026-08-05 11:29,1,Dimensional Deviation,SCRAP
BAT-10586,M-05,Line-3,PROD-C30,70.6,7.97,1087,2.12,51.8,Op-Alice,Afternoon,2026-04-28 11:29,0,None,PASS
BAT-10587,M-08,Line-4,PROD-A10,79.8,8.51,1205,3.4,52.0,Op-Bob,Morning,2026-04-27 11:29,0,None,PASS
BAT-10588,M-08,Line-4,PROD-C30,78.9,8.41,1232,3.08,46.1,Op-Charlie,Night,2026-05-27 11:29,0,None,PASS
BAT-10589,M-02,Line-1,PROD-B20,71.9,7.59,1216,2.44,51.2,Op-David,Morning,2026-05-25 11:29,0,None,PASS
BAT-10590,M-06,Line-3,PROD-A10,70.5,8.4,1231,2.05,50.7,Op-Elena,Morning,2026-02-26 11:29,0,None,PASS
BAT-10591,M-07,Line-4,PROD-B20,80.3,4.81,1336,3.64,44.1,Op-Elena,Night,2026-02-17 11:29,1,Dimensional Deviation,SCRAP
BAT-10592,M-04,Line-2,PROD-A10,83.5,9.35,1368,5.0,75.7,Op-Bob,Morning,2026-06-06 11:29,1,Surface Crack,REWORK
BAT-10593,M-04,Line-2,PROD-C30,93.8,10.08,1417,4.91,70.3,Op-Charlie,Afternoon,2026-06-19 11:29,1,Surface Crack,SCRAP
BAT-10594,M-01,Line-1,PROD-B20,74.6,7.79,1222,2.1,45.7,Op-Charlie,Afternoon,2026-07-12 11:29,0,None,PASS
BAT-10595,M-08,Line-4,PROD-C30,72.6,9.1,1187,2.37,44.9,Op-Charlie,Morning,2026-04-17 11:29,0,None,PASS
BAT-10596,M-02,Line-1,PROD-C30,74.6,7.94,1180,1.8,41.3,Op-Alice,Afternoon,2026-02-22 11:29,0,None,PASS
BAT-10597,M-04,Line-2,PROD-B20,83.6,9.65,1390,2.52,60.7,Op-Frank,Morning,2026-08-02 11:29,1,Dimensional Deviation,SCRAP
BAT-10598,M-01,Line-1,PROD-A10,73.0,8.74,1169,1.63,49.3,Op-David,Morning,2026-07-25 11:29,0,None,PASS
BAT-10599,M-01,Line-1,PROD-B20,78.8,8.89,1191,2.28,49.0,Op-Charlie,Night,2026-04-29 11:29,0,None,PASS
BAT-10600,M-05,Line-3,PROD-D40,72.4,8.15,1171,2.0,42.1,Op-David,Afternoon,2026-06-07 11:29,0,None,PASS
BAT-10601,M-08,Line-4,PROD-C30,76.2,8.15,1233,1.95,48.1,Op-Frank,Night,2026-07-19 11:29,0,None,PASS
BAT-10602,M-02,Line-1,PROD-A10,75.3,8.0,1200,1.54,45.0,Op-Elena,Night,2026-05-16 11:29,0,None,PASS
BAT-10603,M-05,Line-3,PROD-C30,73.7,8.4,1156,1.95,46.4,Op-Frank,Morning,2026-06-13 11:29,1,Color Variance,SCRAP
BAT-10604,M-05,Line-3,PROD-C30,78.3,8.32,1263,2.37,42.1,Op-Frank,Night,2026-07-26 11:29,0,None,PASS
BAT-10605,M-03,Line-2,PROD-B20,76.2,8.5,1186,2.78,52.1,Op-Alice,Night,2026-05-24 11:29,0,None,PASS
BAT-10606,M-03,Line-2,PROD-A10,72.9,9.19,1197,1.53,46.7,Op-Frank,Afternoon,2026-04-26 11:29,0,None,PASS
BAT-10607,M-07,Line-4,PROD-D40,74.7,8.45,1412,4.05,60.5,Op-David,Night,2026-02-19 11:29,0,None,PASS
BAT-10608,M-04,Line-2,PROD-C30,84.1,10.6,1320,4.41,76.0,Op-Frank,Night,2026-04-07 11:29,1,Surface Crack,SCRAP
BAT-10609,M-08,Line-4,PROD-C30,73.5,8.37,1174,1.81,48.0,Op-Elena,Afternoon,2026-03-25 11:29,0,None,PASS
BAT-10610,M-03,Line-2,PROD-C30,75.2,8.49,1239,2.01,44.8,Op-Alice,Afternoon,2026-03-14 11:29,0,None,PASS
BAT-10611,M-03,Line-2,PROD-C30,76.5,7.9,1217,2.16,43.6,Op-Frank,Morning,2026-04-07 11:29,0,None,PASS
BAT-10612,M-05,Line-3,PROD-D40,75.0,8.53,1237,1.51,54.0,Op-Charlie,Afternoon,2026-04-17 11:29,0,None,PASS
BAT-10613,M-08,Line-4,PROD-A10,73.5,8.75,1217,1.49,40.6,Op-David,Morning,2026-07-22 11:29,0,None,PASS
BAT-10614,M-02,Line-1,PROD-D40,74.4,7.15,1241,2.01,47.0,Op-Bob,Night,2026-03-12 11:29,0,None,PASS
BAT-10615,M-07,Line-4,PROD-C30,71.3,5.65,1425,2.64,62.0,Op-David,Morning,2026-03-20 11:29,1,Dimensional Deviation,REWORK
BAT-10616,M-07,Line-4,PROD-D40,76.8,7.73,1340,3.7,52.2,Op-Bob,Afternoon,2026-03-28 11:29,0,None,PASS
BAT-10617,M-08,Line-4,PROD-C30,73.2,9.26,1146,2.75,50.3,Op-Frank,Morning,2026-05-01 11:29,0,None,PASS
BAT-10618,M-01,Line-1,PROD-D40,72.4,8.13,1204,1.81,54.7,Op-Charlie,Morning,2026-03-25 11:29,0,None,PASS
BAT-10619,M-03,Line-2,PROD-D40,75.4,9.07,1207,2.07,55.4,Op-Alice,Morning,2026-07-17 11:29,0,None,PASS
BAT-10620,M-07,Line-4,PROD-D40,74.4,5.99,1406,3.36,49.1,Op-David,Afternoon,2026-05-19 11:29,1,Dimensional Deviation,REWORK
BAT-10621,M-06,Line-3,PROD-A10,76.0,8.94,1278,2.02,51.6,Op-Charlie,Night,2026-03-30 11:29,1,Surface Crack,SCRAP
BAT-10622,M-04,Line-2,PROD-B20,81.3,10.0,1510,5.64,64.2,Op-Frank,Afternoon,2026-04-30 11:29,1,Surface Crack,REWORK
BAT-10623,M-05,Line-3,PROD-B20,68.0,8.39,1251,1.86,50.2,Op-Alice,Morning,2026-04-27 11:29,0,None,PASS
BAT-10624,M-08,Line-4,PROD-C30,72.1,8.47,1224,2.56,55.4,Op-David,Night,2026-03-16 11:29,0,None,PASS
BAT-10625,M-08,Line-4,PROD-C30,73.4,9.16,1218,2.06,45.1,Op-Bob,Morning,2026-05-24 11:29,1,Dimensional Deviation,SCRAP
BAT-10626,M-03,Line-2,PROD-B20,74.8,8.68,1133,2.86,48.8,Op-Frank,Morning,2026-07-10 11:29,0,None,PASS
BAT-10627,M-02,Line-1,PROD-C30,76.2,8.76,1124,2.01,56.1,Op-Frank,Night,2026-02-19 11:29,0,None,PASS
BAT-10628,M-05,Line-3,PROD-A10,74.2,8.66,1152,2.62,49.5,Op-Elena,Morning,2026-07-29 11:29,0,None,PASS
BAT-10629,M-01,Line-1,PROD-A10,78.1,10.18,1159,2.65,49.0,Op-Frank,Morning,2026-05-27 11:29,0,None,PASS
BAT-10630,M-02,Line-1,PROD-C30,74.1,8.85,1204,1.56,44.7,Op-David,Night,2026-03-21 11:29,0,None,PASS
BAT-10631,M-01,Line-1,PROD-C30,76.7,7.57,1211,1.69,39.7,Op-David,Night,2026-03-07 11:29,0,None,PASS
BAT-10632,M-05,Line-3,PROD-B20,73.7,9.45,1317,1.97,49.5,Op-David,Morning,2026-06-20 11:29,0,None,PASS
BAT-10633,M-02,Line-1,PROD-C30,72.4,8.36,1238,1.02,48.1,Op-Alice,Morning,2026-06-17 11:29,0,None,PASS
BAT-10634,M-04,Line-2,PROD-C30,84.6,9.13,1525,3.25,66.5,Op-Elena,Morning,2026-05-12 11:29,1,Dimensional Deviation,REWORK
BAT-10635,M-01,Line-1,PROD-D40,74.7,9.68,1145,2.09,40.6,Op-Bob,Night,2026-06-13 11:29,0,None,PASS
BAT-10636,M-01,Line-1,PROD-A10,74.5,8.44,1222,2.41,52.1,Op-Frank,Morning,2026-03-10 11:29,0,None,PASS
BAT-10637,M-08,Line-4,PROD-B20,72.6,8.02,1082,2.64,44.8,Op-Alice,Night,2026-03-01 11:29,0,None,PASS
BAT-10638,M-02,Line-1,PROD-C30,76.2,8.58,1251,2.48,56.8,Op-Frank,Morning,2026-06-06 11:29,0,None,PASS
BAT-10639,M-05,Line-3,PROD-C30,73.0,8.95,1336,2.47,47.6,Op-David,Morning,2026-03-07 11:29,0,None,PASS
BAT-10640,M-01,Line-1,PROD-C30,76.2,8.33,1215,2.4,50.8,Op-Charlie,Night,2026-05-01 11:29,0,None,PASS
BAT-10641,M-02,Line-1,PROD-A10,73.4,8.97,1222,2.48,44.2,Op-Alice,Morning,2026-03-17 11:29,0,None,PASS
BAT-10642,M-03,Line-2,PROD-C30,75.9,9.16,1168,2.23,45.7,Op-Charlie,Afternoon,2026-07-19 11:29,0,None,PASS
BAT-10643,M-02,Line-1,PROD-C30,73.6,8.38,1215,1.48,46.5,Op-Charlie,Morning,2026-03-11 11:29,0,None,PASS
BAT-10644,M-08,Line-4,PROD-C30,74.1,8.42,1191,1.57,53.9,Op-David,Night,2026-06-12 11:29,0,None,PASS
BAT-10645,M-03,Line-2,PROD-A10,75.5,9.03,1213,2.76,52.6,Op-Bob,Night,2026-02-25 11:29,0,None,PASS
BAT-10646,M-03,Line-2,PROD-A10,75.7,8.81,1235,2.13,47.3,Op-David,Night,2026-06-13 11:29,0,None,PASS
BAT-10647,M-08,Line-4,PROD-B20,72.5,8.53,1213,2.34,42.0,Op-Elena,Afternoon,2026-05-12 11:29,0,None,PASS
BAT-10648,M-03,Line-2,PROD-D40,77.0,8.35,1257,1.79,47.3,Op-David,Morning,2026-05-26 11:29,0,None,PASS
BAT-10649,M-02,Line-1,PROD-C30,72.1,9.38,1141,2.56,54.5,Op-Frank,Afternoon,2026-02-13 11:29,0,None,PASS
BAT-10650,M-04,Line-2,PROD-C30,84.7,9.48,1305,4.6,67.3,Op-Elena,Night,2026-08-05 11:29,1,Surface Crack,REWORK
BAT-10651,M-04,Line-2,PROD-D40,86.4,10.11,1321,6.16,61.8,Op-Charlie,Night,2026-08-02 11:29,1,Surface Crack,REWORK
BAT-10652,M-01,Line-1,PROD-A10,73.3,8.65,1216,2.82,47.8,Op-Frank,Morning,2026-06-19 11:29,0,None,PASS
BAT-10653,M-08,Line-4,PROD-B20,74.0,8.91,1283,2.46,49.5,Op-Alice,Afternoon,2026-05-03 11:29,0,None,PASS
BAT-10654,M-05,Line-3,PROD-A10,68.1,8.34,1175,2.22,47.9,Op-Elena,Morning,2026-06-30 11:29,0,None,PASS
BAT-10655,M-07,Line-4,PROD-B20,77.2,6.94,1314,3.89,51.8,Op-Alice,Afternoon,2026-06-03 11:29,0,None,PASS
BAT-10656,M-08,Line-4,PROD-A10,69.3,8.66,1261,2.13,47.6,Op-David,Afternoon,2026-05-01 11:29,0,None,PASS
BAT-10657,M-08,Line-4,PROD-A10,73.4,9.09,1177,1.98,41.8,Op-Alice,Afternoon,2026-05-26 11:29,0,None,PASS
BAT-10658,M-01,Line-1,PROD-A10,76.6,8.51,1150,2.4,47.8,Op-Elena,Night,2026-07-23 11:29,0,None,PASS
BAT-10659,M-04,Line-2,PROD-D40,81.6,8.95,1367,5.11,64.6,Op-Charlie,Afternoon,2026-02-23 11:29,1,Surface Crack,SCRAP
BAT-10660,M-06,Line-3,PROD-D40,72.2,9.57,1202,2.5,51.7,Op-Frank,Night,2026-05-14 11:29,0,None,PASS
BAT-10661,M-02,Line-1,PROD-A10,70.1,7.1,1235,2.54,49.0,Op-Frank,Morning,2026-02-10 11:29,0,None,PASS
BAT-10662,M-05,Line-3,PROD-C30,72.3,7.81,1174,1.66,48.6,Op-Frank,Morning,2026-02-21 11:29,0,None,PASS
BAT-10663,M-08,Line-4,PROD-B20,69.0,8.17,1159,2.69,47.0,Op-Frank,Night,2026-05-25 11:29,0,None,PASS
BAT-10664,M-04,Line-2,PROD-B20,88.1,9.95,1391,4.21,68.2,Op-Alice,Afternoon,2026-04-06 11:29,1,Surface Crack,SCRAP
BAT-10665,M-06,Line-3,PROD-A10,72.8,8.76,1128,2.84,38.4,Op-David,Morning,2026-07-22 11:29,0,None,PASS
BAT-10666,M-02,Line-1,PROD-D40,81.8,8.58,1220,2.75,41.9,Op-David,Night,2026-07-10 11:29,0,None,PASS
BAT-10667,M-03,Line-2,PROD-D40,79.3,8.29,1232,1.7,41.7,Op-Alice,Night,2026-02-22 11:29,0,None,PASS
BAT-10668,M-07,Line-4,PROD-D40,79.2,8.11,1430,2.37,52.3,Op-Elena,Morning,2026-08-06 11:29,0,None,PASS
BAT-10669,M-03,Line-2,PROD-A10,72.2,8.68,1308,2.38,50.0,Op-David,Night,2026-07-13 11:29,0,None,PASS
BAT-10670,M-06,Line-3,PROD-D40,77.6,8.7,1283,2.29,50.5,Op-David,Night,2026-08-06 11:29,0,None,PASS
BAT-10671,M-05,Line-3,PROD-D40,73.3,8.98,1196,2.5,47.8,Op-Charlie,Afternoon,2026-06-05 11:29,0,None,PASS
BAT-10672,M-03,Line-2,PROD-D40,79.7,8.74,1252,2.41,44.4,Op-Elena,Night,2026-06-21 11:29,0,None,PASS
BAT-10673,M-06,Line-3,PROD-B20,71.3,7.59,1205,1.56,45.6,Op-Bob,Morning,2026-07-19 11:29,0,None,PASS
BAT-10674,M-06,Line-3,PROD-B20,72.5,7.54,1223,1.89,48.2,Op-Frank,Night,2026-03-27 11:29,0,None,PASS
BAT-10675,M-06,Line-3,PROD-A10,76.5,8.37,1218,1.95,54.0,Op-Charlie,Night,2026-06-12 11:29,0,None,PASS
BAT-10676,M-07,Line-4,PROD-C30,77.5,7.89,1316,3.62,53.3,Op-David,Morning,2026-06-23 11:29,0,None,PASS
BAT-10677,M-07,Line-4,PROD-B20,74.0,4.72,1359,4.21,50.1,Op-Alice,Night,2026-02-24 11:29,1,Dimensional Deviation,SCRAP
BAT-10678,M-03,Line-2,PROD-C30,72.5,7.98,1223,1.78,47.7,Op-Frank,Afternoon,2026-03-19 11:29,0,None,PASS
BAT-10679,M-05,Line-3,PROD-B20,75.8,8.5,1189,1.85,48.2,Op-Elena,Morning,2026-05-12 11:29,0,None,PASS
BAT-10680,M-02,Line-1,PROD-B20,75.1,8.65,1272,1.6,43.8,Op-Frank,Night,2026-07-03 11:29,0,None,PASS
BAT-10681,M-05,Line-3,PROD-A10,73.7,9.21,1161,2.09,44.9,Op-David,Afternoon,2026-05-27 11:29,0,None,PASS
BAT-10682,M-06,Line-3,PROD-A10,74.0,7.71,1251,2.91,52.4,Op-Alice,Night,2026-04-15 11:29,0,None,PASS
BAT-10683,M-08,Line-4,PROD-B20,75.8,8.84,1180,2.64,41.4,Op-Frank,Night,2026-07-25 11:29,0,None,PASS
BAT-10684,M-04,Line-2,PROD-B20,84.8,10.76,1449,5.35,83.9,Op-Charlie,Afternoon,2026-03-27 11:29,0,None,PASS
BAT-10685,M-02,Line-1,PROD-B20,71.5,8.13,1184,2.26,39.9,Op-Bob,Night,2026-06-21 11:29,0,None,PASS
BAT-10686,M-01,Line-1,PROD-D40,73.5,8.76,1239,2.45,50.3,Op-Charlie,Night,2026-04-18 11:29,0,None,PASS
BAT-10687,M-05,Line-3,PROD-A10,77.0,8.3,1304,2.21,45.9,Op-Charlie,Afternoon,2026-03-21 11:29,1,Color Variance,REWORK
BAT-10688,M-05,Line-3,PROD-D40,75.5,8.2,1227,2.25,40.8,Op-Elena,Night,2026-05-12 11:29,1,Color Variance,REWORK
BAT-10689,M-03,Line-2,PROD-A10,79.1,8.75,1175,1.15,48.6,Op-Elena,Morning,2026-05-27 11:29,0,None,PASS
BAT-10690,M-07,Line-4,PROD-A10,76.6,5.34,1393,3.32,54.3,Op-Charlie,Morning,2026-04-05 11:29,0,None,PASS
BAT-10691,M-06,Line-3,PROD-C30,76.0,8.76,1186,2.31,51.4,Op-Charlie,Morning,2026-07-18 11:29,0,None,PASS
BAT-10692,M-01,Line-1,PROD-A10,74.8,8.52,1244,1.56,50.0,Op-Frank,Afternoon,2026-06-04 11:29,0,None,PASS
BAT-10693,M-04,Line-2,PROD-A10,89.1,8.92,1451,5.34,67.1,Op-Frank,Afternoon,2026-05-18 11:29,1,Surface Crack,SCRAP
BAT-10694,M-07,Line-4,PROD-C30,83.2,5.56,1322,3.91,64.2,Op-Elena,Night,2026-04-23 11:29,1,Surface Crack,REWORK
BAT-10695,M-06,Line-3,PROD-D40,75.5,8.73,1122,2.18,46.6,Op-David,Morning,2026-04-26 11:29,0,None,PASS
BAT-10696,M-04,Line-2,PROD-C30,89.4,11.07,1330,2.36,74.4,Op-Elena,Morning,2026-03-06 11:29,1,Color Variance,SCRAP
BAT-10697,M-04,Line-2,PROD-B20,79.9,9.9,1376,5.19,55.5,Op-Frank,Afternoon,2026-03-08 11:29,0,None,PASS
BAT-10698,M-07,Line-4,PROD-A10,83.5,6.94,1315,1.99,47.4,Op-Frank,Night,2026-03-21 11:29,1,Dimensional Deviation,SCRAP
BAT-10699,M-01,Line-1,PROD-A10,74.6,8.88,1240,1.56,40.3,Op-Alice,Morning,2026-03-27 11:29,0,None,PASS
BAT-10700,M-02,Line-1,PROD-B20,74.5,8.44,1152,1.8,49.3,Op-Charlie,Afternoon,2026-05-20 11:29,0,None,PASS
BAT-10701,M-07,Line-4,PROD-D40,79.0,7.97,1371,4.0,49.2,Op-Charlie,Morning,2026-05-20 11:29,0,None,PASS
BAT-10702,M-01,Line-1,PROD-A10,77.0,9.3,1280,1.87,50.1,Op-Frank,Night,2026-02-21 11:29,0,None,PASS
BAT-10703,M-02,Line-1,PROD-C30,75.0,8.65,1227,2.44,49.3,Op-Elena,Morning,2026-04-25 11:29,0,None,PASS
BAT-10704,M-05,Line-3,PROD-A10,75.8,9.09,1238,2.61,49.8,Op-Charlie,Afternoon,2026-05-18 11:29,0,None,PASS
BAT-10705,M-01,Line-1,PROD-D40,78.1,8.0,1222,1.71,44.6,Op-Bob,Night,2026-04-07 11:29,0,None,PASS
BAT-10706,M-07,Line-4,PROD-C30,76.4,5.68,1350,3.59,63.1,Op-Frank,Morning,2026-04-27 11:29,1,Dimensional Deviation,SCRAP
BAT-10707,M-06,Line-3,PROD-A10,72.8,8.31,1189,2.58,51.4,Op-Elena,Night,2026-03-18 11:29,0,None,PASS
BAT-10708,M-01,Line-1,PROD-D40,76.2,8.58,1163,2.98,43.8,Op-Elena,Night,2026-03-03 11:29,0,None,PASS
BAT-10709,M-06,Line-3,PROD-B20,76.2,8.95,1221,2.32,50.6,Op-David,Night,2026-06-21 11:29,0,None,PASS
BAT-10710,M-03,Line-2,PROD-B20,72.6,8.46,1271,2.07,46.6,Op-Elena,Afternoon,2026-03-31 11:29,0,None,PASS
BAT-10711,M-01,Line-1,PROD-D40,73.5,8.36,1258,2.54,50.0,Op-Frank,Night,2026-02-28 11:29,0,None,PASS
BAT-10712,M-02,Line-1,PROD-C30,76.4,8.54,1264,2.93,49.0,Op-Alice,Morning,2026-07-08 11:29,0,None,PASS
BAT-10713,M-06,Line-3,PROD-C30,73.1,8.97,1181,2.67,48.9,Op-Bob,Night,2026-07-27 11:29,0,None,PASS
BAT-10714,M-05,Line-3,PROD-A10,69.7,7.63,1258,1.98,44.9,Op-Bob,Afternoon,2026-06-14 11:29,0,None,PASS
BAT-10715,M-05,Line-3,PROD-B20,77.3,8.55,1207,2.54,49.6,Op-Elena,Night,2026-05-14 11:29,0,None,PASS
BAT-10716,M-07,Line-4,PROD-B20,83.1,4.2,1370,3.04,53.5,Op-Alice,Afternoon,2026-04-14 11:29,0,None,PASS
BAT-10717,M-07,Line-4,PROD-C30,84.0,4.95,1366,2.45,59.0,Op-Charlie,Morning,2026-08-02 11:29,0,None,PASS
BAT-10718,M-08,Line-4,PROD-D40,72.3,8.18,1220,1.87,48.3,Op-David,Afternoon,2026-04-29 11:29,0,None,PASS
BAT-10719,M-02,Line-1,PROD-B20,75.0,8.3,1196,2.89,51.2,Op-Frank,Night,2026-03-02 11:29,0,None,PASS
BAT-10720,M-03,Line-2,PROD-B20,76.0,8.65,1156,2.26,46.8,Op-Charlie,Night,2026-07-20 11:29,0,None,PASS
BAT-10721,M-02,Line-1,PROD-A10,73.4,8.6,1245,2.5,47.2,Op-Elena,Night,2026-02-17 11:29,0,None,PASS
BAT-10722,M-07,Line-4,PROD-B20,85.0,4.27,1335,4.3,51.9,Op-Alice,Night,2026-04-17 11:29,1,Surface Crack,SCRAP
BAT-10723,M-08,Line-4,PROD-B20,77.2,8.81,1268,1.99,47.1,Op-Charlie,Afternoon,2026-04-08 11:29,0,None,PASS
BAT-10724,M-05,Line-3,PROD-B20,72.3,9.52,1177,2.8,45.3,Op-David,Night,2026-06-20 11:29,0,None,PASS
BAT-10725,M-06,Line-3,PROD-A10,72.7,8.63,1196,2.68,52.6,Op-Frank,Morning,2026-07-17 11:29,0,None,PASS
BAT-10726,M-03,Line-2,PROD-D40,78.1,8.31,1285,0.96,46.4,Op-Bob,Morning,2026-07-04 11:29,0,None,PASS
BAT-10727,M-03,Line-2,PROD-D40,77.2,8.27,1177,2.24,52.4,Op-Charlie,Morning,2026-04-07 11:29,0,None,PASS
BAT-10728,M-04,Line-2,PROD-A10,86.9,9.4,1366,5.27,81.6,Op-Charlie,Afternoon,2026-04-10 11:29,1,Surface Crack,REWORK
BAT-10729,M-06,Line-3,PROD-D40,70.9,7.59,1082,2.31,51.3,Op-David,Afternoon,2026-02-21 11:29,1,Color Variance,REWORK
BAT-10730,M-05,Line-3,PROD-C30,79.8,8.4,1199,2.31,58.6,Op-Elena,Night,2026-07-05 11:29,0,None,PASS
BAT-10731,M-07,Line-4,PROD-C30,81.5,6.26,1396,3.16,58.5,Op-Elena,Night,2026-03-01 11:29,0,None,PASS
BAT-10732,M-07,Line-4,PROD-B20,74.8,9.15,1298,4.71,58.4,Op-Elena,Afternoon,2026-05-11 11:29,0,None,PASS
BAT-10733,M-06,Line-3,PROD-D40,75.3,8.28,1284,2.78,44.6,Op-David,Night,2026-02-11 11:29,0,None,PASS
BAT-10734,M-03,Line-2,PROD-D40,71.7,8.7,1153,2.11,50.9,Op-Bob,Morning,2026-03-01 11:29,0,None,PASS
BAT-10735,M-05,Line-3,PROD-B20,76.8,9.03,1221,2.38,47.1,Op-Bob,Morning,2026-03-22 11:29,0,None,PASS
BAT-10736,M-02,Line-1,PROD-B20,76.2,9.17,1179,1.87,45.0,Op-David,Afternoon,2026-03-11 11:29,0,None,PASS
BAT-10737,M-08,Line-4,PROD-D40,73.8,8.56,1220,1.67,51.8,Op-Bob,Night,2026-03-23 11:29,0,None,PASS
BAT-10738,M-07,Line-4,PROD-A10,76.3,6.37,1237,3.57,59.8,Op-Bob,Morning,2026-03-14 11:29,0,None,PASS
BAT-10739,M-03,Line-2,PROD-B20,77.5,8.89,1204,2.61,53.6,Op-Frank,Night,2026-02-20 11:29,0,None,PASS
BAT-10740,M-03,Line-2,PROD-A10,75.2,8.87,1235,1.91,45.8,Op-Bob,Afternoon,2026-03-28 11:29,0,None,PASS
BAT-10741,M-07,Line-4,PROD-A10,79.8,9.54,1438,3.56,58.6,Op-Frank,Night,2026-07-29 11:29,0,None,PASS
BAT-10742,M-02,Line-1,PROD-B20,70.4,9.66,1174,2.45,48.0,Op-David,Night,2026-06-10 11:29,0,None,PASS
BAT-10743,M-03,Line-2,PROD-B20,76.0,8.08,1231,1.77,49.2,Op-David,Night,2026-03-18 11:29,0,None,PASS
BAT-10744,M-03,Line-2,PROD-C30,76.7,8.27,1244,2.83,45.5,Op-Bob,Night,2026-08-04 11:29,0,None,PASS
BAT-10745,M-08,Line-4,PROD-A10,73.3,8.67,1161,2.74,44.5,Op-Bob,Afternoon,2026-05-19 11:29,0,None,PASS
BAT-10746,M-01,Line-1,PROD-B20,77.1,8.41,1227,2.27,45.4,Op-Elena,Night,2026-08-04 11:29,0,None,PASS
BAT-10747,M-03,Line-2,PROD-A10,75.8,7.97,1240,1.83,50.7,Op-Bob,Afternoon,2026-07-17 11:29,0,None,PASS
BAT-10748,M-02,Line-1,PROD-A10,76.4,9.11,1201,2.4,43.9,Op-David,Night,2026-03-15 11:29,0,None,PASS
BAT-10749,M-01,Line-1,PROD-D40,71.6,8.92,1210,2.11,38.7,Op-Elena,Afternoon,2026-05-15 11:29,0,None,PASS
BAT-10750,M-07,Line-4,PROD-B20,66.5,5.05,1440,3.75,54.8,Op-David,Afternoon,2026-05-10 11:29,0,None,PASS
BAT-10751,M-02,Line-1,PROD-D40,71.6,9.98,1196,1.42,50.9,Op-Bob,Afternoon,2026-06-12 11:29,0,None,PASS
BAT-10752,M-02,Line-1,PROD-C30,73.4,8.45,1170,2.08,45.9,Op-Elena,Night,2026-05-25 11:29,0,None,PASS
BAT-10753,M-01,Line-1,PROD-A10,70.3,7.57,1243,2.51,50.0,Op-Elena,Night,2026-03-12 11:29,0,None,PASS
BAT-10754,M-07,Line-4,PROD-B20,83.5,5.84,1399,3.16,50.3,Op-Frank,Afternoon,2026-05-25 11:29,1,Dimensional Deviation,REWORK
BAT-10755,M-05,Line-3,PROD-C30,73.0,8.98,1123,2.67,50.6,Op-Elena,Afternoon,2026-07-04 11:29,0,None,PASS
BAT-10756,M-05,Line-3,PROD-D40,73.1,8.81,1194,1.78,51.5,Op-Bob,Afternoon,2026-07-01 11:29,0,None,PASS
BAT-10757,M-08,Line-4,PROD-B20,75.4,8.52,1201,2.51,44.6,Op-Charlie,Night,2026-07-02 11:29,0,None,PASS
BAT-10758,M-05,Line-3,PROD-C30,75.7,8.5,1133,2.09,49.3,Op-Frank,Afternoon,2026-03-17 11:29,0,None,PASS
BAT-10759,M-02,Line-1,PROD-B20,72.2,8.89,1237,2.59,40.4,Op-David,Night,2026-03-23 11:29,0,None,PASS
BAT-10760,M-07,Line-4,PROD-C30,80.6,8.44,1335,3.65,50.6,Op-Elena,Night,2026-08-07 11:29,0,None,PASS
BAT-10761,M-01,Line-1,PROD-B20,74.8,8.32,1231,1.52,37.5,Op-David,Night,2026-02-11 11:29,0,None,PASS
BAT-10762,M-03,Line-2,PROD-D40,72.4,8.63,1179,3.12,49.7,Op-Elena,Afternoon,2026-03-04 11:29,1,Dimensional Deviation,REWORK
BAT-10763,M-01,Line-1,PROD-D40,74.1,8.26,1149,2.13,47.7,Op-David,Night,2026-07-27 11:29,0,None,PASS
BAT-10764,M-01,Line-1,PROD-B20,72.7,8.68,1212,1.43,53.0,Op-Frank,Afternoon,2026-06-02 11:29,1,Contamination,REWORK
BAT-10765,M-01,Line-1,PROD-B20,74.6,8.3,1164,1.6,42.6,Op-Elena,Morning,2026-08-01 11:29,0,None,PASS
BAT-10766,M-04,Line-2,PROD-A10,86.8,10.41,1352,5.28,65.1,Op-Bob,Morning,2026-04-21 11:29,1,Surface Crack,REWORK
BAT-10767,M-07,Line-4,PROD-D40,82.8,5.01,1385,3.9,58.2,Op-Elena,Morning,2026-06-22 11:29,1,Surface Crack,SCRAP
BAT-10768,M-02,Line-1,PROD-C30,75.4,8.39,1243,2.21,47.3,Op-Frank,Night,2026-07-09 11:29,0,None,PASS
BAT-10769,M-05,Line-3,PROD-B20,71.0,8.32,1204,1.77,43.7,Op-Elena,Morning,2026-06-06 11:29,0,None,PASS
BAT-10770,M-01,Line-1,PROD-C30,77.0,8.27,1190,2.1,49.5,Op-Bob,Afternoon,2026-06-19 11:29,0,None,PASS
BAT-10771,M-02,Line-1,PROD-C30,73.1,8.92,1251,1.69,46.0,Op-Charlie,Morning,2026-06-21 11:29,0,None,PASS
BAT-10772,M-05,Line-3,PROD-D40,73.3,8.75,1269,2.01,40.6,Op-David,Night,2026-06-13 11:29,0,None,PASS
BAT-10773,M-06,Line-3,PROD-D40,73.1,9.28,1268,2.53,54.7,Op-Frank,Afternoon,2026-07-10 11:29,0,None,PASS
BAT-10774,M-08,Line-4,PROD-A10,71.2,8.78,1239,2.22,51.5,Op-Charlie,Morning,2026-05-18 11:29,0,None,PASS
BAT-10775,M-04,Line-2,PROD-B20,83.3,10.9,1222,3.38,78.7,Op-Charlie,Afternoon,2026-05-11 11:29,0,None,PASS
BAT-10776,M-01,Line-1,PROD-C30,73.1,8.46,1201,2.55,48.8,Op-Bob,Afternoon,2026-03-05 11:29,0,None,PASS
BAT-10777,M-06,Line-3,PROD-A10,77.1,9.09,1146,2.1,50.3,Op-Elena,Morning,2026-06-11 11:29,0,None,PASS
BAT-10778,M-04,Line-2,PROD-C30,96.6,11.0,1306,4.78,73.5,Op-Bob,Night,2026-08-03 11:29,1,Surface Crack,REWORK
BAT-10779,M-04,Line-2,PROD-B20,90.0,10.59,1507,5.06,70.3,Op-Frank,Morning,2026-04-18 11:29,1,Surface Crack,REWORK
BAT-10780,M-04,Line-2,PROD-C30,86.3,9.73,1317,3.27,66.9,Op-Bob,Morning,2026-03-12 11:29,0,None,PASS
BAT-10781,M-08,Line-4,PROD-A10,74.8,8.27,1199,2.05,44.2,Op-Elena,Morning,2026-06-13 11:29,0,None,PASS
BAT-10782,M-06,Line-3,PROD-D40,72.2,7.19,1185,2.55,53.2,Op-Elena,Afternoon,2026-06-15 11:29,0,None,PASS
BAT-10783,M-05,Line-3,PROD-D40,71.7,9.29,1215,1.81,49.6,Op-Bob,Night,2026-03-14 11:29,0,None,PASS
BAT-10784,M-07,Line-4,PROD-D40,78.5,6.59,1489,1.65,59.9,Op-Elena,Morning,2026-06-18 11:29,1,Dimensional Deviation,SCRAP
BAT-10785,M-03,Line-2,PROD-D40,80.9,7.55,1240,2.42,47.5,Op-Alice,Night,2026-06-22 11:29,0,None,PASS
BAT-10786,M-01,Line-1,PROD-A10,74.8,9.49,1136,2.33,48.2,Op-Frank,Morning,2026-05-18 11:29,0,None,PASS
BAT-10787,M-06,Line-3,PROD-C30,72.9,7.7,1195,1.93,50.9,Op-Elena,Afternoon,2026-03-29 11:29,0,None,PASS
BAT-10788,M-04,Line-2,PROD-C30,84.1,11.03,1404,3.79,65.7,Op-David,Night,2026-05-08 11:29,1,Dimensional Deviation,REWORK
BAT-10789,M-04,Line-2,PROD-D40,82.9,9.88,1373,4.81,53.3,Op-Frank,Afternoon,2026-05-14 11:29,0,None,PASS
BAT-10790,M-05,Line-3,PROD-D40,74.3,8.69,1138,3.16,47.2,Op-Bob,Night,2026-03-15 11:29,0,None,PASS
BAT-10791,M-04,Line-2,PROD-A10,81.9,11.09,1421,3.66,59.3,Op-Frank,Afternoon,2026-04-11 11:29,0,None,PASS
BAT-10792,M-07,Line-4,PROD-B20,80.3,7.46,1314,4.25,55.1,Op-Bob,Night,2026-03-20 11:29,1,Surface Crack,REWORK
BAT-10793,M-07,Line-4,PROD-D40,81.1,6.9,1223,4.66,54.1,Op-Bob,Night,2026-06-22 11:29,1,Surface Crack,REWORK
BAT-10794,M-08,Line-4,PROD-C30,75.7,7.7,1180,2.13,40.4,Op-Charlie,Night,2026-07-05 11:29,1,Surface Crack,SCRAP
BAT-10795,M-01,Line-1,PROD-B20,73.3,7.99,1159,2.24,50.8,Op-Charlie,Afternoon,2026-07-21 11:29,0,None,PASS
BAT-10796,M-06,Line-3,PROD-C30,76.3,8.41,1152,2.11,46.2,Op-Charlie,Afternoon,2026-07-03 11:29,0,None,PASS
BAT-10797,M-05,Line-3,PROD-C30,73.5,8.62,1282,2.4,47.9,Op-Alice,Afternoon,2026-03-13 11:29,0,None,PASS
BAT-10798,M-04,Line-2,PROD-B20,81.9,8.17,1350,5.12,74.2,Op-Charlie,Afternoon,2026-05-04 11:29,1,Surface Crack,REWORK
BAT-10799,M-08,Line-4,PROD-A10,75.2,8.62,1256,2.45,49.3,Op-David,Night,2026-04-24 11:29,0,None,PASS
BAT-10800,M-03,Line-2,PROD-B20,69.7,8.71,1213,2.69,46.3,Op-Frank,Afternoon,2026-05-28 11:29,0,None,PASS
BAT-10801,M-07,Line-4,PROD-A10,79.8,6.32,1296,3.19,45.9,Op-Alice,Morning,2026-05-08 11:29,1,Dimensional Deviation,REWORK
BAT-10802,M-05,Line-3,PROD-C30,76.3,8.0,1187,2.02,47.6,Op-Elena,Night,2026-05-22 11:29,0,None,PASS
BAT-10803,M-08,Line-4,PROD-C30,76.3,9.11,1232,2.11,49.0,Op-Frank,Night,2026-06-23 11:29,0,None,PASS
BAT-10804,M-07,Line-4,PROD-B20,78.3,4.77,1368,3.25,50.0,Op-Bob,Morning,2026-03-14 11:29,0,None,PASS
BAT-10805,M-05,Line-3,PROD-A10,70.5,8.53,1233,2.08,54.7,Op-Bob,Morning,2026-05-22 11:29,0,None,PASS
BAT-10806,M-02,Line-1,PROD-D40,72.2,7.77,1195,1.86,44.3,Op-Elena,Morning,2026-02-16 11:29,0,None,PASS
BAT-10807,M-02,Line-1,PROD-A10,74.0,8.46,1209,2.73,48.6,Op-Charlie,Night,2026-03-21 11:29,0,None,PASS
BAT-10808,M-07,Line-4,PROD-C30,79.8,6.8,1353,3.27,62.2,Op-Bob,Morning,2026-04-23 11:29,1,Dimensional Deviation,REWORK
BAT-10809,M-03,Line-2,PROD-A10,78.0,8.25,1180,2.41,45.7,Op-Alice,Night,2026-05-12 11:29,0,None,PASS
BAT-10810,M-06,Line-3,PROD-D40,75.0,9.13,1218,2.69,52.8,Op-David,Night,2026-04-20 11:29,0,None,PASS
BAT-10811,M-03,Line-2,PROD-B20,75.4,8.97,1224,2.21,57.1,Op-Elena,Night,2026-06-06 11:29,0,None,PASS
BAT-10812,M-07,Line-4,PROD-C30,77.9,3.74,1358,2.6,50.8,Op-Charlie,Afternoon,2026-06-28 11:29,1,Dimensional Deviation,REWORK
BAT-10813,M-05,Line-3,PROD-C30,71.2,8.74,1116,2.03,47.6,Op-David,Afternoon,2026-03-21 11:29,0,None,PASS
BAT-10814,M-01,Line-1,PROD-B20,71.8,9.3,1165,2.11,45.8,Op-Charlie,Afternoon,2026-06-10 11:29,0,None,PASS
BAT-10815,M-08,Line-4,PROD-D40,71.5,8.87,1291,1.93,42.8,Op-Charlie,Morning,2026-05-31 11:29,0,None,PASS
BAT-10816,M-04,Line-2,PROD-A10,86.2,10.03,1349,2.76,58.2,Op-Elena,Afternoon,2026-03-30 11:29,0,None,PASS
BAT-10817,M-07,Line-4,PROD-D40,78.7,4.91,1479,2.94,51.8,Op-Bob,Morning,2026-07-25 11:29,1,Dimensional Deviation,REWORK
BAT-10818,M-05,Line-3,PROD-A10,75.3,9.32,1169,2.44,41.9,Op-David,Night,2026-04-12 11:29,0,None,PASS
BAT-10819,M-05,Line-3,PROD-C30,74.7,8.67,1244,2.18,57.5,Op-Frank,Night,2026-06-26 11:29,0,None,PASS
BAT-10820,M-07,Line-4,PROD-B20,80.5,6.29,1407,3.78,53.0,Op-Alice,Morning,2026-03-16 11:29,1,Dimensional Deviation,SCRAP
BAT-10821,M-08,Line-4,PROD-C30,74.1,8.34,1156,2.35,55.1,Op-Frank,Night,2026-06-15 11:29,0,None,PASS
BAT-10822,M-01,Line-1,PROD-B20,78.9,8.68,1229,2.41,46.1,Op-Alice,Night,2026-02-15 11:29,0,None,PASS
BAT-10823,M-02,Line-1,PROD-C30,73.4,8.75,1303,1.68,42.4,Op-Charlie,Morning,2026-06-02 11:29,0,None,PASS
BAT-10824,M-04,Line-2,PROD-A10,80.2,9.97,1562,6.12,65.8,Op-Bob,Morning,2026-06-16 11:29,1,Surface Crack,REWORK
BAT-10825,M-08,Line-4,PROD-C30,76.0,8.3,1139,2.62,51.3,Op-David,Night,2026-02-18 11:29,0,None,PASS
BAT-10826,M-03,Line-2,PROD-A10,72.6,8.26,1141,2.27,46.0,Op-Charlie,Afternoon,2026-02-28 11:29,0,None,PASS
BAT-10827,M-03,Line-2,PROD-B20,72.2,7.79,1301,1.94,53.0,Op-Charlie,Afternoon,2026-02-13 11:29,0,None,PASS
BAT-10828,M-04,Line-2,PROD-D40,80.3,10.97,1360,3.94,71.2,Op-David,Morning,2026-02-18 11:29,1,Surface Crack,SCRAP
BAT-10829,M-02,Line-1,PROD-B20,72.6,7.93,1242,2.54,53.2,Op-David,Afternoon,2026-08-03 11:29,0,None,PASS
BAT-10830,M-06,Line-3,PROD-B20,76.6,8.41,1260,3.24,43.6,Op-Frank,Night,2026-02-20 11:29,0,None,PASS
BAT-10831,M-02,Line-1,PROD-C30,76.0,8.28,1239,2.06,52.1,Op-David,Night,2026-04-27 11:29,0,None,PASS
BAT-10832,M-01,Line-1,PROD-B20,76.8,8.34,1236,2.34,41.1,Op-Alice,Morning,2026-07-22 11:29,0,None,PASS
BAT-10833,M-01,Line-1,PROD-B20,73.8,9.26,1202,1.8,48.3,Op-Charlie,Night,2026-03-12 11:29,0,None,PASS
BAT-10834,M-04,Line-2,PROD-A10,88.6,8.82,1445,5.86,69.8,Op-Alice,Night,2026-08-05 11:29,1,Surface Crack,REWORK
BAT-10835,M-06,Line-3,PROD-A10,71.6,8.46,1265,1.8,44.8,Op-Bob,Morning,2026-06-17 11:29,0,None,PASS
BAT-10836,M-06,Line-3,PROD-A10,73.5,9.29,1165,2.18,46.2,Op-Alice,Afternoon,2026-07-25 11:29,0,None,PASS
BAT-10837,M-02,Line-1,PROD-B20,74.5,8.7,1209,2.53,45.9,Op-David,Morning,2026-05-02 11:29,0,None,PASS
BAT-10838,M-06,Line-3,PROD-D40,70.0,8.25,1128,2.19,50.1,Op-Frank,Morning,2026-02-15 11:29,0,None,PASS
BAT-10839,M-06,Line-3,PROD-B20,77.0,8.21,1187,2.2,45.9,Op-Charlie,Morning,2026-06-14 11:29,0,None,PASS
BAT-10840,M-05,Line-3,PROD-D40,76.8,8.45,1176,2.14,46.7,Op-Bob,Night,2026-03-29 11:29,0,None,PASS
BAT-10841,M-06,Line-3,PROD-D40,73.8,8.44,1285,1.67,46.9,Op-Charlie,Night,2026-07-01 11:29,0,None,PASS
BAT-10842,M-03,Line-2,PROD-D40,75.0,8.78,1267,1.22,48.8,Op-Charlie,Afternoon,2026-06-28 11:29,0,None,PASS
BAT-10843,M-01,Line-1,PROD-D40,71.7,7.7,1197,1.45,47.8,Op-Frank,Morning,2026-02-14 11:29,0,None,PASS
BAT-10844,M-06,Line-3,PROD-B20,73.7,8.62,1199,2.38,46.7,Op-Charlie,Night,2026-02-26 11:29,0,None,PASS
BAT-10845,M-07,Line-4,PROD-B20,85.7,4.46,1265,3.03,49.5,Op-Elena,Night,2026-06-17 11:29,0,None,PASS
BAT-10846,M-03,Line-2,PROD-C30,73.6,9.53,1230,2.07,48.1,Op-Charlie,Afternoon,2026-07-24 11:29,0,None,PASS
BAT-10847,M-02,Line-1,PROD-A10,72.6,8.31,1182,2.34,44.4,Op-Alice,Morning,2026-03-27 11:29,0,None,PASS
BAT-10848,M-04,Line-2,PROD-A10,84.1,8.92,1384,6.65,60.8,Op-David,Morning,2026-03-07 11:29,1,Surface Crack,SCRAP
BAT-10849,M-07,Line-4,PROD-D40,71.6,5.22,1362,2.37,55.5,Op-Elena,Night,2026-08-08 11:29,0,None,PASS
BAT-10850,M-01,Line-1,PROD-C30,77.3,8.47,1181,2.53,48.8,Op-Bob,Night,2026-02-28 11:29,1,Dimensional Deviation,SCRAP
BAT-10851,M-02,Line-1,PROD-D40,74.8,8.01,1192,1.34,50.1,Op-Frank,Morning,2026-05-13 11:29,0,None,PASS
BAT-10852,M-07,Line-4,PROD-C30,78.7,5.19,1418,3.26,53.0,Op-Frank,Morning,2026-07-17 11:29,1,Dimensional Deviation,REWORK
BAT-10853,M-02,Line-1,PROD-C30,72.7,8.22,1249,1.89,45.2,Op-Alice,Morning,2026-06-22 11:29,0,None,PASS
BAT-10854,M-04,Line-2,PROD-D40,87.3,9.75,1331,5.51,65.2,Op-Bob,Morning,2026-06-24 11:29,1,Surface Crack,REWORK
BAT-10855,M-03,Line-2,PROD-D40,73.8,8.51,1239,2.47,51.9,Op-Frank,Morning,2026-07-23 11:29,0,None,PASS
BAT-10856,M-08,Line-4,PROD-D40,70.4,8.39,1150,2.09,51.2,Op-Alice,Morning,2026-03-28 11:29,0,None,PASS
BAT-10857,M-06,Line-3,PROD-B20,73.6,8.57,1263,2.54,49.4,Op-Elena,Night,2026-06-03 11:29,0,None,PASS
BAT-10858,M-06,Line-3,PROD-C30,73.0,8.04,1219,2.08,51.1,Op-Charlie,Afternoon,2026-07-22 11:29,0,None,PASS
BAT-10859,M-06,Line-3,PROD-B20,72.2,8.38,1214,2.54,54.8,Op-Elena,Night,2026-04-05 11:29,0,None,PASS
BAT-10860,M-05,Line-3,PROD-C30,73.6,8.17,1120,1.66,46.9,Op-David,Afternoon,2026-05-22 11:29,1,Surface Crack,SCRAP
BAT-10861,M-01,Line-1,PROD-B20,73.9,8.75,1221,1.31,46.7,Op-Charlie,Morning,2026-04-27 11:29,0,None,PASS
BAT-10862,M-04,Line-2,PROD-C30,83.3,10.19,1457,5.04,65.9,Op-Alice,Night,2026-04-21 11:29,1,Surface Crack,REWORK
BAT-10863,M-03,Line-2,PROD-A10,74.0,8.36,1259,2.03,55.8,Op-Alice,Afternoon,2026-05-12 11:29,0,None,PASS
BAT-10864,M-05,Line-3,PROD-C30,74.1,8.9,1233,2.28,47.5,Op-Elena,Morning,2026-04-10 11:29,0,None,PASS
BAT-10865,M-05,Line-3,PROD-A10,73.0,8.39,1255,1.82,46.5,Op-Elena,Afternoon,2026-07-05 11:29,0,None,PASS
BAT-10866,M-02,Line-1,PROD-C30,72.4,8.67,1264,2.93,39.0,Op-David,Morning,2026-06-14 11:29,0,None,PASS
BAT-10867,M-02,Line-1,PROD-C30,76.8,8.68,1147,2.61,46.1,Op-Alice,Night,2026-07-07 11:29,0,None,PASS
BAT-10868,M-01,Line-1,PROD-C30,72.0,8.21,1290,2.44,51.4,Op-Charlie,Afternoon,2026-05-27 11:29,0,None,PASS
BAT-10869,M-02,Line-1,PROD-B20,71.0,8.85,1238,2.84,43.0,Op-Frank,Night,2026-07-14 11:29,0,None,PASS
BAT-10870,M-07,Line-4,PROD-A10,77.2,5.11,1303,2.31,59.3,Op-Charlie,Night,2026-02-20 11:29,1,Dimensional Deviation,REWORK
BAT-10871,M-06,Line-3,PROD-B20,73.7,9.25,1176,2.03,53.3,Op-Bob,Morning,2026-08-01 11:29,0,None,PASS
BAT-10872,M-07,Line-4,PROD-D40,81.0,8.02,1306,3.74,55.0,Op-Elena,Night,2026-06-19 11:29,0,None,PASS
BAT-10873,M-07,Line-4,PROD-C30,81.3,8.56,1475,2.34,61.1,Op-David,Morning,2026-03-15 11:29,1,Dimensional Deviation,REWORK
BAT-10874,M-01,Line-1,PROD-D40,78.2,7.44,1260,2.02,50.6,Op-Charlie,Morning,2026-05-23 11:29,0,None,PASS
BAT-10875,M-03,Line-2,PROD-B20,76.6,8.51,1238,2.07,47.7,Op-David,Night,2026-04-01 11:29,0,None,PASS
BAT-10876,M-04,Line-2,PROD-B20,75.2,6.68,1438,3.2,66.2,Op-Bob,Morning,2026-04-19 11:29,1,Dimensional Deviation,REWORK
BAT-10877,M-02,Line-1,PROD-A10,75.7,9.14,1241,2.11,49.1,Op-Frank,Afternoon,2026-05-29 11:29,0,None,PASS
BAT-10878,M-04,Line-2,PROD-C30,79.8,9.79,1376,3.93,60.1,Op-Charlie,Night,2026-07-27 11:29,0,None,PASS
BAT-10879,M-05,Line-3,PROD-B20,75.9,9.55,1256,1.76,54.6,Op-Charlie,Night,2026-06-03 11:29,0,None,PASS
BAT-10880,M-08,Line-4,PROD-A10,79.5,8.48,1141,2.26,51.8,Op-Bob,Morning,2026-08-04 11:29,0,None,PASS
BAT-10881,M-02,Line-1,PROD-A10,75.0,9.16,1131,1.8,49.6,Op-Frank,Morning,2026-04-13 11:29,0,None,PASS
BAT-10882,M-03,Line-2,PROD-C30,70.4,8.94,1231,1.99,46.7,Op-Alice,Afternoon,2026-08-06 11:29,0,None,PASS
BAT-10883,M-05,Line-3,PROD-D40,74.6,7.96,1192,2.27,51.6,Op-David,Morning,2026-05-05 11:29,0,None,PASS
BAT-10884,M-04,Line-2,PROD-B20,86.4,9.39,1497,4.98,69.1,Op-Elena,Night,2026-04-17 11:29,1,Surface Crack,SCRAP
BAT-10885,M-03,Line-2,PROD-A10,69.1,8.52,1195,2.08,49.6,Op-David,Night,2026-07-29 11:29,0,None,PASS
BAT-10886,M-05,Line-3,PROD-B20,73.9,7.97,1237,2.04,49.6,Op-Alice,Afternoon,2026-04-02 11:29,0,None,PASS
BAT-10887,M-05,Line-3,PROD-A10,76.0,8.23,1248,2.1,48.6,Op-David,Night,2026-02-12 11:29,0,None,PASS
BAT-10888,M-05,Line-3,PROD-C30,77.3,8.89,1195,2.22,50.2,Op-Alice,Morning,2026-04-25 11:29,0,None,PASS
BAT-10889,M-07,Line-4,PROD-B20,84.5,7.26,1219,1.51,52.0,Op-David,Night,2026-03-07 11:29,0,None,PASS
BAT-10890,M-08,Line-4,PROD-A10,69.8,8.45,1205,2.73,41.5,Op-Bob,Morning,2026-06-18 11:29,0,None,PASS
BAT-10891,M-01,Line-1,PROD-A10,73.7,8.57,1168,2.82,48.0,Op-Bob,Night,2026-04-29 11:29,0,None,PASS
BAT-10892,M-07,Line-4,PROD-B20,75.5,7.22,1362,2.17,58.7,Op-Alice,Afternoon,2026-08-04 11:29,0,None,PASS
BAT-10893,M-05,Line-3,PROD-B20,74.1,8.28,1337,3.1,42.7,Op-Elena,Afternoon,2026-02-25 11:29,0,None,PASS
BAT-10894,M-07,Line-4,PROD-A10,74.2,6.37,1338,3.21,57.5,Op-Elena,Afternoon,2026-04-08 11:29,1,Dimensional Deviation,SCRAP
BAT-10895,M-03,Line-2,PROD-A10,74.1,8.32,1142,1.7,53.0,Op-Frank,Afternoon,2026-06-23 11:29,0,None,PASS
BAT-10896,M-04,Line-2,PROD-D40,83.0,9.04,1313,4.54,68.2,Op-Bob,Night,2026-03-21 11:29,1,Surface Crack,REWORK
BAT-10897,M-06,Line-3,PROD-D40,72.1,8.55,1237,1.94,47.9,Op-Elena,Morning,2026-04-03 11:29,0,None,PASS
BAT-10898,M-04,Line-2,PROD-B20,76.0,10.35,1631,4.92,64.1,Op-Charlie,Night,2026-06-24 11:29,0,None,PASS
BAT-10899,M-07,Line-4,PROD-B20,76.5,7.4,1379,3.62,57.0,Op-Frank,Night,2026-03-22 11:29,0,None,PASS
BAT-10900,M-02,Line-1,PROD-B20,73.3,8.92,1181,1.93,48.3,Op-Charlie,Morning,2026-02-17 11:29,0,None,PASS
BAT-10901,M-07,Line-4,PROD-D40,84.0,5.13,1304,2.9,52.8,Op-Charlie,Afternoon,2026-07-23 11:29,0,None,PASS
BAT-10902,M-05,Line-3,PROD-B20,70.6,8.05,1214,1.61,49.3,Op-Bob,Morning,2026-03-15 11:29,0,None,PASS
BAT-10903,M-05,Line-3,PROD-B20,73.5,8.31,1197,2.51,50.3,Op-Elena,Morning,2026-04-10 11:29,0,None,PASS
BAT-10904,M-06,Line-3,PROD-A10,70.9,8.86,1349,2.66,49.1,Op-Frank,Afternoon,2026-03-16 11:29,0,None,PASS
BAT-10905,M-08,Line-4,PROD-C30,74.5,8.59,1166,1.95,47.8,Op-Bob,Afternoon,2026-06-15 11:29,0,None,PASS
BAT-10906,M-03,Line-2,PROD-B20,71.7,8.77,1135,1.61,46.0,Op-Bob,Morning,2026-05-25 11:29,0,None,PASS
BAT-10907,M-01,Line-1,PROD-C30,76.1,8.61,1233,1.89,44.1,Op-David,Morning,2026-07-31 11:29,0,None,PASS
BAT-10908,M-04,Line-2,PROD-A10,80.5,11.77,1279,3.25,87.8,Op-Bob,Afternoon,2026-07-17 11:29,0,None,PASS
BAT-10909,M-06,Line-3,PROD-D40,71.9,8.75,1151,2.38,49.8,Op-Bob,Afternoon,2026-05-24 11:29,0,None,PASS
BAT-10910,M-07,Line-4,PROD-C30,72.5,6.58,1413,3.21,48.6,Op-David,Night,2026-07-06 11:29,0,None,PASS
BAT-10911,M-01,Line-1,PROD-A10,78.9,7.73,1214,2.06,41.5,Op-David,Afternoon,2026-02-20 11:29,0,None,PASS
BAT-10912,M-04,Line-2,PROD-D40,83.2,10.24,1419,2.04,63.8,Op-Frank,Morning,2026-07-02 11:29,1,Dimensional Deviation,SCRAP
BAT-10913,M-01,Line-1,PROD-B20,72.4,8.75,1199,2.3,46.4,Op-Charlie,Afternoon,2026-05-22 11:29,0,None,PASS
BAT-10914,M-05,Line-3,PROD-D40,73.8,9.2,1204,2.83,38.6,Op-Bob,Afternoon,2026-04-26 11:29,0,None,PASS
BAT-10915,M-01,Line-1,PROD-B20,78.5,8.71,1172,2.82,38.3,Op-David,Night,2026-06-05 11:29,0,None,PASS
BAT-10916,M-02,Line-1,PROD-B20,79.8,8.9,1180,2.77,46.9,Op-Elena,Night,2026-06-29 11:29,0,None,PASS
BAT-10917,M-07,Line-4,PROD-C30,78.1,6.42,1452,3.12,53.8,Op-David,Morning,2026-03-27 11:29,1,Dimensional Deviation,SCRAP
BAT-10918,M-04,Line-2,PROD-D40,85.5,10.47,1480,4.67,80.4,Op-Alice,Afternoon,2026-05-03 11:29,1,Surface Crack,SCRAP
BAT-10919,M-03,Line-2,PROD-A10,72.5,8.78,1156,1.61,42.0,Op-Alice,Morning,2026-06-05 11:29,0,None,PASS
BAT-10920,M-02,Line-1,PROD-D40,74.8,9.25,1125,1.4,49.7,Op-Frank,Night,2026-07-16 11:29,0,None,PASS
BAT-10921,M-07,Line-4,PROD-D40,74.6,4.27,1215,3.63,43.9,Op-Alice,Morning,2026-05-06 11:29,0,None,PASS
BAT-10922,M-03,Line-2,PROD-B20,76.7,7.97,1154,1.89,51.8,Op-Bob,Morning,2026-02-23 11:29,0,None,PASS
BAT-10923,M-05,Line-3,PROD-D40,73.4,8.27,1178,2.17,45.4,Op-Charlie,Night,2026-03-28 11:29,0,None,PASS
BAT-10924,M-03,Line-2,PROD-B20,72.3,9.21,1231,2.12,55.1,Op-Alice,Night,2026-04-15 11:29,1,Porosity,SCRAP
BAT-10925,M-01,Line-1,PROD-D40,77.5,8.94,1142,1.14,42.1,Op-Bob,Morning,2026-07-10 11:29,0,None,PASS
BAT-10926,M-08,Line-4,PROD-D40,73.6,7.76,1242,2.77,47.1,Op-David,Morning,2026-07-13 11:29,0,None,PASS
BAT-10927,M-04,Line-2,PROD-C30,77.6,10.25,1510,3.61,57.0,Op-Elena,Night,2026-07-02 11:29,0,None,PASS
BAT-10928,M-04,Line-2,PROD-A10,72.0,10.11,1608,5.99,67.8,Op-Bob,Morning,2026-02-24 11:29,1,Dimensional Deviation,REWORK
BAT-10929,M-01,Line-1,PROD-C30,76.7,8.15,1192,2.04,47.3,Op-Charlie,Morning,2026-02-22 11:29,0,None,PASS
BAT-10930,M-03,Line-2,PROD-B20,72.0,9.49,1214,0.94,49.9,Op-Frank,Afternoon,2026-07-16 11:29,0,None,PASS
BAT-10931,M-03,Line-2,PROD-D40,73.7,9.0,1125,2.27,50.6,Op-Frank,Night,2026-05-13 11:29,0,None,PASS
BAT-10932,M-02,Line-1,PROD-C30,74.4,8.07,1204,1.66,50.4,Op-Charlie,Afternoon,2026-05-18 11:29,0,None,PASS
BAT-10933,M-07,Line-4,PROD-A10,78.6,7.85,1380,3.67,50.2,Op-Charlie,Afternoon,2026-03-16 11:29,0,None,PASS
BAT-10934,M-05,Line-3,PROD-C30,73.6,8.33,1340,1.78,49.1,Op-Elena,Afternoon,2026-06-24 11:29,0,None,PASS
BAT-10935,M-04,Line-2,PROD-A10,77.4,11.04,1620,6.28,58.8,Op-Alice,Night,2026-07-21 11:29,0,None,PASS
BAT-10936,M-02,Line-1,PROD-D40,78.5,8.6,1253,2.61,50.7,Op-Frank,Night,2026-07-14 11:29,0,None,PASS
BAT-10937,M-05,Line-3,PROD-D40,74.1,8.24,1246,2.15,50.1,Op-Elena,Afternoon,2026-04-17 11:29,0,None,PASS
BAT-10938,M-06,Line-3,PROD-B20,79.4,8.11,1309,2.68,45.6,Op-Elena,Night,2026-06-17 11:29,0,None,PASS
BAT-10939,M-08,Line-4,PROD-D40,76.4,9.03,1265,2.9,49.4,Op-Bob,Night,2026-04-10 11:29,0,None,PASS
BAT-10940,M-04,Line-2,PROD-A10,83.5,9.42,1315,4.15,69.0,Op-Alice,Morning,2026-06-09 11:29,1,Surface Crack,REWORK
BAT-10941,M-04,Line-2,PROD-D40,87.0,10.04,1463,6.62,61.0,Op-David,Morning,2026-05-06 11:29,1,Surface Crack,SCRAP
BAT-10942,M-04,Line-2,PROD-A10,84.5,8.76,1345,6.59,80.3,Op-Frank,Morning,2026-08-05 11:29,1,Surface Crack,SCRAP
BAT-10943,M-05,Line-3,PROD-C30,76.3,8.82,1192,1.92,50.2,Op-Elena,Night,2026-05-03 11:29,0,None,PASS
BAT-10944,M-02,Line-1,PROD-C30,76.3,7.99,1223,2.22,43.1,Op-Charlie,Afternoon,2026-07-05 11:29,0,None,PASS
BAT-10945,M-01,Line-1,PROD-B20,71.0,8.83,1157,2.56,43.5,Op-Bob,Afternoon,2026-05-07 11:29,0,None,PASS
BAT-10946,M-08,Line-4,PROD-D40,72.6,8.31,1124,2.17,45.8,Op-Alice,Night,2026-03-16 11:29,0,None,PASS
BAT-10947,M-08,Line-4,PROD-C30,76.7,8.84,1171,2.18,56.7,Op-David,Afternoon,2026-02-24 11:29,0,None,PASS
BAT-10948,M-05,Line-3,PROD-C30,77.5,8.53,1206,2.46,54.6,Op-Elena,Night,2026-02-14 11:29,0,None,PASS
BAT-10949,M-06,Line-3,PROD-C30,74.3,9.14,1142,1.97,40.1,Op-Alice,Morning,2026-04-22 11:29,0,None,PASS
BAT-10950,M-06,Line-3,PROD-D40,73.4,8.34,1216,2.03,55.9,Op-Frank,Night,2026-03-24 11:29,0,None,PASS
BAT-10951,M-07,Line-4,PROD-B20,80.9,7.54,1441,3.77,66.0,Op-Elena,Morning,2026-04-29 11:29,1,Dimensional Deviation,REWORK
BAT-10952,M-01,Line-1,PROD-C30,77.2,8.88,1109,1.96,48.0,Op-David,Morning,2026-06-17 11:29,0,None,PASS
BAT-10953,M-06,Line-3,PROD-D40,76.6,8.42,1248,2.65,49.4,Op-Charlie,Morning,2026-06-24 11:29,0,None,PASS
BAT-10954,M-02,Line-1,PROD-C30,78.4,9.99,1279,2.7,49.9,Op-Alice,Morning,2026-03-05 11:29,0,None,PASS
BAT-10955,M-01,Line-1,PROD-D40,75.8,8.42,1317,2.12,48.7,Op-Elena,Morning,2026-03-30 11:29,0,None,PASS
BAT-10956,M-08,Line-4,PROD-C30,71.2,8.05,1194,1.99,50.1,Op-Charlie,Morning,2026-03-07 11:29,0,None,PASS
BAT-10957,M-03,Line-2,PROD-B20,75.1,9.45,1175,2.17,42.9,Op-Frank,Morning,2026-06-07 11:29,0,None,PASS
BAT-10958,M-02,Line-1,PROD-A10,75.8,9.24,1190,1.74,47.4,Op-Charlie,Morning,2026-08-04 11:29,0,None,PASS
BAT-10959,M-02,Line-1,PROD-C30,74.8,9.21,1216,2.72,47.6,Op-David,Morning,2026-03-08 11:29,0,None,PASS
BAT-10960,M-05,Line-3,PROD-A10,72.1,8.55,1203,1.97,51.1,Op-Elena,Afternoon,2026-07-23 11:29,0,None,PASS
BAT-10961,M-06,Line-3,PROD-B20,74.2,8.52,1170,2.4,48.3,Op-Bob,Afternoon,2026-04-21 11:29,0,None,PASS
BAT-10962,M-08,Line-4,PROD-A10,75.8,8.71,1238,2.4,43.6,Op-Charlie,Morning,2026-03-22 11:29,0,None,PASS
BAT-10963,M-01,Line-1,PROD-A10,76.7,8.15,1257,1.8,57.4,Op-Bob,Night,2026-05-10 11:29,0,None,PASS
BAT-10964,M-05,Line-3,PROD-B20,71.6,8.83,1175,1.76,49.5,Op-Frank,Afternoon,2026-07-06 11:29,0,None,PASS
BAT-10965,M-02,Line-1,PROD-C30,71.9,8.88,1194,2.43,47.5,Op-Elena,Afternoon,2026-06-28 11:29,0,None,PASS
BAT-10966,M-03,Line-2,PROD-A10,74.7,8.21,1252,2.45,53.1,Op-David,Night,2026-02-22 11:29,0,None,PASS
BAT-10967,M-01,Line-1,PROD-A10,72.6,9.53,1211,2.22,44.8,Op-David,Afternoon,2026-03-27 11:29,0,None,PASS
BAT-10968,M-08,Line-4,PROD-C30,74.1,8.61,1082,1.64,52.6,Op-Charlie,Afternoon,2026-04-01 11:29,0,None,PASS
BAT-10969,M-02,Line-1,PROD-D40,75.7,8.9,1200,2.09,48.3,Op-Elena,Morning,2026-03-05 11:29,0,None,PASS
BAT-10970,M-08,Line-4,PROD-A10,73.1,7.88,1268,1.95,51.5,Op-David,Afternoon,2026-08-04 11:29,0,None,PASS
BAT-10971,M-08,Line-4,PROD-D40,71.8,8.96,1230,1.79,47.4,Op-Bob,Morning,2026-03-18 11:29,0,None,PASS
BAT-10972,M-05,Line-3,PROD-C30,69.8,8.65,1122,1.73,51.6,Op-David,Morning,2026-08-08 11:29,0,None,PASS
BAT-10973,M-06,Line-3,PROD-C30,72.5,9.17,1203,2.73,47.4,Op-David,Afternoon,2026-02-17 11:29,0,None,PASS
BAT-10974,M-02,Line-1,PROD-C30,70.6,8.4,1310,2.28,44.2,Op-David,Afternoon,2026-03-25 11:29,0,None,PASS
BAT-10975,M-06,Line-3,PROD-B20,73.2,7.74,1297,2.49,47.8,Op-Elena,Morning,2026-05-24 11:29,0,None,PASS
BAT-10976,M-02,Line-1,PROD-C30,78.0,8.79,1163,1.9,47.9,Op-Elena,Night,2026-02-28 11:29,0,None,PASS
BAT-10977,M-08,Line-4,PROD-D40,76.4,7.24,1203,1.83,42.3,Op-Elena,Afternoon,2026-04-12 11:29,0,None,PASS
BAT-10978,M-03,Line-2,PROD-D40,70.3,9.11,1153,1.91,42.5,Op-David,Morning,2026-05-08 11:29,0,None,PASS
BAT-10979,M-07,Line-4,PROD-D40,84.5,4.57,1468,4.8,53.0,Op-Elena,Afternoon,2026-06-29 11:29,1,Surface Crack,REWORK
BAT-10980,M-02,Line-1,PROD-D40,80.6,7.67,1187,2.37,50.2,Op-Alice,Night,2026-07-12 11:29,0,None,PASS
BAT-10981,M-02,Line-1,PROD-D40,71.0,8.47,1271,2.1,52.8,Op-Bob,Afternoon,2026-05-24 11:29,1,Surface Crack,SCRAP
BAT-10982,M-07,Line-4,PROD-C30,73.2,6.11,1364,3.34,59.8,Op-David,Night,2026-07-29 11:29,1,Dimensional Deviation,REWORK
BAT-10983,M-03,Line-2,PROD-A10,74.0,8.51,1098,2.48,47.1,Op-Bob,Night,2026-03-20 11:29,0,None,PASS
BAT-10984,M-05,Line-3,PROD-D40,77.0,8.04,1289,2.8,43.7,Op-Elena,Night,2026-06-04 11:29,0,None,PASS
BAT-10985,M-06,Line-3,PROD-C30,76.2,8.87,1238,2.04,41.2,Op-Elena,Night,2026-04-28 11:29,0,None,PASS
BAT-10986,M-07,Line-4,PROD-C30,73.7,7.73,1182,4.2,53.0,Op-Alice,Night,2026-02-12 11:29,0,None,PASS
BAT-10987,M-07,Line-4,PROD-B20,76.8,8.18,1407,2.5,54.2,Op-Charlie,Morning,2026-05-15 11:29,0,None,PASS
BAT-10988,M-01,Line-1,PROD-A10,75.4,8.28,1301,2.57,49.4,Op-Frank,Night,2026-05-12 11:29,0,None,PASS
BAT-10989,M-05,Line-3,PROD-A10,75.9,8.55,1161,1.96,46.4,Op-Bob,Afternoon,2026-08-08 11:29,0,None,PASS
BAT-10990,M-06,Line-3,PROD-D40,73.8,8.37,1163,2.13,49.7,Op-David,Afternoon,2026-06-01 11:29,0,None,PASS
BAT-10991,M-03,Line-2,PROD-D40,74.1,8.66,1218,1.62,51.7,Op-Bob,Morning,2026-07-02 11:29,0,None,PASS
BAT-10992,M-06,Line-3,PROD-D40,75.7,8.09,1195,2.51,42.2,Op-Bob,Afternoon,2026-07-31 11:29,0,None,PASS
BAT-10993,M-01,Line-1,PROD-A10,77.7,8.85,1229,2.0,43.2,Op-Frank,Morning,2026-03-18 11:29,0,None,PASS
BAT-10994,M-08,Line-4,PROD-D40,72.2,8.43,1170,2.37,45.3,Op-Bob,Morning,2026-03-17 11:29,0,None,PASS
BAT-10995,M-07,Line-4,PROD-D40,82.8,3.47,1423,4.18,50.9,Op-Frank,Night,2026-05-29 11:29,1,Surface Crack,REWORK
BAT-10996,M-07,Line-4,PROD-D40,85.3,5.1,1401,3.8,49.6,Op-David,Afternoon,2026-04-08 11:29,1,Dimensional Deviation,SCRAP
BAT-10997,M-08,Line-4,PROD-B20,74.1,9.08,1205,3.37,52.9,Op-Frank,Night,2026-04-19 11:29,0,None,PASS
BAT-10998,M-06,Line-3,PROD-A10,78.3,8.43,1216,2.44,41.8,Op-Alice,Night,2026-06-13 11:29,0,None,PASS
BAT-10999,M-02,Line-1,PROD-D40,73.3,8.54,1213,1.92,50.8,Op-Frank,Morning,2026-03-18 11:29,0,None,PASS
BAT-11000,M-05,Line-3,PROD-D40,72.9,9.5,1223,1.92,45.7,Op-Elena,Morning,2026-06-23 11:29,0,None,PASS
BAT-11001,M-02,Line-1,PROD-B20,74.7,8.62,1213,2.24,46.3,Op-David,Night,2026-07-29 11:29,0,None,PASS
BAT-11002,M-02,Line-1,PROD-C30,79.2,9.01,1209,2.61,46.6,Op-Elena,Morning,2026-05-08 11:29,0,None,PASS
BAT-11003,M-01,Line-1,PROD-D40,71.3,7.61,1142,3.31,51.6,Op-David,Night,2026-06-10 11:29,0,None,PASS
BAT-11004,M-06,Line-3,PROD-D40,69.5,9.19,1120,2.55,47.4,Op-Charlie,Afternoon,2026-04-25 11:29,0,None,PASS
BAT-11005,M-05,Line-3,PROD-C30,75.7,9.16,1267,2.27,47.3,Op-Alice,Night,2026-06-11 11:29,0,None,PASS
BAT-11006,M-01,Line-1,PROD-C30,74.7,7.93,1266,2.94,49.3,Op-Frank,Night,2026-02-16 11:29,0,None,PASS
BAT-11007,M-02,Line-1,PROD-B20,77.2,8.59,1145,2.28,51.4,Op-Elena,Morning,2026-04-22 11:29,0,None,PASS
BAT-11008,M-05,Line-3,PROD-C30,71.6,9.46,1253,2.4,44.3,Op-Charlie,Morning,2026-03-10 11:29,0,None,PASS
BAT-11009,M-03,Line-2,PROD-D40,70.8,9.04,1145,2.15,49.3,Op-Charlie,Morning,2026-04-17 11:29,0,None,PASS
BAT-11010,M-04,Line-2,PROD-D40,89.3,9.09,1452,4.12,68.6,Op-Bob,Night,2026-02-18 11:29,1,Surface Crack,REWORK
BAT-11011,M-03,Line-2,PROD-B20,73.8,7.7,1224,2.28,49.5,Op-David,Afternoon,2026-05-19 11:29,0,None,PASS
BAT-11012,M-08,Line-4,PROD-B20,76.8,8.53,1199,2.0,50.2,Op-Bob,Night,2026-05-09 11:29,1,Color Variance,SCRAP
BAT-11013,M-02,Line-1,PROD-A10,75.3,8.19,1277,1.88,53.4,Op-Bob,Afternoon,2026-05-23 11:29,0,None,PASS
BAT-11014,M-08,Line-4,PROD-B20,74.3,8.09,1105,2.12,46.6,Op-David,Night,2026-05-20 11:29,0,None,PASS
BAT-11015,M-03,Line-2,PROD-D40,73.3,8.85,1233,1.56,40.4,Op-Alice,Afternoon,2026-06-04 11:29,0,None,PASS
BAT-11016,M-06,Line-3,PROD-A10,73.1,8.21,1190,2.43,45.6,Op-Alice,Night,2026-07-23 11:29,0,None,PASS
BAT-11017,M-07,Line-4,PROD-C30,81.4,4.66,1303,3.01,47.5,Op-Charlie,Afternoon,2026-04-19 11:29,0,None,PASS
BAT-11018,M-05,Line-3,PROD-D40,77.3,7.76,1239,1.91,47.4,Op-David,Night,2026-04-12 11:29,0,None,PASS
BAT-11019,M-04,Line-2,PROD-C30,83.2,10.33,1360,4.08,68.3,Op-Frank,Night,2026-03-28 11:29,1,Surface Crack,REWORK
BAT-11020,M-01,Line-1,PROD-A10,71.2,8.08,1237,1.97,49.5,Op-Alice,Afternoon,2026-03-07 11:29,0,None,PASS
BAT-11021,M-08,Line-4,PROD-C30,70.4,8.16,1195,2.54,50.8,Op-Bob,Night,2026-04-23 11:29,0,None,PASS
BAT-11022,M-01,Line-1,PROD-A10,71.9,8.7,1291,3.1,49.7,Op-Elena,Morning,2026-02-24 11:29,0,None,PASS
BAT-11023,M-04,Line-2,PROD-A10,85.8,10.8,1526,3.67,67.5,Op-Frank,Morning,2026-03-04 11:29,0,None,PASS
BAT-11024,M-03,Line-2,PROD-D40,73.3,8.93,1245,2.3,48.7,Op-Frank,Night,2026-07-04 11:29,0,None,PASS
BAT-11025,M-03,Line-2,PROD-A10,73.4,9.23,1232,2.53,43.1,Op-Frank,Morning,2026-04-15 11:29,0,None,PASS
BAT-11026,M-02,Line-1,PROD-D40,71.4,9.25,1236,2.67,58.2,Op-Charlie,Afternoon,2026-08-06 11:29,0,None,PASS
BAT-11027,M-06,Line-3,PROD-C30,74.8,8.43,1206,1.02,46.5,Op-Bob,Morning,2026-04-21 11:29,0,None,PASS
BAT-11028,M-07,Line-4,PROD-D40,77.3,7.83,1387,3.76,55.1,Op-Charlie,Morning,2026-04-17 11:29,0,None,PASS
BAT-11029,M-05,Line-3,PROD-B20,75.2,9.37,1266,2.33,45.3,Op-David,Morning,2026-06-15 11:29,0,None,PASS
BAT-11030,M-04,Line-2,PROD-D40,82.9,9.31,1338,5.95,55.4,Op-Bob,Night,2026-06-15 11:29,1,Surface Crack,REWORK
BAT-11031,M-07,Line-4,PROD-B20,78.2,3.99,1288,3.62,57.0,Op-Elena,Night,2026-03-09 11:29,0,None,PASS
BAT-11032,M-05,Line-3,PROD-A10,71.6,8.93,1177,2.33,47.6,Op-Alice,Morning,2026-02-28 11:29,0,None,PASS
BAT-11033,M-05,Line-3,PROD-D40,76.8,8.94,1273,2.06,46.8,Op-Alice,Afternoon,2026-03-20 11:29,0,None,PASS
BAT-11034,M-01,Line-1,PROD-A10,75.7,8.57,1075,2.64,43.6,Op-Frank,Afternoon,2026-04-19 11:29,0,None,PASS
BAT-11035,M-06,Line-3,PROD-D40,77.2,8.53,1150,2.19,56.6,Op-Elena,Morning,2026-06-21 11:29,0,None,PASS
BAT-11036,M-08,Line-4,PROD-D40,70.5,8.71,1158,1.91,44.1,Op-David,Afternoon,2026-02-27 11:29,0,None,PASS
BAT-11037,M-01,Line-1,PROD-D40,74.6,8.47,1140,1.98,54.4,Op-Frank,Afternoon,2026-03-13 11:29,0,None,PASS
BAT-11038,M-06,Line-3,PROD-C30,75.3,9.23,1118,2.14,43.0,Op-Frank,Afternoon,2026-05-23 11:29,1,Surface Crack,REWORK
BAT-11039,M-06,Line-3,PROD-A10,77.3,8.35,1182,1.36,40.9,Op-David,Afternoon,2026-07-25 11:29,0,None,PASS
BAT-11040,M-01,Line-1,PROD-D40,75.2,8.1,1189,2.8,50.6,Op-Frank,Morning,2026-04-27 11:29,0,None,PASS
BAT-11041,M-02,Line-1,PROD-C30,74.5,8.21,1219,1.78,50.7,Op-David,Morning,2026-07-21 11:29,0,None,PASS
BAT-11042,M-04,Line-2,PROD-B20,89.4,9.64,1419,5.86,72.2,Op-Alice,Morning,2026-02-16 11:29,1,Surface Crack,REWORK
BAT-11043,M-08,Line-4,PROD-D40,82.1,7.88,1199,2.77,38.5,Op-Alice,Night,2026-07-24 11:29,0,None,PASS
BAT-11044,M-08,Line-4,PROD-A10,71.3,8.53,1278,2.18,49.6,Op-Alice,Afternoon,2026-02-24 11:29,0,None,PASS
BAT-11045,M-01,Line-1,PROD-D40,75.1,8.4,1175,1.47,45.0,Op-Alice,Morning,2026-07-27 11:29,0,None,PASS
BAT-11046,M-08,Line-4,PROD-B20,74.0,8.67,1195,2.05,41.6,Op-Frank,Night,2026-04-10 11:29,0,None,PASS
BAT-11047,M-01,Line-1,PROD-B20,74.3,8.11,1290,2.03,50.2,Op-David,Night,2026-02-14 11:29,0,None,PASS
BAT-11048,M-01,Line-1,PROD-B20,77.8,9.14,1225,1.96,45.3,Op-Frank,Night,2026-03-15 11:29,1,Surface Crack,SCRAP
BAT-11049,M-02,Line-1,PROD-D40,77.8,8.54,1223,1.59,51.3,Op-Elena,Morning,2026-07-11 11:29,1,Surface Crack,REWORK
BAT-11050,M-04,Line-2,PROD-A10,82.1,8.21,1251,4.11,69.3,Op-Bob,Afternoon,2026-05-07 11:29,1,Surface Crack,SCRAP
BAT-11051,M-07,Line-4,PROD-C30,76.5,4.45,1333,2.82,56.9,Op-Alice,Night,2026-07-07 11:29,0,None,PASS
BAT-11052,M-06,Line-3,PROD-B20,75.3,8.56,1217,2.71,49.2,Op-Alice,Night,2026-03-26 11:29,0,None,PASS
BAT-11053,M-02,Line-1,PROD-C30,72.6,8.44,1222,1.84,50.9,Op-Bob,Afternoon,2026-03-25 11:29,0,None,PASS
BAT-11054,M-03,Line-2,PROD-D40,72.1,8.71,1177,2.27,40.9,Op-Bob,Night,2026-02-20 11:29,0,None,PASS
BAT-11055,M-07,Line-4,PROD-B20,75.5,5.87,1384,3.53,57.6,Op-Alice,Afternoon,2026-03-02 11:29,1,Dimensional Deviation,REWORK
BAT-11056,M-02,Line-1,PROD-C30,72.6,9.18,1206,2.02,51.2,Op-David,Night,2026-06-11 11:29,0,None,PASS
BAT-11057,M-04,Line-2,PROD-B20,78.4,9.39,1422,4.53,78.2,Op-Frank,Afternoon,2026-06-23 11:29,1,Dimensional Deviation,REWORK
BAT-11058,M-03,Line-2,PROD-A10,75.8,8.72,1211,1.98,46.6,Op-Elena,Morning,2026-06-17 11:29,0,None,PASS
BAT-11059,M-02,Line-1,PROD-C30,75.2,9.12,1206,1.31,55.0,Op-Charlie,Afternoon,2026-02-11 11:29,0,None,PASS
BAT-11060,M-04,Line-2,PROD-A10,78.9,11.46,1547,5.75,68.4,Op-Elena,Morning,2026-07-18 11:29,1,Dimensional Deviation,SCRAP
BAT-11061,M-04,Line-2,PROD-D40,84.6,8.76,1580,4.03,79.8,Op-Frank,Night,2026-04-04 11:29,1,Surface Crack,REWORK
BAT-11062,M-03,Line-2,PROD-D40,73.0,8.79,1223,1.75,51.0,Op-David,Morning,2026-03-22 11:29,0,None,PASS
BAT-11063,M-01,Line-1,PROD-A10,71.4,7.74,1192,3.27,41.7,Op-Frank,Afternoon,2026-04-23 11:29,0,None,PASS
BAT-11064,M-05,Line-3,PROD-C30,75.6,8.39,1219,1.5,46.0,Op-Elena,Afternoon,2026-02-21 11:29,0,None,PASS
BAT-11065,M-01,Line-1,PROD-B20,73.6,9.05,1175,1.9,46.9,Op-Bob,Morning,2026-06-14 11:29,0,None,PASS
BAT-11066,M-02,Line-1,PROD-B20,76.7,8.56,1213,2.25,54.4,Op-Frank,Afternoon,2026-07-11 11:29,0,None,PASS
BAT-11067,M-07,Line-4,PROD-B20,79.0,6.62,1475,4.03,44.4,Op-Frank,Night,2026-05-04 11:29,1,Dimensional Deviation,REWORK
BAT-11068,M-04,Line-2,PROD-A10,89.2,10.23,1404,5.48,59.7,Op-Bob,Night,2026-05-26 11:29,1,Surface Crack,REWORK
BAT-11069,M-04,Line-2,PROD-A10,87.2,10.62,1405,5.87,76.4,Op-David,Night,2026-06-14 11:29,1,Surface Crack,REWORK
BAT-11070,M-04,Line-2,PROD-D40,82.0,10.51,1520,4.81,76.4,Op-Bob,Afternoon,2026-05-16 11:29,1,Surface Crack,SCRAP
BAT-11071,M-06,Line-3,PROD-C30,72.9,9.05,1182,2.06,47.2,Op-Bob,Afternoon,2026-03-14 11:29,1,Contamination,REWORK
BAT-11072,M-03,Line-2,PROD-A10,76.9,8.79,1136,2.66,45.8,Op-David,Afternoon,2026-05-28 11:29,0,None,PASS
BAT-11073,M-06,Line-3,PROD-B20,79.6,8.17,1204,1.32,44.4,Op-Charlie,Night,2026-03-22 11:29,0,None,PASS
BAT-11074,M-03,Line-2,PROD-B20,69.4,9.19,1286,2.38,38.7,Op-Alice,Afternoon,2026-06-23 11:29,0,None,PASS
BAT-11075,M-04,Line-2,PROD-D40,76.9,9.8,1371,2.64,81.9,Op-David,Afternoon,2026-02-13 11:29,0,None,PASS
BAT-11076,M-04,Line-2,PROD-B20,81.3,9.08,1419,6.82,60.1,Op-Charlie,Afternoon,2026-07-08 11:29,1,Surface Crack,SCRAP
BAT-11077,M-03,Line-2,PROD-A10,72.9,8.82,1176,2.03,43.4,Op-David,Morning,2026-02-20 11:29,0,None,PASS
BAT-11078,M-01,Line-1,PROD-D40,72.8,8.83,1136,2.14,52.2,Op-Elena,Afternoon,2026-06-12 11:29,0,None,PASS
BAT-11079,M-02,Line-1,PROD-D40,73.4,8.28,1184,1.87,55.5,Op-David,Morning,2026-03-03 11:29,0,None,PASS
BAT-11080,M-01,Line-1,PROD-D40,74.0,8.45,1229,1.76,48.4,Op-Bob,Morning,2026-05-12 11:29,0,None,PASS
BAT-11081,M-02,Line-1,PROD-A10,73.0,8.04,1176,3.44,48.1,Op-David,Night,2026-04-29 11:29,0,None,PASS
BAT-11082,M-08,Line-4,PROD-A10,76.1,8.91,1253,1.41,43.0,Op-David,Afternoon,2026-03-17 11:29,0,None,PASS
BAT-11083,M-07,Line-4,PROD-B20,80.2,6.18,1427,4.72,60.5,Op-Charlie,Night,2026-06-08 11:29,1,Surface Crack,REWORK
BAT-11084,M-02,Line-1,PROD-D40,72.3,9.38,1182,1.78,43.2,Op-Frank,Afternoon,2026-06-25 11:29,0,None,PASS
BAT-11085,M-07,Line-4,PROD-C30,76.3,5.78,1227,3.8,55.9,Op-Frank,Night,2026-06-28 11:29,0,None,PASS
BAT-11086,M-04,Line-2,PROD-A10,92.1,11.35,1275,4.75,54.6,Op-Elena,Afternoon,2026-02-24 11:29,1,Surface Crack,SCRAP
BAT-11087,M-06,Line-3,PROD-A10,82.8,7.98,1230,2.5,45.2,Op-Alice,Afternoon,2026-05-14 11:29,0,None,PASS
BAT-11088,M-01,Line-1,PROD-C30,73.0,8.87,1161,1.88,45.4,Op-Charlie,Morning,2026-07-25 11:29,0,None,PASS
BAT-11089,M-02,Line-1,PROD-B20,74.1,8.81,1189,2.48,46.5,Op-Bob,Afternoon,2026-04-12 11:29,0,None,PASS
BAT-11090,M-08,Line-4,PROD-B20,72.7,8.24,1227,2.22,41.4,Op-Frank,Morning,2026-05-03 11:29,0,None,PASS
BAT-11091,M-05,Line-3,PROD-D40,76.9,9.13,1152,1.83,43.6,Op-Charlie,Morning,2026-02-26 11:29,0,None,PASS
BAT-11092,M-08,Line-4,PROD-D40,74.0,8.72,1242,3.24,49.2,Op-Elena,Night,2026-03-13 11:29,0,None,PASS
BAT-11093,M-05,Line-3,PROD-D40,70.7,8.61,1159,1.29,47.7,Op-Elena,Afternoon,2026-08-01 11:29,0,None,PASS
BAT-11094,M-02,Line-1,PROD-B20,73.7,7.75,1197,1.67,52.6,Op-David,Morning,2026-03-02 11:29,0,None,PASS
BAT-11095,M-03,Line-2,PROD-C30,70.7,8.39,1253,1.93,53.2,Op-Alice,Morning,2026-03-24 11:29,0,None,PASS
BAT-11096,M-03,Line-2,PROD-D40,76.5,7.67,1181,2.48,47.0,Op-Bob,Morning,2026-06-23 11:29,0,None,PASS
BAT-11097,M-01,Line-1,PROD-C30,77.1,7.93,1262,2.16,42.1,Op-David,Night,2026-06-28 11:29,0,None,PASS
BAT-11098,M-08,Line-4,PROD-C30,75.7,8.61,1210,1.83,45.6,Op-David,Afternoon,2026-07-25 11:29,1,Dimensional Deviation,REWORK
BAT-11099,M-04,Line-2,PROD-C30,86.0,10.3,1389,6.26,69.4,Op-David,Night,2026-05-08 11:29,1,Surface Crack,SCRAP
BAT-11100,M-08,Line-4,PROD-D40,72.8,8.58,1201,2.31,55.8,Op-David,Afternoon,2026-07-05 11:29,0,None,PASS
BAT-11101,M-05,Line-3,PROD-B20,76.9,9.27,1211,2.86,49.3,Op-Charlie,Morning,2026-06-13 11:29,0,None,PASS
BAT-11102,M-05,Line-3,PROD-A10,72.2,9.45,1297,2.5,51.4,Op-Bob,Afternoon,2026-04-23 11:29,0,None,PASS
BAT-11103,M-03,Line-2,PROD-B20,73.6,7.97,1185,2.1,42.4,Op-Frank,Night,2026-04-24 11:29,0,None,PASS
BAT-11104,M-03,Line-2,PROD-B20,76.8,9.07,1161,2.94,52.5,Op-Bob,Morning,2026-03-11 11:29,0,None,PASS
BAT-11105,M-06,Line-3,PROD-B20,72.7,8.6,1227,2.41,51.1,Op-David,Afternoon,2026-05-15 11:29,0,None,PASS
BAT-11106,M-01,Line-1,PROD-C30,73.6,8.86,1212,1.39,48.3,Op-Charlie,Morning,2026-05-16 11:29,0,None,PASS
BAT-11107,M-03,Line-2,PROD-C30,77.4,9.27,1274,2.74,49.2,Op-Alice,Morning,2026-05-24 11:29,0,None,PASS
BAT-11108,M-03,Line-2,PROD-D40,75.1,8.76,1310,2.11,37.1,Op-Charlie,Morning,2026-02-11 11:29,0,None,PASS
BAT-11109,M-06,Line-3,PROD-C30,69.9,8.32,1211,2.92,52.5,Op-David,Afternoon,2026-07-06 11:29,0,None,PASS
BAT-11110,M-08,Line-4,PROD-C30,78.1,9.42,1207,2.26,49.0,Op-Frank,Morning,2026-06-12 11:29,0,None,PASS
BAT-11111,M-03,Line-2,PROD-A10,71.5,9.4,1265,2.3,41.7,Op-Charlie,Morning,2026-05-23 11:29,0,None,PASS
BAT-11112,M-04,Line-2,PROD-D40,88.8,9.5,1402,3.77,71.0,Op-Charlie,Morning,2026-05-04 11:29,1,Dimensional Deviation,SCRAP
BAT-11113,M-04,Line-2,PROD-C30,76.7,10.6,1370,5.31,68.1,Op-Bob,Morning,2026-03-03 11:29,0,None,PASS
BAT-11114,M-08,Line-4,PROD-A10,76.8,7.92,1224,2.06,52.2,Op-Elena,Afternoon,2026-03-31 11:29,0,None,PASS
BAT-11115,M-01,Line-1,PROD-C30,69.7,8.46,1208,2.16,55.8,Op-David,Morning,2026-05-30 11:29,0,None,PASS
BAT-11116,M-06,Line-3,PROD-A10,75.2,9.4,1140,2.37,50.7,Op-Charlie,Afternoon,2026-05-10 11:29,0,None,PASS
BAT-11117,M-08,Line-4,PROD-A10,70.5,9.2,1167,3.07,42.5,Op-Bob,Night,2026-06-03 11:29,0,None,PASS
BAT-11118,M-07,Line-4,PROD-D40,77.1,6.24,1279,4.03,62.4,Op-Charlie,Morning,2026-05-29 11:29,1,Dimensional Deviation,REWORK
BAT-11119,M-02,Line-1,PROD-B20,77.1,8.21,1180,2.24,46.8,Op-Bob,Afternoon,2026-06-11 11:29,0,None,PASS
BAT-11120,M-06,Line-3,PROD-A10,70.8,8.63,1289,1.26,48.8,Op-Elena,Afternoon,2026-03-04 11:29,1,Color Variance,REWORK
BAT-11121,M-08,Line-4,PROD-B20,77.0,8.94,1132,1.52,58.8,Op-Bob,Morning,2026-05-18 11:29,0,None,PASS
BAT-11122,M-08,Line-4,PROD-A10,73.7,8.49,1153,2.44,51.5,Op-Charlie,Night,2026-04-28 11:29,0,None,PASS
BAT-11123,M-08,Line-4,PROD-B20,74.9,8.11,1217,1.15,53.3,Op-Alice,Morning,2026-03-21 11:29,0,None,PASS
BAT-11124,M-08,Line-4,PROD-A10,75.4,9.22,1184,2.07,49.3,Op-Frank,Night,2026-04-24 11:29,0,None,PASS
BAT-11125,M-08,Line-4,PROD-B20,71.9,8.36,1207,1.93,53.4,Op-Alice,Morning,2026-04-21 11:29,0,None,PASS
BAT-11126,M-02,Line-1,PROD-C30,77.3,8.64,1184,1.33,48.2,Op-Elena,Afternoon,2026-07-04 11:29,0,None,PASS
BAT-11127,M-05,Line-3,PROD-D40,74.2,8.4,1233,2.34,45.4,Op-Frank,Morning,2026-05-16 11:29,0,None,PASS
BAT-11128,M-01,Line-1,PROD-C30,76.2,8.86,1214,2.09,38.1,Op-Bob,Night,2026-02-24 11:29,0,None,PASS
BAT-11129,M-08,Line-4,PROD-B20,75.2,8.89,1090,2.22,53.5,Op-Charlie,Morning,2026-02-23 11:29,0,None,PASS
BAT-11130,M-07,Line-4,PROD-C30,80.8,7.5,1304,2.68,49.5,Op-Alice,Afternoon,2026-04-25 11:29,0,None,PASS
BAT-11131,M-02,Line-1,PROD-B20,72.1,8.17,1191,2.57,49.1,Op-Frank,Morning,2026-03-06 11:29,0,None,PASS
BAT-11132,M-03,Line-2,PROD-C30,72.5,9.59,1209,2.39,44.9,Op-Charlie,Night,2026-04-28 11:29,0,None,PASS
BAT-11133,M-06,Line-3,PROD-A10,75.2,8.52,1237,2.1,53.5,Op-Elena,Night,2026-05-11 11:29,0,None,PASS
BAT-11134,M-01,Line-1,PROD-B20,72.1,8.38,1184,2.24,50.5,Op-Elena,Afternoon,2026-05-16 11:29,0,None,PASS
BAT-11135,M-07,Line-4,PROD-C30,80.4,3.31,1509,3.23,53.6,Op-Bob,Morning,2026-04-06 11:29,1,Dimensional Deviation,REWORK
BAT-11136,M-04,Line-2,PROD-A10,94.0,9.37,1398,2.57,74.0,Op-David,Afternoon,2026-03-01 11:29,1,Dimensional Deviation,REWORK
BAT-11137,M-01,Line-1,PROD-D40,70.3,8.67,1212,2.81,51.3,Op-Charlie,Afternoon,2026-08-05 11:29,0,None,PASS
BAT-11138,M-08,Line-4,PROD-C30,77.7,8.23,1299,1.96,50.6,Op-Bob,Night,2026-04-28 11:29,1,Surface Crack,REWORK
BAT-11139,M-03,Line-2,PROD-B20,73.0,8.61,1235,1.58,45.6,Op-Charlie,Morning,2026-04-04 11:29,0,None,PASS
BAT-11140,M-02,Line-1,PROD-D40,69.9,7.77,1301,2.72,56.2,Op-Frank,Morning,2026-03-01 11:29,1,Porosity,SCRAP
BAT-11141,M-01,Line-1,PROD-B20,71.2,8.57,1207,2.1,48.6,Op-Alice,Morning,2026-07-28 11:29,0,None,PASS
BAT-11142,M-01,Line-1,PROD-D40,76.0,8.5,1266,2.36,50.6,Op-Alice,Afternoon,2026-02-21 11:29,0,None,PASS
BAT-11143,M-01,Line-1,PROD-A10,75.6,8.13,1165,2.11,50.8,Op-Alice,Night,2026-04-03 11:29,0,None,PASS
BAT-11144,M-04,Line-2,PROD-B20,81.0,9.11,1446,4.31,77.6,Op-Frank,Afternoon,2026-02-17 11:29,1,Surface Crack,SCRAP
BAT-11145,M-05,Line-3,PROD-C30,70.3,8.77,1176,1.33,52.2,Op-Charlie,Morning,2026-06-18 11:29,0,None,PASS
BAT-11146,M-04,Line-2,PROD-A10,87.8,10.2,1442,6.25,65.1,Op-Alice,Night,2026-02-13 11:29,1,Surface Crack,SCRAP
BAT-11147,M-05,Line-3,PROD-B20,75.6,8.31,1320,2.07,55.9,Op-Elena,Morning,2026-03-07 11:29,0,None,PASS
BAT-11148,M-08,Line-4,PROD-C30,77.6,8.68,1195,2.3,47.7,Op-Frank,Night,2026-03-29 11:29,0,None,PASS
BAT-11149,M-02,Line-1,PROD-B20,71.9,7.74,1220,2.17,51.6,Op-Charlie,Afternoon,2026-05-29 11:29,0,None,PASS
BAT-11150,M-04,Line-2,PROD-D40,83.2,11.51,1571,4.55,65.7,Op-Alice,Afternoon,2026-03-13 11:29,1,Surface Crack,REWORK
BAT-11151,M-08,Line-4,PROD-C30,73.9,9.22,1162,2.89,52.3,Op-Frank,Afternoon,2026-07-02 11:29,0,None,PASS
BAT-11152,M-02,Line-1,PROD-C30,73.9,9.03,1147,2.52,47.1,Op-David,Morning,2026-05-19 11:29,0,None,PASS
BAT-11153,M-05,Line-3,PROD-D40,74.0,8.19,1162,2.32,45.1,Op-Bob,Night,2026-05-25 11:29,0,None,PASS
BAT-11154,M-07,Line-4,PROD-B20,77.5,4.7,1498,3.99,55.4,Op-Alice,Afternoon,2026-08-02 11:29,1,Dimensional Deviation,REWORK
BAT-11155,M-08,Line-4,PROD-A10,71.6,8.37,1175,1.68,48.9,Op-David,Afternoon,2026-06-23 11:29,0,None,PASS
BAT-11156,M-02,Line-1,PROD-A10,77.7,8.2,1153,1.32,44.1,Op-Bob,Afternoon,2026-05-23 11:29,0,None,PASS
BAT-11157,M-02,Line-1,PROD-B20,73.7,8.37,1221,2.35,49.9,Op-Alice,Afternoon,2026-04-01 11:29,0,None,PASS
BAT-11158,M-07,Line-4,PROD-A10,76.7,7.9,1354,3.7,47.4,Op-Bob,Afternoon,2026-06-17 11:29,0,None,PASS
BAT-11159,M-05,Line-3,PROD-D40,77.5,8.72,1223,3.05,47.9,Op-Charlie,Afternoon,2026-07-30 11:29,0,None,PASS
BAT-11160,M-07,Line-4,PROD-D40,83.9,6.25,1319,1.98,52.0,Op-Elena,Afternoon,2026-03-19 11:29,0,None,PASS
BAT-11161,M-02,Line-1,PROD-A10,71.5,8.19,1152,1.92,44.4,Op-Charlie,Afternoon,2026-06-17 11:29,0,None,PASS
BAT-11162,M-03,Line-2,PROD-A10,79.3,7.96,1170,3.03,50.7,Op-Alice,Night,2026-02-23 11:29,0,None,PASS
BAT-11163,M-08,Line-4,PROD-A10,75.7,9.13,1185,1.8,52.2,Op-Bob,Afternoon,2026-07-14 11:29,0,None,PASS
BAT-11164,M-03,Line-2,PROD-C30,73.3,9.35,1235,2.8,43.1,Op-Elena,Night,2026-03-06 11:29,0,None,PASS
BAT-11165,M-08,Line-4,PROD-D40,78.9,8.83,1237,2.29,50.3,Op-Bob,Afternoon,2026-07-29 11:29,0,None,PASS
BAT-11166,M-05,Line-3,PROD-C30,78.1,8.43,1233,2.41,49.8,Op-Elena,Night,2026-02-14 11:29,0,None,PASS
BAT-11167,M-01,Line-1,PROD-D40,74.2,7.95,1194,2.61,48.2,Op-Alice,Afternoon,2026-06-05 11:29,0,None,PASS
BAT-11168,M-07,Line-4,PROD-D40,80.0,7.03,1455,1.91,57.0,Op-David,Morning,2026-02-18 11:29,1,Dimensional Deviation,SCRAP
BAT-11169,M-05,Line-3,PROD-B20,73.5,8.21,1284,2.06,46.5,Op-David,Afternoon,2026-03-16 11:29,0,None,PASS
BAT-11170,M-07,Line-4,PROD-D40,82.4,3.8,1397,4.05,43.8,Op-Alice,Night,2026-08-01 11:29,1,Surface Crack,REWORK
BAT-11171,M-08,Line-4,PROD-D40,69.6,8.99,1168,3.02,47.9,Op-Elena,Morning,2026-06-19 11:29,0,None,PASS
BAT-11172,M-05,Line-3,PROD-D40,75.3,7.72,1171,2.0,45.9,Op-Elena,Afternoon,2026-07-17 11:29,0,None,PASS
BAT-11173,M-05,Line-3,PROD-C30,70.1,8.62,1145,2.18,49.8,Op-Alice,Morning,2026-07-11 11:29,1,Color Variance,REWORK
BAT-11174,M-01,Line-1,PROD-C30,73.8,8.11,1217,1.73,45.2,Op-David,Morning,2026-05-30 11:29,0,None,PASS
BAT-11175,M-06,Line-3,PROD-D40,81.0,8.65,1245,2.81,40.9,Op-Charlie,Morning,2026-07-29 11:29,0,None,PASS
BAT-11176,M-04,Line-2,PROD-C30,80.5,10.74,1399,6.45,76.2,Op-Elena,Morning,2026-08-05 11:29,1,Surface Crack,REWORK
BAT-11177,M-06,Line-3,PROD-B20,76.3,8.07,1255,2.23,43.8,Op-Alice,Night,2026-05-04 11:29,0,None,PASS
BAT-11178,M-07,Line-4,PROD-D40,75.1,6.95,1331,2.46,53.1,Op-Charlie,Morning,2026-08-07 11:29,1,Dimensional Deviation,REWORK
BAT-11179,M-06,Line-3,PROD-D40,73.9,8.01,1158,1.86,56.4,Op-Elena,Afternoon,2026-05-03 11:29,0,None,PASS
BAT-11180,M-08,Line-4,PROD-A10,76.6,8.45,1178,2.12,42.4,Op-Frank,Night,2026-04-03 11:29,0,None,PASS
BAT-11181,M-06,Line-3,PROD-B20,78.3,7.48,1218,2.06,55.7,Op-Elena,Afternoon,2026-05-14 11:29,0,None,PASS
BAT-11182,M-04,Line-2,PROD-D40,82.3,10.42,1494,4.41,57.4,Op-Frank,Morning,2026-06-27 11:29,1,Surface Crack,REWORK
BAT-11183,M-05,Line-3,PROD-D40,77.1,8.47,1175,2.4,45.6,Op-Bob,Night,2026-03-05 11:29,0,None,PASS
BAT-11184,M-02,Line-1,PROD-C30,72.9,6.99,1235,2.1,47.6,Op-Charlie,Morning,2026-07-05 11:29,0,None,PASS
BAT-11185,M-08,Line-4,PROD-D40,74.3,8.98,1214,2.79,45.3,Op-Bob,Afternoon,2026-03-01 11:29,0,None,PASS
BAT-11186,M-05,Line-3,PROD-C30,71.1,8.99,1217,1.46,43.1,Op-David,Night,2026-06-28 11:29,0,None,PASS
BAT-11187,M-07,Line-4,PROD-D40,81.3,8.7,1331,2.57,43.1,Op-Charlie,Night,2026-06-21 11:29,0,None,PASS
BAT-11188,M-03,Line-2,PROD-A10,74.8,8.71,1253,2.5,47.6,Op-Frank,Night,2026-06-22 11:29,0,None,PASS
BAT-11189,M-08,Line-4,PROD-B20,74.6,7.86,1117,2.62,53.0,Op-Frank,Night,2026-06-09 11:29,0,None,PASS
BAT-11190,M-07,Line-4,PROD-A10,73.5,4.38,1196,3.63,53.1,Op-Elena,Morning,2026-05-14 11:29,0,None,PASS
BAT-11191,M-04,Line-2,PROD-B20,85.3,10.59,1541,5.6,75.4,Op-Frank,Night,2026-04-27 11:29,1,Surface Crack,REWORK
BAT-11192,M-02,Line-1,PROD-B20,77.0,8.75,1219,2.29,46.1,Op-David,Afternoon,2026-04-24 11:29,0,None,PASS
BAT-11193,M-05,Line-3,PROD-B20,71.1,9.03,1221,1.49,53.3,Op-David,Morning,2026-03-11 11:29,0,None,PASS
BAT-11194,M-01,Line-1,PROD-B20,73.6,8.34,1266,2.09,44.3,Op-Charlie,Afternoon,2026-06-14 11:29,0,None,PASS
BAT-11195,M-07,Line-4,PROD-D40,72.0,5.7,1258,3.45,60.9,Op-Frank,Morning,2026-04-02 11:29,1,Dimensional Deviation,REWORK
BAT-11196,M-05,Line-3,PROD-C30,76.4,8.31,1142,2.08,45.4,Op-Frank,Night,2026-03-27 11:29,0,None,PASS
BAT-11197,M-01,Line-1,PROD-D40,70.4,9.19,1240,1.88,47.9,Op-Alice,Morning,2026-03-03 11:29,0,None,PASS
BAT-11198,M-05,Line-3,PROD-A10,76.2,9.13,1226,2.65,47.1,Op-David,Afternoon,2026-07-31 11:29,0,None,PASS
BAT-11199,M-02,Line-1,PROD-D40,74.4,8.18,1237,2.26,45.0,Op-Frank,Morning,2026-04-11 11:29,0,None,PASS
BAT-11200,M-02,Line-1,PROD-C30,72.3,9.32,1252,2.06,41.2,Op-David,Morning,2026-04-11 11:29,0,None,PASS
BAT-11201,M-06,Line-3,PROD-C30,73.8,8.84,1171,2.23,49.2,Op-Elena,Night,2026-05-20 11:29,0,None,PASS
BAT-11202,M-04,Line-2,PROD-D40,83.8,9.46,1418,4.0,65.1,Op-Bob,Morning,2026-03-09 11:29,1,Surface Crack,SCRAP
BAT-11203,M-08,Line-4,PROD-D40,74.1,9.35,1161,2.05,48.7,Op-Charlie,Night,2026-02-24 11:29,0,None,PASS
BAT-11204,M-06,Line-3,PROD-A10,74.9,8.27,1214,2.97,41.8,Op-Charlie,Night,2026-05-29 11:29,0,None,PASS
BAT-11205,M-04,Line-2,PROD-C30,86.4,8.19,1455,6.01,75.5,Op-Bob,Afternoon,2026-06-11 11:29,1,Surface Crack,SCRAP
BAT-11206,M-01,Line-1,PROD-A10,77.1,8.12,1199,2.07,53.9,Op-Frank,Night,2026-02-23 11:29,0,None,PASS
BAT-11207,M-04,Line-2,PROD-C30,75.2,7.73,1428,6.38,64.9,Op-Elena,Afternoon,2026-04-30 11:29,1,Dimensional Deviation,SCRAP
BAT-11208,M-02,Line-1,PROD-B20,74.5,9.25,1130,2.1,46.4,Op-David,Afternoon,2026-02-12 11:29,0,None,PASS
BAT-11209,M-07,Line-4,PROD-C30,76.7,6.11,1386,3.97,60.4,Op-Charlie,Morning,2026-04-11 11:29,1,Dimensional Deviation,SCRAP
BAT-11210,M-03,Line-2,PROD-D40,70.2,8.75,1219,1.97,54.7,Op-Frank,Afternoon,2026-07-24 11:29,0,None,PASS
BAT-11211,M-01,Line-1,PROD-C30,75.7,9.05,1238,1.83,43.9,Op-Alice,Afternoon,2026-06-10 11:29,0,None,PASS
BAT-11212,M-06,Line-3,PROD-D40,68.9,8.26,1150,1.91,48.9,Op-Alice,Morning,2026-08-07 11:29,0,None,PASS
BAT-11213,M-02,Line-1,PROD-C30,73.9,8.49,1047,1.92,45.2,Op-David,Night,2026-06-30 11:29,0,None,PASS
BAT-11214,M-08,Line-4,PROD-A10,80.4,8.44,1181,2.14,49.7,Op-Alice,Night,2026-07-24 11:29,0,None,PASS
BAT-11215,M-08,Line-4,PROD-B20,73.5,8.8,1183,2.01,54.0,Op-Alice,Afternoon,2026-04-02 11:29,0,None,PASS
BAT-11216,M-06,Line-3,PROD-A10,78.0,9.05,1159,2.04,51.5,Op-Alice,Morning,2026-04-14 11:29,0,None,PASS
BAT-11217,M-03,Line-2,PROD-D40,76.5,8.22,1196,1.84,54.3,Op-Charlie,Afternoon,2026-06-12 11:29,0,None,PASS
BAT-11218,M-03,Line-2,PROD-C30,73.9,8.19,1243,2.22,48.5,Op-Bob,Night,2026-07-11 11:29,0,None,PASS
BAT-11219,M-05,Line-3,PROD-B20,74.8,9.25,1240,2.0,45.1,Op-Alice,Afternoon,2026-05-15 11:29,0,None,PASS
BAT-11220,M-07,Line-4,PROD-B20,82.8,5.69,1515,4.02,44.7,Op-Alice,Morning,2026-07-02 11:29,1,Surface Crack,SCRAP
BAT-11221,M-02,Line-1,PROD-D40,70.4,7.96,1137,2.75,49.5,Op-Bob,Afternoon,2026-08-08 11:29,0,None,PASS
BAT-11222,M-01,Line-1,PROD-D40,73.4,8.67,1210,2.17,42.1,Op-Elena,Afternoon,2026-07-13 11:29,0,None,PASS
BAT-11223,M-02,Line-1,PROD-C30,71.9,9.96,1233,2.37,48.8,Op-Bob,Night,2026-03-12 11:29,1,Contamination,REWORK
BAT-11224,M-08,Line-4,PROD-D40,73.1,8.46,1238,2.35,55.5,Op-Alice,Morning,2026-04-03 11:29,0,None,PASS
BAT-11225,M-05,Line-3,PROD-C30,77.5,8.61,1224,2.39,51.2,Op-Frank,Afternoon,2026-05-18 11:29,0,None,PASS
BAT-11226,M-04,Line-2,PROD-B20,89.5,11.43,1225,4.21,63.6,Op-Charlie,Night,2026-08-02 11:29,1,Surface Crack,REWORK
BAT-11227,M-03,Line-2,PROD-A10,75.5,9.33,1208,1.69,58.4,Op-Charlie,Afternoon,2026-04-11 11:29,0,None,PASS
BAT-11228,M-04,Line-2,PROD-C30,81.3,11.54,1493,3.25,61.6,Op-Elena,Night,2026-07-25 11:29,1,Dimensional Deviation,REWORK
BAT-11229,M-03,Line-2,PROD-C30,71.5,8.49,1167,2.52,46.5,Op-Frank,Afternoon,2026-08-04 11:29,0,None,PASS
BAT-11230,M-07,Line-4,PROD-D40,86.7,6.28,1430,4.16,56.1,Op-Frank,Night,2026-04-16 11:29,1,Surface Crack,REWORK
BAT-11231,M-01,Line-1,PROD-C30,72.9,8.64,1263,1.73,42.6,Op-Bob,Afternoon,2026-05-11 11:29,0,None,PASS
BAT-11232,M-01,Line-1,PROD-A10,74.3,8.18,1132,2.14,48.5,Op-Charlie,Night,2026-07-18 11:29,0,None,PASS
BAT-11233,M-07,Line-4,PROD-C30,78.2,6.8,1479,3.3,63.2,Op-Bob,Night,2026-02-20 11:29,1,Dimensional Deviation,REWORK
BAT-11234,M-08,Line-4,PROD-C30,75.8,8.76,1186,1.33,50.0,Op-David,Morning,2026-03-04 11:29,0,None,PASS
BAT-11235,M-07,Line-4,PROD-B20,78.8,7.04,1414,2.89,52.5,Op-Charlie,Morning,2026-05-01 11:29,1,Dimensional Deviation,REWORK
BAT-11236,M-05,Line-3,PROD-C30,76.3,8.85,1164,2.21,46.5,Op-David,Afternoon,2026-04-18 11:29,0,None,PASS
BAT-11237,M-05,Line-3,PROD-C30,75.9,8.92,1197,2.02,48.9,Op-David,Morning,2026-05-01 11:29,0,None,PASS
BAT-11238,M-08,Line-4,PROD-B20,71.3,8.35,1222,2.05,51.9,Op-Elena,Night,2026-07-22 11:29,0,None,PASS
BAT-11239,M-01,Line-1,PROD-B20,73.2,9.6,1196,1.84,49.4,Op-Bob,Morning,2026-04-09 11:29,0,None,PASS
BAT-11240,M-08,Line-4,PROD-C30,72.4,9.08,1173,2.5,43.3,Op-Bob,Night,2026-06-09 11:29,0,None,PASS
BAT-11241,M-08,Line-4,PROD-A10,74.4,7.89,1181,2.92,46.2,Op-David,Afternoon,2026-07-03 11:29,0,None,PASS
BAT-11242,M-08,Line-4,PROD-A10,75.9,9.19,1231,1.69,42.2,Op-Frank,Morning,2026-03-13 11:29,0,None,PASS
BAT-11243,M-04,Line-2,PROD-C30,79.7,12.62,1388,7.95,63.9,Op-Bob,Morning,2026-06-20 11:29,1,Dimensional Deviation,REWORK
BAT-11244,M-04,Line-2,PROD-A10,85.7,9.11,1414,5.51,58.5,Op-Elena,Night,2026-03-28 11:29,1,Surface Crack,REWORK
BAT-11245,M-08,Line-4,PROD-A10,69.9,8.89,1197,2.57,48.7,Op-Charlie,Morning,2026-04-23 11:29,0,None,PASS
BAT-11246,M-02,Line-1,PROD-D40,74.5,9.26,1195,2.87,40.0,Op-Charlie,Night,2026-03-09 11:29,0,None,PASS
BAT-11247,M-03,Line-2,PROD-A10,72.8,7.86,1159,1.56,49.6,Op-Alice,Afternoon,2026-07-28 11:29,0,None,PASS
BAT-11248,M-05,Line-3,PROD-A10,77.1,8.94,1230,1.63,49.2,Op-Charlie,Morning,2026-07-27 11:29,0,None,PASS
BAT-11249,M-08,Line-4,PROD-C30,76.2,8.43,1210,2.17,46.9,Op-Frank,Night,2026-07-05 11:29,0,None,PASS
BAT-11250,M-01,Line-1,PROD-C30,74.8,8.98,1223,1.92,51.0,Op-Charlie,Morning,2026-02-28 11:29,0,None,PASS
BAT-11251,M-07,Line-4,PROD-A10,80.1,4.93,1360,2.98,56.6,Op-David,Afternoon,2026-03-27 11:29,1,Dimensional Deviation,SCRAP
BAT-11252,M-07,Line-4,PROD-A10,73.3,7.03,1418,2.16,54.6,Op-Alice,Morning,2026-03-23 11:29,1,Dimensional Deviation,REWORK
BAT-11253,M-03,Line-2,PROD-A10,80.0,9.35,1197,1.21,40.1,Op-Charlie,Afternoon,2026-05-31 11:29,0,None,PASS
BAT-11254,M-05,Line-3,PROD-B20,76.0,8.35,1185,2.51,46.3,Op-Charlie,Night,2026-03-06 11:29,0,None,PASS
BAT-11255,M-04,Line-2,PROD-D40,84.0,8.38,1508,5.87,66.1,Op-David,Afternoon,2026-06-11 11:29,1,Surface Crack,SCRAP
BAT-11256,M-02,Line-1,PROD-D40,75.0,8.76,1298,1.79,50.9,Op-Charlie,Night,2026-03-29 11:29,0,None,PASS
BAT-11257,M-07,Line-4,PROD-A10,85.7,5.11,1405,2.97,52.2,Op-Alice,Night,2026-05-08 11:29,0,None,PASS
BAT-11258,M-04,Line-2,PROD-B20,92.6,8.04,1335,4.44,73.6,Op-David,Night,2026-07-21 11:29,1,Surface Crack,REWORK
BAT-11259,M-08,Line-4,PROD-D40,75.8,8.64,1132,1.7,44.3,Op-Alice,Afternoon,2026-04-27 11:29,0,None,PASS
BAT-11260,M-03,Line-2,PROD-C30,72.5,8.59,1174,2.22,48.9,Op-Bob,Night,2026-05-30 11:29,0,None,PASS
BAT-11261,M-01,Line-1,PROD-A10,76.6,9.2,1208,2.63,54.6,Op-Alice,Night,2026-03-09 11:29,0,None,PASS
BAT-11262,M-07,Line-4,PROD-A10,76.9,6.13,1415,4.1,64.6,Op-David,Night,2026-07-05 11:29,1,Dimensional Deviation,REWORK
BAT-11263,M-02,Line-1,PROD-A10,77.1,9.24,1235,2.39,48.4,Op-Alice,Night,2026-07-29 11:29,0,None,PASS
BAT-11264,M-03,Line-2,PROD-D40,72.0,8.13,1145,2.7,46.2,Op-Alice,Morning,2026-05-27 11:29,0,None,PASS
BAT-11265,M-05,Line-3,PROD-C30,77.9,7.41,1184,3.2,40.8,Op-Elena,Night,2026-06-06 11:29,0,None,PASS
BAT-11266,M-08,Line-4,PROD-C30,74.1,8.03,1178,1.72,45.7,Op-Charlie,Morning,2026-04-05 11:29,0,None,PASS
BAT-11267,M-05,Line-3,PROD-A10,79.1,9.31,1245,2.15,46.7,Op-David,Night,2026-02-14 11:29,1,Surface Crack,REWORK
BAT-11268,M-08,Line-4,PROD-D40,77.0,8.59,1207,2.89,48.3,Op-Frank,Afternoon,2026-07-28 11:29,0,None,PASS
BAT-11269,M-08,Line-4,PROD-C30,77.4,9.08,1245,1.78,45.5,Op-Elena,Night,2026-05-13 11:29,0,None,PASS
BAT-11270,M-07,Line-4,PROD-C30,74.8,5.53,1396,2.71,51.9,Op-Alice,Morning,2026-03-16 11:29,1,Dimensional Deviation,REWORK
BAT-11271,M-01,Line-1,PROD-B20,73.3,8.69,1165,2.13,48.4,Op-Alice,Morning,2026-06-13 11:29,0,None,PASS
BAT-11272,M-04,Line-2,PROD-D40,88.2,7.88,1444,5.28,63.7,Op-Frank,Night,2026-03-30 11:29,1,Surface Crack,SCRAP
BAT-11273,M-03,Line-2,PROD-D40,73.1,9.07,1240,2.11,45.5,Op-David,Morning,2026-03-11 11:29,0,None,PASS
BAT-11274,M-03,Line-2,PROD-D40,76.2,8.4,1273,1.78,47.5,Op-David,Afternoon,2026-02-15 11:29,0,None,PASS
BAT-11275,M-04,Line-2,PROD-B20,90.7,9.27,1489,4.28,57.8,Op-Charlie,Night,2026-05-21 11:29,1,Surface Crack,REWORK
BAT-11276,M-07,Line-4,PROD-D40,82.3,5.99,1352,3.62,54.1,Op-David,Night,2026-07-08 11:29,0,None,PASS
BAT-11277,M-05,Line-3,PROD-A10,76.9,8.82,1217,2.56,38.4,Op-David,Afternoon,2026-06-14 11:29,0,None,PASS
BAT-11278,M-08,Line-4,PROD-B20,68.6,8.14,1226,1.83,47.8,Op-Frank,Morning,2026-06-25 11:29,1,Contamination,REWORK
BAT-11279,M-02,Line-1,PROD-C30,76.0,9.15,1228,2.08,44.1,Op-Frank,Afternoon,2026-06-11 11:29,0,None,PASS
BAT-11280,M-06,Line-3,PROD-D40,75.7,8.5,1202,1.33,44.3,Op-Frank,Afternoon,2026-02-15 11:29,0,None,PASS
BAT-11281,M-04,Line-2,PROD-D40,85.6,9.57,1420,3.68,76.0,Op-Charlie,Afternoon,2026-04-10 11:29,1,Dimensional Deviation,REWORK
BAT-11282,M-06,Line-3,PROD-D40,72.9,8.53,1200,1.63,48.7,Op-Bob,Afternoon,2026-05-20 11:29,0,None,PASS
BAT-11283,M-06,Line-3,PROD-D40,72.8,8.51,1222,2.84,46.9,Op-Bob,Night,2026-04-04 11:29,0,None,PASS
BAT-11284,M-02,Line-1,PROD-D40,74.3,8.49,1128,2.33,58.5,Op-Bob,Morning,2026-04-02 11:29,0,None,PASS
BAT-11285,M-08,Line-4,PROD-A10,75.5,7.79,1225,1.74,45.5,Op-David,Afternoon,2026-04-28 11:29,0,None,PASS
BAT-11286,M-01,Line-1,PROD-A10,73.9,7.81,1227,1.81,50.7,Op-Charlie,Afternoon,2026-05-12 11:29,0,None,PASS
BAT-11287,M-03,Line-2,PROD-A10,72.6,8.83,1185,2.21,46.0,Op-Alice,Afternoon,2026-05-31 11:29,0,None,PASS
BAT-11288,M-04,Line-2,PROD-A10,78.7,10.0,1469,3.13,70.0,Op-Elena,Morning,2026-06-14 11:29,1,Dimensional Deviation,REWORK
BAT-11289,M-06,Line-3,PROD-A10,73.9,7.72,1344,2.42,55.0,Op-Elena,Afternoon,2026-03-20 11:29,0,None,PASS
BAT-11290,M-02,Line-1,PROD-A10,73.4,9.24,1173,2.39,47.0,Op-David,Afternoon,2026-03-10 11:29,0,None,PASS
BAT-11291,M-02,Line-1,PROD-A10,76.8,9.4,1278,1.91,51.0,Op-Elena,Morning,2026-03-24 11:29,0,None,PASS
BAT-11292,M-04,Line-2,PROD-C30,86.4,9.79,1300,4.78,67.8,Op-Bob,Night,2026-04-25 11:29,1,Surface Crack,SCRAP
BAT-11293,M-08,Line-4,PROD-A10,78.5,8.9,1191,2.51,47.7,Op-Bob,Night,2026-05-14 11:29,0,None,PASS
BAT-11294,M-03,Line-2,PROD-A10,79.2,8.9,1181,2.14,48.3,Op-Bob,Afternoon,2026-05-27 11:29,0,None,PASS
BAT-11295,M-01,Line-1,PROD-B20,74.2,6.68,1265,2.98,45.8,Op-David,Afternoon,2026-04-24 11:29,0,None,PASS
BAT-11296,M-02,Line-1,PROD-C30,74.7,8.24,1287,1.93,53.7,Op-Charlie,Night,2026-05-27 11:29,0,None,PASS
BAT-11297,M-04,Line-2,PROD-B20,79.3,9.29,1441,3.93,78.4,Op-Elena,Afternoon,2026-04-09 11:29,1,Dimensional Deviation,REWORK
BAT-11298,M-07,Line-4,PROD-D40,86.8,4.65,1432,2.12,51.6,Op-Elena,Night,2026-05-13 11:29,0,None,PASS
BAT-11299,M-08,Line-4,PROD-B20,80.7,8.48,1243,2.16,48.0,Op-Alice,Night,2026-06-22 11:29,0,None,PASS
BAT-11300,M-02,Line-1,PROD-C30,75.5,8.82,1176,1.36,54.1,Op-Charlie,Afternoon,2026-03-24 11:29,0,None,PASS
BAT-11301,M-07,Line-4,PROD-A10,79.5,5.96,1450,3.46,51.5,Op-Frank,Night,2026-03-20 11:29,0,None,PASS
BAT-11302,M-01,Line-1,PROD-C30,75.1,8.61,1160,1.56,40.4,Op-David,Afternoon,2026-08-03 11:29,0,None,PASS
BAT-11303,M-05,Line-3,PROD-C30,77.6,9.16,1220,2.15,46.7,Op-Charlie,Morning,2026-04-22 11:29,0,None,PASS
BAT-11304,M-03,Line-2,PROD-D40,70.8,8.32,1209,2.41,45.4,Op-David,Night,2026-04-03 11:29,0,None,PASS
BAT-11305,M-08,Line-4,PROD-C30,76.0,7.86,1257,1.8,45.9,Op-Frank,Afternoon,2026-04-01 11:29,0,None,PASS
BAT-11306,M-02,Line-1,PROD-A10,74.3,7.97,1135,1.94,50.9,Op-Elena,Afternoon,2026-05-20 11:29,0,None,PASS
BAT-11307,M-03,Line-2,PROD-C30,76.8,8.44,1271,1.75,51.2,Op-Bob,Morning,2026-06-20 11:29,0,None,PASS
BAT-11308,M-06,Line-3,PROD-B20,72.5,8.42,1123,0.92,50.5,Op-Alice,Morning,2026-06-28 11:29,0,None,PASS
BAT-11309,M-04,Line-2,PROD-C30,94.6,10.6,1617,4.7,74.2,Op-Frank,Afternoon,2026-06-19 11:29,1,Surface Crack,REWORK
BAT-11310,M-06,Line-3,PROD-C30,77.6,8.79,1122,2.84,42.0,Op-Frank,Night,2026-05-11 11:29,0,None,PASS
BAT-11311,M-02,Line-1,PROD-D40,77.5,7.89,1296,2.7,45.4,Op-Charlie,Night,2026-02-11 11:29,0,None,PASS
BAT-11312,M-04,Line-2,PROD-B20,91.0,10.48,1445,4.51,69.3,Op-Charlie,Afternoon,2026-04-23 11:29,1,Surface Crack,SCRAP
BAT-11313,M-03,Line-2,PROD-D40,74.3,7.59,1150,2.09,55.2,Op-Elena,Night,2026-04-14 11:29,0,None,PASS
BAT-11314,M-04,Line-2,PROD-C30,81.9,10.61,1490,6.61,71.2,Op-David,Morning,2026-03-19 11:29,1,Surface Crack,SCRAP
BAT-11315,M-02,Line-1,PROD-A10,75.8,9.12,1227,2.16,44.1,Op-Alice,Afternoon,2026-03-15 11:29,0,None,PASS
BAT-11316,M-08,Line-4,PROD-A10,74.7,9.21,1209,1.83,49.0,Op-Charlie,Night,2026-06-24 11:29,0,None,PASS
BAT-11317,M-07,Line-4,PROD-C30,79.1,7.02,1446,2.94,47.5,Op-Elena,Afternoon,2026-07-22 11:29,1,Dimensional Deviation,REWORK
BAT-11318,M-08,Line-4,PROD-D40,75.1,9.52,1174,1.88,48.8,Op-Bob,Morning,2026-06-19 11:29,0,None,PASS
BAT-11319,M-08,Line-4,PROD-B20,74.5,8.93,1221,2.17,42.7,Op-Frank,Night,2026-06-25 11:29,0,None,PASS
BAT-11320,M-04,Line-2,PROD-D40,84.5,10.89,1366,4.32,70.9,Op-David,Morning,2026-03-22 11:29,1,Surface Crack,REWORK
BAT-11321,M-02,Line-1,PROD-D40,67.9,8.51,1200,2.2,42.5,Op-Alice,Morning,2026-05-15 11:29,0,None,PASS
BAT-11322,M-01,Line-1,PROD-B20,76.5,8.83,1144,1.73,48.5,Op-Alice,Afternoon,2026-04-29 11:29,0,None,PASS
BAT-11323,M-05,Line-3,PROD-C30,74.9,8.31,1153,2.75,49.6,Op-David,Morning,2026-03-18 11:29,0,None,PASS
BAT-11324,M-07,Line-4,PROD-A10,80.8,7.36,1387,3.12,46.9,Op-Charlie,Afternoon,2026-04-06 11:29,1,Dimensional Deviation,SCRAP
BAT-11325,M-01,Line-1,PROD-A10,73.9,8.72,1262,2.37,50.5,Op-Elena,Afternoon,2026-02-27 11:29,0,None,PASS
BAT-11326,M-07,Line-4,PROD-D40,69.9,8.53,1263,3.08,67.7,Op-Elena,Afternoon,2026-07-04 11:29,0,None,PASS
BAT-11327,M-06,Line-3,PROD-D40,77.6,8.07,1221,2.41,45.7,Op-David,Night,2026-07-15 11:29,0,None,PASS
BAT-11328,M-03,Line-2,PROD-D40,76.6,8.76,1155,2.4,49.8,Op-David,Night,2026-06-04 11:29,0,None,PASS
BAT-11329,M-06,Line-3,PROD-A10,72.9,7.71,1186,2.77,44.9,Op-Elena,Night,2026-07-19 11:29,0,None,PASS
BAT-11330,M-04,Line-2,PROD-D40,86.1,9.63,1578,4.92,66.8,Op-Charlie,Night,2026-02-21 11:29,0,None,PASS
BAT-11331,M-08,Line-4,PROD-C30,71.9,8.93,1309,2.18,44.9,Op-Frank,Morning,2026-03-24 11:29,0,None,PASS
BAT-11332,M-05,Line-3,PROD-A10,76.2,8.53,1245,2.4,43.5,Op-Frank,Night,2026-03-03 11:29,0,None,PASS
BAT-11333,M-01,Line-1,PROD-B20,80.0,8.22,1112,1.96,49.8,Op-David,Night,2026-02-14 11:29,0,None,PASS
BAT-11334,M-03,Line-2,PROD-A10,70.0,9.25,1239,1.66,45.3,Op-Charlie,Morning,2026-04-13 11:29,0,None,PASS
BAT-11335,M-08,Line-4,PROD-A10,74.1,8.84,1184,2.07,48.6,Op-Elena,Night,2026-05-03 11:29,0,None,PASS
BAT-11336,M-01,Line-1,PROD-D40,73.6,9.14,1208,1.48,46.9,Op-Alice,Afternoon,2026-06-01 11:29,0,None,PASS
BAT-11337,M-01,Line-1,PROD-C30,75.9,8.81,1165,2.89,50.3,Op-David,Afternoon,2026-03-05 11:29,0,None,PASS
BAT-11338,M-02,Line-1,PROD-B20,73.7,8.62,1283,1.81,45.1,Op-Charlie,Morning,2026-03-28 11:29,0,None,PASS
BAT-11339,M-02,Line-1,PROD-B20,77.0,7.71,1257,2.31,58.0,Op-Charlie,Afternoon,2026-08-02 11:29,0,None,PASS
BAT-11340,M-06,Line-3,PROD-B20,73.7,9.49,1182,2.02,45.5,Op-Alice,Night,2026-02-24 11:29,0,None,PASS
BAT-11341,M-02,Line-1,PROD-C30,75.5,8.6,1236,1.86,49.0,Op-Bob,Afternoon,2026-05-03 11:29,0,None,PASS
BAT-11342,M-02,Line-1,PROD-A10,76.9,8.29,1256,2.29,45.9,Op-Bob,Morning,2026-07-12 11:29,0,None,PASS
BAT-11343,M-08,Line-4,PROD-D40,71.5,7.73,1162,1.9,46.7,Op-Alice,Afternoon,2026-02-25 11:29,0,None,PASS
BAT-11344,M-07,Line-4,PROD-A10,77.1,5.49,1445,3.35,52.0,Op-David,Morning,2026-05-25 11:29,0,None,PASS
BAT-11345,M-01,Line-1,PROD-C30,77.2,8.92,1286,2.77,49.3,Op-Elena,Night,2026-08-01 11:29,0,None,PASS
BAT-11346,M-03,Line-2,PROD-C30,75.0,8.23,1189,2.36,48.0,Op-Elena,Afternoon,2026-06-04 11:29,1,Contamination,REWORK
BAT-11347,M-03,Line-2,PROD-C30,76.9,8.38,1195,2.13,42.7,Op-Elena,Morning,2026-04-13 11:29,0,None,PASS
BAT-11348,M-07,Line-4,PROD-D40,78.3,6.86,1372,2.68,58.9,Op-Alice,Morning,2026-06-08 11:29,0,None,PASS
BAT-11349,M-05,Line-3,PROD-B20,76.9,8.4,1241,2.06,51.7,Op-Alice,Morning,2026-06-13 11:29,0,None,PASS
BAT-11350,M-05,Line-3,PROD-D40,75.2,8.26,1274,2.52,42.3,Op-Charlie,Night,2026-04-05 11:29,0,None,PASS
BAT-11351,M-05,Line-3,PROD-A10,76.5,8.81,1264,1.94,47.4,Op-Bob,Night,2026-06-26 11:29,0,None,PASS
BAT-11352,M-05,Line-3,PROD-A10,76.0,9.42,1183,2.55,47.3,Op-David,Night,2026-03-13 11:29,0,None,PASS
BAT-11353,M-05,Line-3,PROD-D40,77.0,9.53,1113,2.21,45.2,Op-Bob,Night,2026-06-19 11:29,0,None,PASS
BAT-11354,M-06,Line-3,PROD-C30,73.2,8.67,1248,2.02,45.7,Op-Frank,Afternoon,2026-06-05 11:29,0,None,PASS
BAT-11355,M-06,Line-3,PROD-C30,76.6,8.07,1225,1.93,46.5,Op-Bob,Afternoon,2026-07-13 11:29,0,None,PASS
BAT-11356,M-03,Line-2,PROD-A10,77.4,8.81,1260,1.8,54.5,Op-Elena,Afternoon,2026-02-11 11:29,0,None,PASS
BAT-11357,M-03,Line-2,PROD-D40,73.0,8.37,1236,1.45,48.9,Op-Elena,Night,2026-06-15 11:29,0,None,PASS
BAT-11358,M-02,Line-1,PROD-A10,80.2,8.55,1252,2.03,44.0,Op-Elena,Morning,2026-07-31 11:29,0,None,PASS
BAT-11359,M-02,Line-1,PROD-C30,77.1,8.46,1263,2.14,52.1,Op-David,Night,2026-05-12 11:29,0,None,PASS
BAT-11360,M-01,Line-1,PROD-A10,73.1,9.33,1212,2.18,47.2,Op-David,Afternoon,2026-03-31 11:29,0,None,PASS
BAT-11361,M-04,Line-2,PROD-A10,79.3,11.07,1317,3.74,71.6,Op-Charlie,Night,2026-05-12 11:29,1,Porosity,SCRAP
BAT-11362,M-04,Line-2,PROD-B20,82.6,10.85,1465,4.12,80.5,Op-David,Afternoon,2026-02-19 11:29,1,Surface Crack,SCRAP
BAT-11363,M-04,Line-2,PROD-A10,75.6,7.6,1400,5.37,69.7,Op-Bob,Night,2026-05-22 11:29,1,Dimensional Deviation,REWORK
BAT-11364,M-08,Line-4,PROD-B20,77.0,9.02,1241,1.65,47.7,Op-Elena,Morning,2026-07-28 11:29,0,None,PASS
BAT-11365,M-03,Line-2,PROD-A10,70.5,9.0,1284,3.02,46.7,Op-Elena,Morning,2026-02-26 11:29,0,None,PASS
BAT-11366,M-04,Line-2,PROD-C30,91.5,11.07,1514,5.99,70.4,Op-Bob,Night,2026-02-15 11:29,0,None,PASS
BAT-11367,M-05,Line-3,PROD-D40,75.1,8.81,1137,2.18,43.5,Op-Alice,Afternoon,2026-07-24 11:29,0,None,PASS
BAT-11368,M-01,Line-1,PROD-C30,73.2,8.53,1216,2.14,49.9,Op-David,Afternoon,2026-04-21 11:29,0,None,PASS
BAT-11369,M-08,Line-4,PROD-D40,79.6,9.62,1216,1.87,50.0,Op-Charlie,Night,2026-02-21 11:29,0,None,PASS
BAT-11370,M-04,Line-2,PROD-A10,70.0,8.66,1317,5.02,69.5,Op-Charlie,Afternoon,2026-06-26 11:29,0,None,PASS
BAT-11371,M-01,Line-1,PROD-D40,72.5,7.88,1238,2.74,55.0,Op-Bob,Afternoon,2026-03-02 11:29,0,None,PASS
BAT-11372,M-01,Line-1,PROD-B20,71.8,9.31,1146,2.37,41.2,Op-Frank,Afternoon,2026-03-01 11:29,0,None,PASS
BAT-11373,M-04,Line-2,PROD-B20,86.7,10.44,1433,6.02,71.7,Op-Charlie,Afternoon,2026-02-26 11:29,1,Surface Crack,REWORK
BAT-11374,M-08,Line-4,PROD-D40,75.6,7.55,1132,2.15,49.0,Op-Alice,Night,2026-07-20 11:29,0,None,PASS
BAT-11375,M-05,Line-3,PROD-B20,69.3,7.82,1181,2.22,48.8,Op-Alice,Afternoon,2026-04-12 11:29,0,None,PASS
BAT-11376,M-01,Line-1,PROD-C30,71.3,7.83,1276,2.0,51.2,Op-Elena,Morning,2026-02-28 11:29,0,None,PASS
BAT-11377,M-08,Line-4,PROD-A10,76.2,9.63,1178,2.15,47.6,Op-Frank,Afternoon,2026-07-08 11:29,0,None,PASS
BAT-11378,M-01,Line-1,PROD-A10,76.9,8.07,1234,1.99,51.1,Op-David,Afternoon,2026-08-06 11:29,1,Dimensional Deviation,REWORK
BAT-11379,M-08,Line-4,PROD-A10,74.6,8.27,1267,2.68,46.0,Op-Charlie,Night,2026-07-20 11:29,0,None,PASS
BAT-11380,M-02,Line-1,PROD-A10,77.1,9.29,1293,2.22,40.9,Op-Elena,Morning,2026-04-26 11:29,0,None,PASS
BAT-11381,M-07,Line-4,PROD-A10,80.7,5.67,1467,3.24,51.1,Op-Elena,Afternoon,2026-04-10 11:29,0,None,PASS
BAT-11382,M-01,Line-1,PROD-D40,75.9,8.86,1159,2.36,39.3,Op-David,Afternoon,2026-05-30 11:29,0,None,PASS
BAT-11383,M-02,Line-1,PROD-C30,78.4,9.19,1157,2.0,43.2,Op-Frank,Night,2026-02-16 11:29,0,None,PASS
BAT-11384,M-06,Line-3,PROD-B20,73.1,9.61,1250,2.19,46.5,Op-Alice,Morning,2026-02-13 11:29,0,None,PASS
BAT-11385,M-02,Line-1,PROD-B20,73.3,8.02,1128,2.13,45.9,Op-Elena,Morning,2026-07-23 11:29,0,None,PASS
BAT-11386,M-06,Line-3,PROD-D40,77.3,8.09,1157,2.66,51.2,Op-David,Night,2026-07-18 11:29,0,None,PASS
BAT-11387,M-04,Line-2,PROD-B20,74.3,8.93,1417,5.24,71.4,Op-Alice,Morning,2026-03-14 11:29,1,Dimensional Deviation,REWORK
BAT-11388,M-06,Line-3,PROD-C30,76.6,8.68,1306,2.8,52.6,Op-Elena,Night,2026-03-19 11:29,0,None,PASS
BAT-11389,M-05,Line-3,PROD-C30,74.7,8.79,1270,2.29,49.1,Op-Charlie,Afternoon,2026-02-12 11:29,0,None,PASS
BAT-11390,M-03,Line-2,PROD-A10,78.1,9.41,1191,2.13,46.1,Op-Bob,Night,2026-07-03 11:29,0,None,PASS
BAT-11391,M-07,Line-4,PROD-C30,81.3,7.19,1348,2.86,52.3,Op-Bob,Morning,2026-07-23 11:29,0,None,PASS
BAT-11392,M-02,Line-1,PROD-C30,75.8,8.72,1212,1.73,48.3,Op-Bob,Night,2026-06-11 11:29,0,None,PASS
BAT-11393,M-08,Line-4,PROD-C30,73.9,8.43,1215,2.5,46.0,Op-Elena,Night,2026-05-06 11:29,0,None,PASS
BAT-11394,M-07,Line-4,PROD-C30,75.5,6.06,1456,3.67,52.4,Op-Bob,Morning,2026-06-06 11:29,0,None,PASS
BAT-11395,M-01,Line-1,PROD-D40,69.5,8.75,1216,1.46,46.3,Op-Bob,Morning,2026-07-23 11:29,0,None,PASS
BAT-11396,M-04,Line-2,PROD-D40,79.7,10.05,1315,2.98,71.3,Op-Elena,Morning,2026-04-12 11:29,0,None,PASS
BAT-11397,M-06,Line-3,PROD-D40,74.2,7.72,1196,2.52,49.9,Op-Bob,Afternoon,2026-03-29 11:29,0,None,PASS
BAT-11398,M-01,Line-1,PROD-C30,70.8,8.45,1203,1.97,54.2,Op-Alice,Morning,2026-05-12 11:29,1,Surface Crack,REWORK
BAT-11399,M-08,Line-4,PROD-B20,74.4,9.47,1229,2.6,49.4,Op-Frank,Night,2026-05-13 11:29,1,Surface Crack,REWORK
BAT-11400,M-05,Line-3,PROD-B20,71.6,8.13,1249,2.05,41.8,Op-Bob,Afternoon,2026-03-26 11:29,0,None,PASS
BAT-11401,M-04,Line-2,PROD-B20,85.5,8.74,1476,5.38,67.2,Op-Bob,Morning,2026-03-27 11:29,1,Surface Crack,SCRAP
BAT-11402,M-01,Line-1,PROD-B20,76.3,8.17,1161,2.47,44.1,Op-David,Night,2026-03-10 11:29,0,None,PASS
BAT-11403,M-04,Line-2,PROD-C30,80.1,9.58,1445,3.83,66.9,Op-David,Morning,2026-05-15 11:29,1,Surface Crack,SCRAP
BAT-11404,M-07,Line-4,PROD-A10,80.4,8.5,1391,3.5,45.6,Op-Alice,Morning,2026-03-15 11:29,0,None,PASS
BAT-11405,M-04,Line-2,PROD-D40,83.4,8.68,1477,3.6,58.5,Op-Frank,Afternoon,2026-05-02 11:29,0,None,PASS
BAT-11406,M-04,Line-2,PROD-A10,88.2,9.05,1137,4.86,73.6,Op-Elena,Night,2026-03-30 11:29,1,Surface Crack,REWORK
BAT-11407,M-03,Line-2,PROD-C30,79.6,8.84,1203,1.7,53.7,Op-Bob,Morning,2026-07-21 11:29,0,None,PASS
BAT-11408,M-03,Line-2,PROD-D40,73.8,7.67,1176,3.11,50.1,Op-Bob,Night,2026-03-02 11:29,0,None,PASS
BAT-11409,M-02,Line-1,PROD-B20,76.6,8.02,1193,1.99,51.8,Op-Elena,Afternoon,2026-07-25 11:29,0,None,PASS
BAT-11410,M-06,Line-3,PROD-D40,73.3,8.45,1196,1.98,52.1,Op-Elena,Afternoon,2026-03-27 11:29,0,None,PASS
BAT-11411,M-06,Line-3,PROD-D40,70.1,8.42,1223,2.37,50.1,Op-Frank,Afternoon,2026-06-11 11:29,0,None,PASS
BAT-11412,M-07,Line-4,PROD-A10,83.3,5.61,1249,4.25,51.7,Op-Bob,Morning,2026-04-02 11:29,1,Surface Crack,REWORK
BAT-11413,M-04,Line-2,PROD-C30,83.8,10.43,1399,5.14,65.8,Op-David,Afternoon,2026-07-06 11:29,1,Surface Crack,SCRAP
BAT-11414,M-05,Line-3,PROD-A10,78.1,8.43,1140,2.65,47.3,Op-Bob,Morning,2026-04-26 11:29,0,None,PASS
BAT-11415,M-06,Line-3,PROD-B20,72.9,9.4,1250,2.71,47.4,Op-Elena,Morning,2026-06-09 11:29,0,None,PASS
BAT-11416,M-06,Line-3,PROD-D40,73.7,8.59,1231,1.37,43.9,Op-David,Afternoon,2026-05-31 11:29,0,None,PASS
BAT-11417,M-08,Line-4,PROD-C30,76.0,8.98,1258,1.83,50.0,Op-Charlie,Afternoon,2026-02-16 11:29,0,None,PASS
BAT-11418,M-04,Line-2,PROD-C30,88.9,9.67,1525,2.66,66.1,Op-Frank,Morning,2026-05-12 11:29,0,None,PASS
BAT-11419,M-05,Line-3,PROD-A10,70.8,7.34,1216,2.24,47.1,Op-Charlie,Morning,2026-03-07 11:29,0,None,PASS
BAT-11420,M-06,Line-3,PROD-A10,73.5,8.16,1231,1.71,47.1,Op-Elena,Morning,2026-05-06 11:29,0,None,PASS
BAT-11421,M-06,Line-3,PROD-C30,79.3,8.08,1249,2.52,48.2,Op-Charlie,Night,2026-08-03 11:29,0,None,PASS
BAT-11422,M-04,Line-2,PROD-B20,79.3,9.69,1435,5.8,68.3,Op-Frank,Night,2026-06-29 11:29,0,None,PASS
BAT-11423,M-01,Line-1,PROD-C30,74.0,8.71,1223,2.41,49.6,Op-Charlie,Afternoon,2026-05-24 11:29,0,None,PASS
BAT-11424,M-01,Line-1,PROD-D40,73.1,7.19,1197,1.73,47.8,Op-Frank,Night,2026-03-20 11:29,0,None,PASS
BAT-11425,M-04,Line-2,PROD-B20,83.7,8.06,1357,5.01,66.7,Op-Frank,Night,2026-04-04 11:29,1,Surface Crack,REWORK
BAT-11426,M-08,Line-4,PROD-D40,71.4,8.93,1288,2.05,45.7,Op-Charlie,Morning,2026-05-01 11:29,0,None,PASS
BAT-11427,M-07,Line-4,PROD-D40,80.5,7.49,1310,4.24,47.0,Op-Bob,Afternoon,2026-06-05 11:29,0,None,PASS
BAT-11428,M-01,Line-1,PROD-C30,72.9,8.74,1133,2.92,43.8,Op-Bob,Night,2026-03-14 11:29,0,None,PASS
BAT-11429,M-01,Line-1,PROD-D40,74.8,9.29,1191,2.04,56.1,Op-Frank,Afternoon,2026-05-07 11:29,0,None,PASS
BAT-11430,M-07,Line-4,PROD-D40,74.2,5.26,1375,4.8,58.7,Op-Frank,Night,2026-04-27 11:29,1,Dimensional Deviation,REWORK
BAT-11431,M-01,Line-1,PROD-B20,70.9,8.65,1187,1.59,46.6,Op-Bob,Afternoon,2026-07-05 11:29,0,None,PASS
BAT-11432,M-07,Line-4,PROD-D40,73.0,8.24,1382,3.92,51.3,Op-Bob,Afternoon,2026-02-26 11:29,1,Dimensional Deviation,REWORK
BAT-11433,M-02,Line-1,PROD-C30,75.1,9.52,1234,2.71,52.2,Op-Elena,Afternoon,2026-07-23 11:29,0,None,PASS
BAT-11434,M-02,Line-1,PROD-B20,82.4,8.69,1247,2.11,50.1,Op-Alice,Night,2026-07-01 11:29,0,None,PASS
BAT-11435,M-08,Line-4,PROD-A10,70.4,8.94,1210,1.22,50.4,Op-Bob,Morning,2026-02-27 11:29,0,None,PASS
BAT-11436,M-07,Line-4,PROD-C30,80.9,7.04,1421,3.25,63.0,Op-Bob,Morning,2026-04-25 11:29,1,Dimensional Deviation,REWORK
BAT-11437,M-01,Line-1,PROD-C30,74.7,7.84,1186,2.2,47.2,Op-Elena,Morning,2026-03-25 11:29,0,None,PASS
BAT-11438,M-07,Line-4,PROD-D40,74.7,6.18,1288,3.94,59.7,Op-Bob,Morning,2026-03-15 11:29,0,None,PASS
BAT-11439,M-08,Line-4,PROD-A10,72.8,8.34,1228,2.0,50.6,Op-David,Morning,2026-03-15 11:29,0,None,PASS
BAT-11440,M-05,Line-3,PROD-D40,75.6,8.62,1229,2.51,46.9,Op-Frank,Night,2026-06-11 11:29,0,None,PASS
BAT-11441,M-05,Line-3,PROD-B20,75.0,8.94,1258,2.08,51.8,Op-Elena,Night,2026-08-04 11:29,0,None,PASS
BAT-11442,M-04,Line-2,PROD-A10,84.3,11.24,1391,4.73,65.1,Op-Bob,Afternoon,2026-02-26 11:29,1,Surface Crack,SCRAP
BAT-11443,M-04,Line-2,PROD-C30,82.2,11.06,1371,6.02,60.8,Op-Elena,Afternoon,2026-06-07 11:29,1,Surface Crack,REWORK
BAT-11444,M-02,Line-1,PROD-C30,76.0,8.49,1176,1.92,45.4,Op-Frank,Afternoon,2026-05-09 11:29,0,None,PASS
BAT-11445,M-05,Line-3,PROD-D40,73.8,7.75,1227,2.03,47.6,Op-Elena,Morning,2026-05-27 11:29,0,None,PASS
BAT-11446,M-07,Line-4,PROD-D40,81.8,6.01,1369,4.69,57.4,Op-David,Night,2026-03-28 11:29,1,Surface Crack,REWORK
BAT-11447,M-01,Line-1,PROD-B20,77.5,7.36,1189,2.71,54.7,Op-Bob,Afternoon,2026-07-20 11:29,0,None,PASS
BAT-11448,M-02,Line-1,PROD-B20,73.3,8.23,1199,1.91,47.8,Op-David,Afternoon,2026-07-01 11:29,0,None,PASS
BAT-11449,M-06,Line-3,PROD-A10,71.6,8.72,1249,2.88,42.2,Op-Alice,Night,2026-05-04 11:29,0,None,PASS
BAT-11450,M-03,Line-2,PROD-C30,77.3,8.93,1253,2.08,40.5,Op-Bob,Night,2026-02-21 11:29,0,None,PASS
BAT-11451,M-02,Line-1,PROD-D40,73.0,8.74,1201,1.74,51.8,Op-David,Afternoon,2026-05-23 11:29,0,None,PASS
BAT-11452,M-07,Line-4,PROD-A10,76.1,5.55,1351,2.13,47.0,Op-Alice,Afternoon,2026-03-11 11:29,0,None,PASS
BAT-11453,M-03,Line-2,PROD-C30,77.2,8.63,1204,2.26,52.7,Op-Frank,Night,2026-06-08 11:29,0,None,PASS
BAT-11454,M-02,Line-1,PROD-A10,75.7,8.72,1190,1.95,39.9,Op-Elena,Night,2026-04-13 11:29,0,None,PASS
BAT-11455,M-08,Line-4,PROD-B20,71.2,8.45,1175,2.09,49.5,Op-David,Afternoon,2026-03-23 11:29,0,None,PASS
BAT-11456,M-01,Line-1,PROD-A10,76.6,8.75,1225,1.7,45.2,Op-Bob,Afternoon,2026-03-13 11:29,0,None,PASS
BAT-11457,M-07,Line-4,PROD-B20,75.4,6.51,1314,3.03,50.8,Op-Alice,Night,2026-02-12 11:29,0,None,PASS
BAT-11458,M-03,Line-2,PROD-D40,78.4,9.51,1152,1.66,46.5,Op-Charlie,Morning,2026-04-06 11:29,0,None,PASS
BAT-11459,M-04,Line-2,PROD-D40,87.2,9.55,1246,3.77,80.5,Op-Frank,Morning,2026-07-22 11:29,0,None,PASS
BAT-11460,M-02,Line-1,PROD-D40,77.4,9.05,1164,1.93,43.3,Op-Frank,Afternoon,2026-06-03 11:29,0,None,PASS
BAT-11461,M-01,Line-1,PROD-A10,75.0,8.37,1196,1.93,52.6,Op-David,Morning,2026-04-14 11:29,0,None,PASS
BAT-11462,M-04,Line-2,PROD-B20,81.7,8.46,1544,4.92,68.2,Op-Alice,Morning,2026-05-28 11:29,1,Surface Crack,REWORK
BAT-11463,M-04,Line-2,PROD-A10,88.3,9.13,1450,4.82,57.0,Op-Bob,Morning,2026-07-30 11:29,1,Surface Crack,REWORK
BAT-11464,M-07,Line-4,PROD-A10,73.3,7.24,1328,3.48,52.9,Op-Charlie,Afternoon,2026-07-03 11:29,0,None,PASS
BAT-11465,M-04,Line-2,PROD-D40,78.9,10.22,1496,4.94,71.7,Op-David,Morning,2026-04-10 11:29,1,Dimensional Deviation,REWORK
BAT-11466,M-03,Line-2,PROD-A10,78.2,9.21,1135,1.69,55.5,Op-David,Night,2026-05-01 11:29,1,Dimensional Deviation,REWORK
BAT-11467,M-02,Line-1,PROD-C30,75.1,8.54,1140,2.68,46.9,Op-Frank,Night,2026-05-15 11:29,0,None,PASS
BAT-11468,M-04,Line-2,PROD-D40,87.2,9.22,1376,3.96,63.6,Op-Charlie,Night,2026-06-17 11:29,0,None,PASS
BAT-11469,M-02,Line-1,PROD-B20,76.7,8.71,1237,1.78,53.6,Op-Charlie,Morning,2026-07-13 11:29,0,None,PASS
BAT-11470,M-07,Line-4,PROD-B20,74.6,4.42,1345,2.98,52.1,Op-Charlie,Morning,2026-07-22 11:29,0,None,PASS
BAT-11471,M-06,Line-3,PROD-D40,74.1,8.13,1213,2.11,53.6,Op-Alice,Afternoon,2026-02-14 11:29,0,None,PASS
BAT-11472,M-08,Line-4,PROD-D40,77.5,8.71,1184,2.67,51.9,Op-Elena,Night,2026-04-10 11:29,0,None,PASS
BAT-11473,M-01,Line-1,PROD-B20,77.1,8.1,1217,2.57,39.4,Op-Alice,Night,2026-03-13 11:29,0,None,PASS
BAT-11474,M-07,Line-4,PROD-B20,78.2,5.96,1226,3.54,50.0,Op-Elena,Morning,2026-02-25 11:29,1,Dimensional Deviation,REWORK
BAT-11475,M-04,Line-2,PROD-B20,90.4,10.78,1453,4.44,57.5,Op-David,Morning,2026-07-24 11:29,1,Surface Crack,SCRAP
BAT-11476,M-08,Line-4,PROD-C30,73.3,8.38,1233,2.08,40.9,Op-Bob,Afternoon,2026-05-02 11:29,0,None,PASS
BAT-11477,M-01,Line-1,PROD-D40,74.4,8.6,1161,1.94,43.0,Op-Frank,Afternoon,2026-02-16 11:29,0,None,PASS
BAT-11478,M-06,Line-3,PROD-C30,74.8,8.92,1285,1.7,45.2,Op-Bob,Morning,2026-06-28 11:29,1,Dimensional Deviation,SCRAP
BAT-11479,M-04,Line-2,PROD-D40,91.3,9.58,1417,4.67,69.2,Op-Elena,Afternoon,2026-03-28 11:29,1,Surface Crack,REWORK
BAT-11480,M-08,Line-4,PROD-A10,74.8,8.78,1196,2.38,47.2,Op-Bob,Morning,2026-07-22 11:29,0,None,PASS
BAT-11481,M-04,Line-2,PROD-B20,82.1,8.21,1401,5.59,72.4,Op-Alice,Morning,2026-07-11 11:29,1,Surface Crack,SCRAP
BAT-11482,M-04,Line-2,PROD-B20,82.2,8.69,1467,6.79,64.0,Op-Elena,Morning,2026-05-30 11:29,1,Surface Crack,REWORK
BAT-11483,M-04,Line-2,PROD-B20,79.6,10.36,1383,4.76,59.4,Op-David,Morning,2026-07-15 11:29,1,Dimensional Deviation,REWORK
BAT-11484,M-08,Line-4,PROD-B20,76.2,8.86,1230,1.74,51.6,Op-Charlie,Afternoon,2026-03-02 11:29,0,None,PASS
BAT-11485,M-06,Line-3,PROD-D40,74.1,8.11,1182,2.45,40.1,Op-David,Morning,2026-06-10 11:29,0,None,PASS
BAT-11486,M-07,Line-4,PROD-B20,77.1,5.58,1322,4.62,56.1,Op-David,Morning,2026-05-18 11:29,1,Dimensional Deviation,REWORK
BAT-11487,M-05,Line-3,PROD-B20,71.6,8.66,1205,2.96,51.3,Op-Elena,Night,2026-03-26 11:29,0,None,PASS
BAT-11488,M-08,Line-4,PROD-C30,74.0,8.53,1199,2.06,44.5,Op-David,Afternoon,2026-05-17 11:29,0,None,PASS
BAT-11489,M-08,Line-4,PROD-A10,72.6,8.41,1243,1.78,47.3,Op-Charlie,Morning,2026-06-10 11:29,0,None,PASS
BAT-11490,M-04,Line-2,PROD-A10,84.8,9.59,1434,5.64,78.8,Op-Alice,Night,2026-05-16 11:29,1,Surface Crack,SCRAP
BAT-11491,M-07,Line-4,PROD-C30,77.9,6.07,1369,3.47,57.7,Op-David,Afternoon,2026-04-29 11:29,0,None,PASS
BAT-11492,M-02,Line-1,PROD-D40,73.1,8.78,1202,1.6,45.2,Op-Alice,Morning,2026-05-19 11:29,0,None,PASS
BAT-11493,M-03,Line-2,PROD-B20,73.8,8.81,1280,1.83,40.6,Op-David,Afternoon,2026-05-10 11:29,0,None,PASS
BAT-11494,M-08,Line-4,PROD-C30,77.0,8.22,1256,1.9,48.5,Op-Frank,Morning,2026-07-26 11:29,0,None,PASS
BAT-11495,M-07,Line-4,PROD-B20,76.5,4.23,1370,3.61,47.5,Op-Bob,Afternoon,2026-02-18 11:29,0,None,PASS
BAT-11496,M-06,Line-3,PROD-A10,80.2,8.42,1200,3.01,44.7,Op-Frank,Night,2026-07-25 11:29,0,None,PASS
BAT-11497,M-08,Line-4,PROD-B20,71.0,9.22,1242,1.73,48.3,Op-Charlie,Morning,2026-07-14 11:29,0,None,PASS
BAT-11498,M-03,Line-2,PROD-A10,71.4,8.51,1236,2.77,48.3,Op-Alice,Morning,2026-07-24 11:29,0,None,PASS
BAT-11499,M-07,Line-4,PROD-D40,82.8,6.03,1404,4.73,53.0,Op-Frank,Night,2026-03-02 11:29,1,Surface Crack,REWORK
BAT-11500,M-07,Line-4,PROD-B20,77.6,6.91,1334,3.78,56.2,Op-David,Afternoon,2026-08-06 11:29,1,Dimensional Deviation,SCRAP
BAT-11501,M-07,Line-4,PROD-C30,82.2,5.92,1319,4.49,60.1,Op-Frank,Afternoon,2026-03-04 11:29,1,Surface Crack,REWORK
BAT-11502,M-06,Line-3,PROD-B20,71.4,8.79,1184,3.25,46.4,Op-Charlie,Night,2026-04-04 11:29,0,None,PASS
BAT-11503,M-07,Line-4,PROD-C30,77.5,7.33,1442,3.32,47.4,Op-Alice,Morning,2026-06-15 11:29,1,Dimensional Deviation,REWORK
BAT-11504,M-07,Line-4,PROD-D40,75.7,7.55,1383,2.78,58.0,Op-Frank,Afternoon,2026-05-31 11:29,1,Dimensional Deviation,REWORK
BAT-11505,M-03,Line-2,PROD-B20,73.2,8.76,1184,1.58,51.1,Op-David,Morning,2026-06-18 11:29,0,None,PASS
BAT-11506,M-08,Line-4,PROD-B20,73.9,8.2,1236,1.87,50.4,Op-Bob,Morning,2026-02-25 11:29,0,None,PASS
BAT-11507,M-04,Line-2,PROD-C30,74.1,10.16,1426,4.11,71.9,Op-David,Afternoon,2026-07-20 11:29,0,None,PASS
BAT-11508,M-02,Line-1,PROD-B20,79.7,8.23,1167,2.01,44.2,Op-Alice,Afternoon,2026-03-03 11:29,0,None,PASS
BAT-11509,M-05,Line-3,PROD-A10,72.0,8.89,1272,1.97,49.9,Op-Charlie,Morning,2026-07-09 11:29,0,None,PASS
BAT-11510,M-08,Line-4,PROD-A10,73.7,7.95,1201,2.14,48.3,Op-Alice,Morning,2026-04-19 11:29,0,None,PASS
BAT-11511,M-01,Line-1,PROD-A10,72.6,8.36,1086,1.95,49.6,Op-Alice,Morning,2026-06-23 11:29,0,None,PASS
BAT-11512,M-07,Line-4,PROD-C30,77.4,5.2,1322,2.61,49.8,Op-David,Afternoon,2026-05-07 11:29,0,None,PASS
BAT-11513,M-06,Line-3,PROD-C30,74.7,9.17,1139,1.49,49.6,Op-Frank,Afternoon,2026-05-01 11:29,0,None,PASS
BAT-11514,M-06,Line-3,PROD-D40,72.1,7.9,1202,2.61,48.3,Op-David,Night,2026-02-24 11:29,0,None,PASS
BAT-11515,M-06,Line-3,PROD-A10,73.2,7.5,1267,2.33,48.8,Op-Alice,Afternoon,2026-08-07 11:29,0,None,PASS
BAT-11516,M-03,Line-2,PROD-A10,74.5,9.81,1299,1.95,42.4,Op-Elena,Morning,2026-06-25 11:29,0,None,PASS
BAT-11517,M-04,Line-2,PROD-C30,88.8,9.3,1251,5.13,64.8,Op-David,Night,2026-08-04 11:29,1,Surface Crack,REWORK
BAT-11518,M-07,Line-4,PROD-B20,78.3,6.62,1213,3.65,60.0,Op-Alice,Night,2026-05-03 11:29,1,Dimensional Deviation,REWORK
BAT-11519,M-01,Line-1,PROD-C30,79.1,9.6,1205,1.75,46.8,Op-Frank,Afternoon,2026-04-10 11:29,0,None,PASS
BAT-11520,M-07,Line-4,PROD-A10,83.2,6.09,1192,2.72,54.1,Op-Charlie,Afternoon,2026-06-11 11:29,0,None,PASS
BAT-11521,M-02,Line-1,PROD-D40,77.1,8.73,1212,1.66,47.1,Op-Charlie,Night,2026-03-31 11:29,0,None,PASS
BAT-11522,M-01,Line-1,PROD-B20,73.3,8.95,1202,1.98,47.1,Op-David,Morning,2026-04-28 11:29,0,None,PASS
BAT-11523,M-08,Line-4,PROD-B20,75.7,8.7,1278,2.55,49.7,Op-David,Morning,2026-06-13 11:29,0,None,PASS
BAT-11524,M-04,Line-2,PROD-B20,90.5,12.26,1550,6.24,64.6,Op-Bob,Morning,2026-07-28 11:29,1,Surface Crack,REWORK
BAT-11525,M-01,Line-1,PROD-B20,77.2,8.54,1192,1.86,44.3,Op-Charlie,Afternoon,2026-04-22 11:29,0,None,PASS
BAT-11526,M-05,Line-3,PROD-D40,71.5,9.21,1275,2.21,45.4,Op-Frank,Morning,2026-07-30 11:29,0,None,PASS
BAT-11527,M-08,Line-4,PROD-A10,78.0,8.74,1209,1.69,46.4,Op-Frank,Afternoon,2026-04-08 11:29,0,None,PASS
BAT-11528,M-02,Line-1,PROD-C30,77.3,8.98,1189,1.65,47.1,Op-David,Night,2026-05-18 11:29,0,None,PASS
BAT-11529,M-07,Line-4,PROD-B20,79.0,6.88,1327,3.19,67.7,Op-Bob,Afternoon,2026-03-11 11:29,1,Dimensional Deviation,REWORK
BAT-11530,M-06,Line-3,PROD-B20,75.4,8.53,1131,2.01,52.0,Op-Frank,Morning,2026-07-06 11:29,0,None,PASS
BAT-11531,M-06,Line-3,PROD-D40,76.9,8.89,1210,2.29,50.2,Op-Elena,Night,2026-02-10 11:29,0,None,PASS
BAT-11532,M-04,Line-2,PROD-D40,89.4,8.66,1384,3.91,58.2,Op-David,Afternoon,2026-05-14 11:29,1,Surface Crack,SCRAP
BAT-11533,M-03,Line-2,PROD-B20,73.8,8.73,1162,2.28,50.4,Op-Alice,Afternoon,2026-02-12 11:29,0,None,PASS
BAT-11534,M-08,Line-4,PROD-C30,75.1,7.99,1204,1.85,49.4,Op-Bob,Afternoon,2026-04-07 11:29,0,None,PASS
BAT-11535,M-08,Line-4,PROD-B20,70.6,8.37,1227,2.1,42.9,Op-Elena,Afternoon,2026-03-19 11:29,0,None,PASS
BAT-11536,M-01,Line-1,PROD-C30,73.8,9.63,1191,2.9,49.5,Op-Charlie,Night,2026-08-05 11:29,0,None,PASS
BAT-11537,M-08,Line-4,PROD-B20,75.0,8.19,1157,2.47,42.2,Op-David,Afternoon,2026-05-17 11:29,1,Color Variance,REWORK
BAT-11538,M-04,Line-2,PROD-B20,83.2,10.2,1557,5.21,66.6,Op-Frank,Night,2026-02-23 11:29,1,Surface Crack,SCRAP
BAT-11539,M-08,Line-4,PROD-D40,76.2,8.37,1257,1.78,51.1,Op-Charlie,Night,2026-03-22 11:29,0,None,PASS
BAT-11540,M-07,Line-4,PROD-C30,80.9,5.85,1367,3.22,64.1,Op-David,Night,2026-06-11 11:29,0,None,PASS
BAT-11541,M-07,Line-4,PROD-D40,80.2,4.21,1334,0.84,53.5,Op-Alice,Night,2026-04-23 11:29,1,Dimensional Deviation,SCRAP
BAT-11542,M-07,Line-4,PROD-A10,78.6,6.85,1359,4.31,55.7,Op-Bob,Afternoon,2026-07-08 11:29,0,None,PASS
BAT-11543,M-01,Line-1,PROD-C30,76.0,7.83,1219,1.88,48.8,Op-David,Night,2026-03-23 11:29,0,None,PASS
BAT-11544,M-08,Line-4,PROD-D40,73.3,8.78,1274,2.77,49.5,Op-Charlie,Morning,2026-04-04 11:29,0,None,PASS
BAT-11545,M-04,Line-2,PROD-A10,87.4,9.68,1313,4.98,74.5,Op-Charlie,Night,2026-07-07 11:29,1,Surface Crack,SCRAP
BAT-11546,M-03,Line-2,PROD-D40,71.1,8.8,1208,2.5,50.4,Op-David,Night,2026-03-25 11:29,0,None,PASS
BAT-11547,M-02,Line-1,PROD-C30,76.8,8.53,1219,2.25,48.5,Op-David,Morning,2026-02-23 11:29,0,None,PASS
BAT-11548,M-06,Line-3,PROD-D40,76.9,8.41,1184,2.25,51.6,Op-Bob,Night,2026-05-24 11:29,0,None,PASS
BAT-11549,M-02,Line-1,PROD-B20,72.5,8.86,1180,1.42,43.9,Op-David,Afternoon,2026-04-28 11:29,0,None,PASS
BAT-11550,M-03,Line-2,PROD-D40,75.6,8.05,1280,2.08,51.2,Op-Frank,Night,2026-07-28 11:29,0,None,PASS
BAT-11551,M-08,Line-4,PROD-D40,79.3,8.33,1153,2.01,46.3,Op-Charlie,Night,2026-07-27 11:29,0,None,PASS
BAT-11552,M-01,Line-1,PROD-A10,74.2,8.53,1188,2.0,42.8,Op-Alice,Morning,2026-03-13 11:29,0,None,PASS
BAT-11553,M-04,Line-2,PROD-A10,83.1,9.23,1473,5.68,62.0,Op-Elena,Night,2026-07-06 11:29,1,Surface Crack,SCRAP
BAT-11554,M-02,Line-1,PROD-B20,77.9,8.72,1227,1.95,49.8,Op-David,Afternoon,2026-07-25 11:29,0,None,PASS
BAT-11555,M-05,Line-3,PROD-B20,71.3,8.66,1208,2.31,49.3,Op-Alice,Afternoon,2026-02-26 11:29,0,None,PASS
BAT-11556,M-03,Line-2,PROD-D40,73.0,9.01,1275,2.15,48.3,Op-Frank,Morning,2026-05-21 11:29,0,None,PASS
BAT-11557,M-08,Line-4,PROD-A10,75.6,9.55,1148,2.33,43.6,Op-Elena,Night,2026-06-27 11:29,0,None,PASS
BAT-11558,M-02,Line-1,PROD-B20,72.7,8.34,1189,2.79,48.6,Op-Frank,Morning,2026-03-28 11:29,0,None,PASS
BAT-11559,M-03,Line-2,PROD-A10,71.2,9.23,1251,2.2,46.5,Op-Elena,Afternoon,2026-05-01 11:29,0,None,PASS
BAT-11560,M-03,Line-2,PROD-B20,75.6,8.55,1178,2.01,44.7,Op-Frank,Morning,2026-03-04 11:29,0,None,PASS
BAT-11561,M-01,Line-1,PROD-A10,78.1,9.07,1226,2.93,43.5,Op-Alice,Night,2026-04-27 11:29,0,None,PASS
BAT-11562,M-03,Line-2,PROD-D40,78.9,8.77,1248,2.08,49.2,Op-Frank,Morning,2026-04-14 11:29,0,None,PASS
BAT-11563,M-05,Line-3,PROD-D40,76.9,8.93,1223,2.13,53.3,Op-Bob,Night,2026-06-15 11:29,0,None,PASS
BAT-11564,M-06,Line-3,PROD-B20,73.9,8.62,1220,1.88,44.1,Op-Frank,Morning,2026-07-29 11:29,0,None,PASS
BAT-11565,M-04,Line-2,PROD-A10,81.5,8.97,1398,4.85,72.8,Op-Bob,Morning,2026-04-27 11:29,1,Surface Crack,REWORK
BAT-11566,M-03,Line-2,PROD-B20,71.9,8.26,1238,2.32,49.4,Op-Elena,Afternoon,2026-04-22 11:29,0,None,PASS
BAT-11567,M-07,Line-4,PROD-A10,71.3,5.41,1485,2.32,65.1,Op-Elena,Afternoon,2026-04-17 11:29,1,Dimensional Deviation,SCRAP
BAT-11568,M-07,Line-4,PROD-D40,69.3,3.34,1438,4.48,53.0,Op-Alice,Afternoon,2026-08-02 11:29,1,Dimensional Deviation,SCRAP
BAT-11569,M-04,Line-2,PROD-A10,86.1,8.91,1333,5.88,69.8,Op-Frank,Night,2026-04-19 11:29,0,None,PASS
BAT-11570,M-04,Line-2,PROD-C30,91.9,10.56,1363,5.74,61.1,Op-Elena,Night,2026-07-25 11:29,0,None,PASS
BAT-11571,M-03,Line-2,PROD-D40,75.3,8.36,1209,2.74,48.3,Op-Bob,Afternoon,2026-06-01 11:29,0,None,PASS
BAT-11572,M-04,Line-2,PROD-A10,87.4,8.9,1387,4.0,76.9,Op-Charlie,Morning,2026-06-26 11:29,1,Surface Crack,REWORK
BAT-11573,M-02,Line-1,PROD-C30,71.7,8.09,1130,2.77,46.2,Op-Frank,Morning,2026-05-13 11:29,0,None,PASS
BAT-11574,M-05,Line-3,PROD-B20,73.5,8.98,1184,1.9,44.6,Op-Bob,Afternoon,2026-02-12 11:29,0,None,PASS
BAT-11575,M-04,Line-2,PROD-D40,80.3,11.23,1437,3.72,72.6,Op-Alice,Morning,2026-03-26 11:29,1,Dimensional Deviation,SCRAP
BAT-11576,M-08,Line-4,PROD-A10,72.3,9.6,1255,1.5,46.2,Op-Elena,Afternoon,2026-08-08 11:29,0,None,PASS
BAT-11577,M-05,Line-3,PROD-C30,73.2,8.3,1214,1.83,52.8,Op-Elena,Morning,2026-02-22 11:29,0,None,PASS
BAT-11578,M-07,Line-4,PROD-B20,82.1,7.37,1411,2.98,50.4,Op-Charlie,Night,2026-08-02 11:29,0,None,PASS
BAT-11579,M-07,Line-4,PROD-D40,78.1,4.7,1384,3.78,51.4,Op-Elena,Morning,2026-04-17 11:29,1,Dimensional Deviation,REWORK
BAT-11580,M-03,Line-2,PROD-B20,74.3,9.47,1236,2.82,51.3,Op-Bob,Afternoon,2026-07-05 11:29,0,None,PASS
BAT-11581,M-01,Line-1,PROD-C30,73.4,7.75,1206,2.2,51.3,Op-Frank,Morning,2026-08-02 11:29,0,None,PASS
BAT-11582,M-08,Line-4,PROD-B20,73.6,8.68,1200,2.48,53.7,Op-David,Afternoon,2026-06-09 11:29,0,None,PASS
BAT-11583,M-05,Line-3,PROD-D40,74.1,8.91,1299,2.29,48.5,Op-Elena,Night,2026-04-09 11:29,0,None,PASS
BAT-11584,M-02,Line-1,PROD-C30,74.7,8.88,1221,2.01,52.9,Op-David,Afternoon,2026-03-05 11:29,0,None,PASS
BAT-11585,M-02,Line-1,PROD-B20,71.3,8.05,1229,1.83,47.1,Op-Alice,Morning,2026-07-07 11:29,0,None,PASS
BAT-11586,M-05,Line-3,PROD-D40,75.9,8.68,1245,1.43,52.8,Op-Alice,Afternoon,2026-08-02 11:29,0,None,PASS
BAT-11587,M-03,Line-2,PROD-D40,75.2,8.46,1229,1.71,48.9,Op-David,Night,2026-08-04 11:29,0,None,PASS
BAT-11588,M-02,Line-1,PROD-D40,74.8,8.49,1217,2.31,46.2,Op-Alice,Night,2026-03-30 11:29,0,None,PASS
BAT-11589,M-01,Line-1,PROD-D40,72.9,8.78,1163,2.17,55.4,Op-Frank,Night,2026-05-09 11:29,0,None,PASS
BAT-11590,M-01,Line-1,PROD-D40,74.6,8.79,1271,1.86,44.5,Op-Bob,Night,2026-06-24 11:29,0,None,PASS
BAT-11591,M-03,Line-2,PROD-A10,71.5,8.54,1281,1.12,50.7,Op-Charlie,Morning,2026-06-21 11:29,0,None,PASS
BAT-11592,M-01,Line-1,PROD-D40,74.7,7.79,1208,2.22,49.3,Op-David,Afternoon,2026-03-25 11:29,0,None,PASS
BAT-11593,M-02,Line-1,PROD-C30,72.6,8.88,1205,1.76,47.7,Op-Frank,Morning,2026-06-28 11:29,0,None,PASS
BAT-11594,M-02,Line-1,PROD-C30,78.4,7.62,1216,2.63,46.7,Op-Charlie,Afternoon,2026-04-26 11:29,0,None,PASS
BAT-11595,M-01,Line-1,PROD-D40,75.1,8.22,1159,2.28,58.0,Op-Bob,Afternoon,2026-07-24 11:29,0,None,PASS
BAT-11596,M-01,Line-1,PROD-D40,69.9,8.97,1215,1.91,47.3,Op-Elena,Afternoon,2026-02-24 11:29,0,None,PASS
BAT-11597,M-08,Line-4,PROD-C30,67.2,8.68,1158,2.29,49.3,Op-Charlie,Afternoon,2026-03-09 11:29,1,Dimensional Deviation,REWORK
BAT-11598,M-01,Line-1,PROD-A10,75.5,8.25,1207,1.69,47.0,Op-David,Afternoon,2026-04-01 11:29,0,None,PASS
BAT-11599,M-03,Line-2,PROD-D40,72.8,8.0,1127,1.68,52.1,Op-Alice,Afternoon,2026-02-11 11:29,0,None,PASS
BAT-11600,M-05,Line-3,PROD-B20,70.9,8.4,1241,1.58,46.2,Op-David,Afternoon,2026-05-16 11:29,0,None,PASS
BAT-11601,M-07,Line-4,PROD-B20,77.5,3.77,1320,2.38,55.2,Op-Elena,Afternoon,2026-03-09 11:29,0,None,PASS
BAT-11602,M-08,Line-4,PROD-B20,76.5,8.48,1117,1.76,49.4,Op-Bob,Afternoon,2026-06-01 11:29,1,Dimensional Deviation,REWORK
BAT-11603,M-05,Line-3,PROD-A10,77.0,7.85,1202,2.3,49.1,Op-Bob,Afternoon,2026-05-28 11:29,0,None,PASS
BAT-11604,M-01,Line-1,PROD-B20,75.3,7.37,1180,2.06,52.6,Op-Frank,Morning,2026-06-12 11:29,0,None,PASS
BAT-11605,M-05,Line-3,PROD-A10,76.3,8.92,1226,2.81,45.4,Op-David,Afternoon,2026-06-30 11:29,0,None,PASS
BAT-11606,M-03,Line-2,PROD-C30,80.9,8.07,1234,2.18,55.9,Op-David,Night,2026-05-20 11:29,0,None,PASS
BAT-11607,M-02,Line-1,PROD-A10,81.3,7.96,1161,1.85,48.9,Op-Bob,Morning,2026-05-09 11:29,0,None,PASS
BAT-11608,M-04,Line-2,PROD-A10,83.7,10.0,1418,7.13,61.1,Op-Frank,Afternoon,2026-05-30 11:29,0,None,PASS
BAT-11609,M-01,Line-1,PROD-D40,75.4,8.74,1256,1.97,53.2,Op-David,Afternoon,2026-04-23 11:29,0,None,PASS
BAT-11610,M-07,Line-4,PROD-B20,78.5,7.56,1166,3.41,55.0,Op-Elena,Morning,2026-06-20 11:29,0,None,PASS
BAT-11611,M-05,Line-3,PROD-A10,73.6,8.44,1228,2.33,50.7,Op-Charlie,Night,2026-04-14 11:29,0,None,PASS
BAT-11612,M-07,Line-4,PROD-B20,87.5,6.67,1333,3.47,62.0,Op-David,Night,2026-03-08 11:29,0,None,PASS
BAT-11613,M-03,Line-2,PROD-B20,78.1,8.27,1213,2.79,45.9,Op-Elena,Night,2026-07-22 11:29,0,None,PASS
BAT-11614,M-02,Line-1,PROD-B20,72.0,9.05,1222,1.77,40.3,Op-David,Morning,2026-04-21 11:29,0,None,PASS
BAT-11615,M-03,Line-2,PROD-D40,75.6,7.85,1247,2.96,54.7,Op-Alice,Night,2026-04-02 11:29,0,None,PASS
BAT-11616,M-01,Line-1,PROD-D40,74.5,7.85,1244,2.01,53.7,Op-David,Night,2026-04-29 11:29,0,None,PASS
BAT-11617,M-04,Line-2,PROD-B20,88.8,10.33,1350,4.19,68.3,Op-Charlie,Afternoon,2026-06-12 11:29,1,Surface Crack,REWORK
BAT-11618,M-01,Line-1,PROD-C30,73.4,8.91,1209,1.56,47.2,Op-Alice,Afternoon,2026-05-14 11:29,0,None,PASS
BAT-11619,M-06,Line-3,PROD-D40,76.2,8.9,1202,2.12,51.1,Op-Bob,Afternoon,2026-02-22 11:29,0,None,PASS
BAT-11620,M-01,Line-1,PROD-A10,76.8,7.96,1270,2.41,51.1,Op-Frank,Night,2026-05-03 11:29,0,None,PASS
BAT-11621,M-08,Line-4,PROD-C30,77.0,8.77,1207,2.15,52.2,Op-Elena,Morning,2026-05-31 11:29,0,None,PASS
BAT-11622,M-08,Line-4,PROD-C30,75.4,9.57,1185,2.19,45.9,Op-Charlie,Afternoon,2026-03-10 11:29,0,None,PASS
BAT-11623,M-01,Line-1,PROD-B20,70.5,8.16,1202,1.7,48.4,Op-Charlie,Afternoon,2026-05-13 11:29,0,None,PASS
BAT-11624,M-06,Line-3,PROD-B20,79.1,8.17,1197,1.99,52.9,Op-Frank,Afternoon,2026-04-04 11:29,0,None,PASS
BAT-11625,M-02,Line-1,PROD-A10,73.0,8.72,1152,3.23,48.1,Op-Bob,Night,2026-07-14 11:29,0,None,PASS
BAT-11626,M-04,Line-2,PROD-B20,81.4,9.89,1276,5.22,72.3,Op-Frank,Afternoon,2026-03-07 11:29,1,Surface Crack,REWORK
BAT-11627,M-06,Line-3,PROD-C30,76.0,8.27,1251,1.87,52.9,Op-Frank,Afternoon,2026-04-02 11:29,0,None,PASS
BAT-11628,M-03,Line-2,PROD-A10,76.1,8.66,1168,1.43,54.7,Op-Bob,Morning,2026-05-28 11:29,0,None,PASS
BAT-11629,M-05,Line-3,PROD-C30,70.7,8.67,1232,2.17,50.1,Op-Charlie,Afternoon,2026-07-21 11:29,0,None,PASS
BAT-11630,M-07,Line-4,PROD-A10,77.9,6.3,1345,3.95,48.6,Op-David,Afternoon,2026-06-24 11:29,0,None,PASS
BAT-11631,M-01,Line-1,PROD-B20,73.8,8.19,1283,2.18,45.9,Op-Elena,Afternoon,2026-08-07 11:29,0,None,PASS
BAT-11632,M-05,Line-3,PROD-A10,73.6,8.4,1145,1.65,47.3,Op-Elena,Morning,2026-08-06 11:29,0,None,PASS
BAT-11633,M-07,Line-4,PROD-D40,76.7,7.44,1454,4.02,58.9,Op-Frank,Night,2026-06-21 11:29,0,None,PASS
BAT-11634,M-03,Line-2,PROD-D40,71.8,8.63,1299,2.01,41.8,Op-Elena,Afternoon,2026-07-03 11:29,0,None,PASS
BAT-11635,M-07,Line-4,PROD-C30,71.0,5.69,1359,3.55,55.4,Op-Bob,Morning,2026-02-10 11:29,1,Dimensional Deviation,REWORK
BAT-11636,M-01,Line-1,PROD-D40,80.1,8.88,1237,1.96,43.7,Op-Elena,Night,2026-06-24 11:29,0,None,PASS
BAT-11637,M-04,Line-2,PROD-C30,82.9,10.13,1369,3.95,69.0,Op-Frank,Afternoon,2026-07-01 11:29,1,Surface Crack,REWORK
BAT-11638,M-04,Line-2,PROD-C30,81.3,10.67,1308,5.55,63.0,Op-Alice,Night,2026-03-19 11:29,1,Surface Crack,REWORK
BAT-11639,M-03,Line-2,PROD-C30,77.4,8.14,1214,3.26,46.7,Op-Alice,Night,2026-04-14 11:29,0,None,PASS
BAT-11640,M-04,Line-2,PROD-A10,86.6,11.71,1239,5.0,59.8,Op-Alice,Night,2026-05-09 11:29,1,Surface Crack,SCRAP
BAT-11641,M-06,Line-3,PROD-A10,79.7,8.46,1125,2.16,47.7,Op-Frank,Night,2026-04-18 11:29,0,None,PASS
BAT-11642,M-07,Line-4,PROD-C30,75.8,5.92,1477,3.14,65.0,Op-Charlie,Morning,2026-07-20 11:29,1,Dimensional Deviation,SCRAP
BAT-11643,M-04,Line-2,PROD-C30,84.9,8.73,1372,4.8,68.0,Op-Bob,Afternoon,2026-02-14 11:29,1,Surface Crack,SCRAP
BAT-11644,M-02,Line-1,PROD-D40,74.0,9.26,1219,2.02,50.8,Op-Frank,Afternoon,2026-07-20 11:29,0,None,PASS
BAT-11645,M-04,Line-2,PROD-D40,83.9,8.85,1465,4.81,67.7,Op-Bob,Afternoon,2026-04-19 11:29,1,Surface Crack,SCRAP
BAT-11646,M-07,Line-4,PROD-B20,81.3,6.85,1275,2.85,45.5,Op-David,Morning,2026-06-01 11:29,1,Dimensional Deviation,SCRAP
BAT-11647,M-02,Line-1,PROD-D40,74.4,7.84,1194,2.2,54.5,Op-Bob,Afternoon,2026-03-29 11:29,0,None,PASS
BAT-11648,M-03,Line-2,PROD-B20,77.1,8.47,1257,1.84,51.8,Op-Elena,Afternoon,2026-03-28 11:29,0,None,PASS
BAT-11649,M-01,Line-1,PROD-C30,72.8,8.33,1328,1.7,46.3,Op-Bob,Morning,2026-05-21 11:29,0,None,PASS
BAT-11650,M-04,Line-2,PROD-A10,79.4,9.12,1379,6.65,66.2,Op-Bob,Morning,2026-05-30 11:29,1,Porosity,REWORK
BAT-11651,M-03,Line-2,PROD-A10,76.9,9.21,1252,1.77,50.1,Op-Elena,Morning,2026-05-17 11:29,0,None,PASS
BAT-11652,M-02,Line-1,PROD-A10,73.6,8.7,1166,2.14,46.0,Op-Frank,Morning,2026-03-15 11:29,0,None,PASS
BAT-11653,M-02,Line-1,PROD-C30,77.8,9.55,1227,2.03,52.4,Op-Bob,Night,2026-07-13 11:29,1,Surface Crack,SCRAP
BAT-11654,M-02,Line-1,PROD-C30,74.8,7.83,1137,2.0,45.1,Op-Frank,Morning,2026-04-02 11:29,0,None,PASS
BAT-11655,M-08,Line-4,PROD-B20,74.2,8.06,1179,1.7,45.2,Op-Charlie,Afternoon,2026-06-12 11:29,0,None,PASS
BAT-11656,M-01,Line-1,PROD-C30,76.0,7.87,1227,2.29,52.4,Op-Frank,Night,2026-03-13 11:29,1,Surface Crack,REWORK
BAT-11657,M-05,Line-3,PROD-A10,75.9,8.4,1125,2.11,50.0,Op-Elena,Afternoon,2026-03-18 11:29,1,Dimensional Deviation,REWORK
BAT-11658,M-07,Line-4,PROD-D40,77.8,6.09,1425,2.41,54.7,Op-Bob,Afternoon,2026-07-27 11:29,1,Dimensional Deviation,SCRAP
BAT-11659,M-07,Line-4,PROD-A10,82.5,4.02,1508,2.41,52.9,Op-David,Morning,2026-03-10 11:29,1,Dimensional Deviation,SCRAP
BAT-11660,M-05,Line-3,PROD-C30,72.8,8.0,1214,2.52,40.1,Op-Alice,Night,2026-05-06 11:29,0,None,PASS
BAT-11661,M-02,Line-1,PROD-A10,76.0,7.79,1155,1.93,52.4,Op-Elena,Morning,2026-03-27 11:29,0,None,PASS
BAT-11662,M-06,Line-3,PROD-B20,77.7,7.43,1196,1.63,42.6,Op-Frank,Afternoon,2026-03-20 11:29,0,None,PASS
BAT-11663,M-05,Line-3,PROD-C30,75.1,8.78,1250,1.99,46.5,Op-Charlie,Morning,2026-04-20 11:29,0,None,PASS
BAT-11664,M-06,Line-3,PROD-C30,70.2,7.97,1143,2.39,43.9,Op-Frank,Morning,2026-02-10 11:29,0,None,PASS
BAT-11665,M-03,Line-2,PROD-B20,73.3,8.55,1271,2.21,46.2,Op-Charlie,Morning,2026-05-20 11:29,0,None,PASS
BAT-11666,M-08,Line-4,PROD-A10,73.7,9.71,1250,2.74,48.6,Op-Alice,Night,2026-05-30 11:29,0,None,PASS
BAT-11667,M-05,Line-3,PROD-B20,78.1,7.68,1186,1.91,43.2,Op-Alice,Afternoon,2026-03-14 11:29,0,None,PASS
BAT-11668,M-07,Line-4,PROD-C30,74.0,5.19,1364,3.49,48.6,Op-Charlie,Afternoon,2026-05-29 11:29,1,Dimensional Deviation,SCRAP
BAT-11669,M-06,Line-3,PROD-B20,68.5,8.18,1152,1.91,51.3,Op-Frank,Morning,2026-05-19 11:29,0,None,PASS
BAT-11670,M-08,Line-4,PROD-D40,74.0,8.56,1235,2.54,46.1,Op-Elena,Night,2026-04-09 11:29,0,None,PASS
BAT-11671,M-07,Line-4,PROD-B20,75.7,5.0,1261,4.03,55.9,Op-Frank,Morning,2026-04-11 11:29,1,Dimensional Deviation,REWORK
BAT-11672,M-01,Line-1,PROD-C30,73.7,8.74,1232,1.36,49.6,Op-Elena,Afternoon,2026-03-16 11:29,0,None,PASS
BAT-11673,M-01,Line-1,PROD-C30,72.3,8.69,1223,2.65,49.5,Op-Charlie,Morning,2026-04-26 11:29,0,None,PASS
BAT-11674,M-07,Line-4,PROD-B20,82.2,6.59,1391,3.02,52.0,Op-Bob,Morning,2026-02-24 11:29,0,None,PASS
BAT-11675,M-02,Line-1,PROD-B20,75.3,9.25,1177,2.84,51.7,Op-David,Night,2026-02-16 11:29,0,None,PASS
BAT-11676,M-07,Line-4,PROD-C30,75.3,5.92,1239,4.67,57.8,Op-Alice,Night,2026-03-09 11:29,0,None,PASS
BAT-11677,M-02,Line-1,PROD-D40,72.5,9.13,1200,2.21,44.8,Op-Elena,Morning,2026-02-17 11:29,0,None,PASS
BAT-11678,M-03,Line-2,PROD-A10,74.0,8.72,1160,2.19,51.1,Op-Bob,Morning,2026-02-13 11:29,0,None,PASS
BAT-11679,M-07,Line-4,PROD-B20,78.8,5.66,1225,3.05,50.7,Op-Bob,Afternoon,2026-03-17 11:29,0,None,PASS
BAT-11680,M-05,Line-3,PROD-D40,74.4,8.22,1166,2.98,51.0,Op-David,Night,2026-05-07 11:29,0,None,PASS
BAT-11681,M-01,Line-1,PROD-C30,74.6,9.07,1132,2.66,50.7,Op-Alice,Morning,2026-02-25 11:29,0,None,PASS
BAT-11682,M-01,Line-1,PROD-B20,70.0,9.81,1204,2.1,48.9,Op-Elena,Morning,2026-02-12 11:29,0,None,PASS
BAT-11683,M-07,Line-4,PROD-D40,77.1,7.74,1363,2.43,52.4,Op-Elena,Night,2026-04-17 11:29,0,None,PASS
BAT-11684,M-05,Line-3,PROD-B20,69.8,7.85,1193,2.42,40.5,Op-David,Morning,2026-04-20 11:29,0,None,PASS
BAT-11685,M-07,Line-4,PROD-B20,76.2,5.49,1415,4.05,60.3,Op-Frank,Morning,2026-05-23 11:29,0,None,PASS
BAT-11686,M-04,Line-2,PROD-D40,84.9,10.13,1492,4.97,80.3,Op-Bob,Night,2026-07-03 11:29,1,Surface Crack,REWORK
BAT-11687,M-08,Line-4,PROD-D40,70.7,8.32,1237,2.47,46.3,Op-Charlie,Night,2026-07-24 11:29,0,None,PASS
BAT-11688,M-07,Line-4,PROD-B20,75.4,6.23,1438,4.09,46.6,Op-Alice,Afternoon,2026-07-25 11:29,1,Dimensional Deviation,REWORK
BAT-11689,M-02,Line-1,PROD-A10,71.1,8.48,1141,1.79,48.2,Op-Charlie,Night,2026-05-06 11:29,1,Color Variance,REWORK
BAT-11690,M-02,Line-1,PROD-A10,76.3,8.59,1169,2.54,49.8,Op-Bob,Night,2026-02-12 11:29,0,None,PASS
BAT-11691,M-05,Line-3,PROD-B20,70.3,7.45,1160,1.93,41.7,Op-Elena,Morning,2026-07-23 11:29,0,None,PASS
BAT-11692,M-04,Line-2,PROD-C30,84.7,8.39,1385,5.31,68.0,Op-Alice,Night,2026-07-04 11:29,1,Surface Crack,SCRAP
BAT-11693,M-08,Line-4,PROD-A10,70.4,9.09,1216,1.94,44.7,Op-Alice,Afternoon,2026-03-05 11:29,0,None,PASS
BAT-11694,M-01,Line-1,PROD-C30,72.8,8.75,1196,1.94,47.8,Op-Charlie,Afternoon,2026-06-18 11:29,0,None,PASS
BAT-11695,M-07,Line-4,PROD-C30,78.3,6.66,1432,2.12,43.8,Op-Bob,Night,2026-08-01 11:29,1,Dimensional Deviation,REWORK
BAT-11696,M-02,Line-1,PROD-B20,78.8,9.23,1230,1.88,50.5,Op-Alice,Night,2026-05-18 11:29,0,None,PASS
BAT-11697,M-01,Line-1,PROD-C30,77.9,9.0,1300,0.89,52.9,Op-Bob,Morning,2026-08-03 11:29,0,None,PASS
BAT-11698,M-02,Line-1,PROD-B20,75.6,9.7,1186,2.9,55.6,Op-Bob,Night,2026-07-27 11:29,0,None,PASS
BAT-11699,M-03,Line-2,PROD-C30,74.2,7.98,1136,2.26,45.0,Op-David,Morning,2026-05-07 11:29,0,None,PASS
BAT-11700,M-07,Line-4,PROD-A10,79.0,8.92,1338,3.95,60.2,Op-Frank,Night,2026-05-20 11:29,0,None,PASS
BAT-11701,M-02,Line-1,PROD-B20,74.0,8.63,1229,2.23,51.4,Op-Elena,Night,2026-06-17 11:29,0,None,PASS
BAT-11702,M-01,Line-1,PROD-B20,76.1,8.7,1276,2.14,48.3,Op-Charlie,Night,2026-03-04 11:29,0,None,PASS
BAT-11703,M-08,Line-4,PROD-C30,72.3,8.31,1209,2.47,45.4,Op-Bob,Afternoon,2026-03-23 11:29,0,None,PASS
BAT-11704,M-06,Line-3,PROD-C30,71.6,8.23,1254,2.3,51.5,Op-Alice,Morning,2026-03-27 11:29,0,None,PASS
BAT-11705,M-08,Line-4,PROD-C30,73.8,7.81,1226,1.7,43.5,Op-David,Afternoon,2026-06-03 11:29,0,None,PASS
BAT-11706,M-03,Line-2,PROD-A10,73.5,8.49,1222,1.99,42.3,Op-Elena,Afternoon,2026-02-20 11:29,0,None,PASS
BAT-11707,M-05,Line-3,PROD-D40,75.5,9.42,1199,2.26,45.2,Op-David,Night,2026-08-03 11:29,0,None,PASS
BAT-11708,M-06,Line-3,PROD-C30,72.7,8.86,1181,1.83,43.5,Op-Charlie,Morning,2026-08-03 11:29,0,None,PASS
BAT-11709,M-08,Line-4,PROD-C30,75.5,8.41,1200,1.77,53.1,Op-Frank,Morning,2026-07-18 11:29,0,None,PASS
BAT-11710,M-01,Line-1,PROD-B20,78.0,9.05,1167,2.79,44.6,Op-Frank,Night,2026-02-12 11:29,0,None,PASS
BAT-11711,M-02,Line-1,PROD-C30,72.7,8.53,1149,2.5,48.0,Op-David,Morning,2026-07-05 11:29,0,None,PASS
BAT-11712,M-02,Line-1,PROD-B20,71.8,8.59,1275,1.97,50.1,Op-David,Afternoon,2026-07-31 11:29,0,None,PASS
BAT-11713,M-08,Line-4,PROD-D40,76.5,8.94,1237,2.96,53.7,Op-Frank,Night,2026-06-09 11:29,0,None,PASS
BAT-11714,M-03,Line-2,PROD-A10,71.6,8.15,1242,1.32,44.1,Op-David,Afternoon,2026-04-02 11:29,0,None,PASS
BAT-11715,M-02,Line-1,PROD-C30,78.7,8.18,1171,2.81,53.3,Op-Charlie,Night,2026-06-14 11:29,0,None,PASS
BAT-11716,M-08,Line-4,PROD-A10,76.1,8.68,1274,2.36,47.5,Op-Charlie,Afternoon,2026-02-19 11:29,0,None,PASS
BAT-11717,M-08,Line-4,PROD-B20,72.3,8.26,1193,1.5,44.3,Op-Frank,Morning,2026-05-02 11:29,0,None,PASS
BAT-11718,M-07,Line-4,PROD-A10,75.0,4.98,1512,2.83,54.2,Op-Charlie,Afternoon,2026-06-11 11:29,1,Dimensional Deviation,REWORK
BAT-11719,M-01,Line-1,PROD-D40,72.3,8.56,1225,1.88,42.3,Op-Charlie,Afternoon,2026-07-22 11:29,0,None,PASS
BAT-11720,M-03,Line-2,PROD-A10,68.1,8.23,1228,2.32,44.8,Op-Charlie,Afternoon,2026-03-02 11:29,0,None,PASS
BAT-11721,M-08,Line-4,PROD-D40,70.6,9.45,1198,2.75,48.1,Op-Elena,Morning,2026-07-31 11:29,0,None,PASS
BAT-11722,M-03,Line-2,PROD-A10,73.4,8.01,1227,1.67,45.0,Op-Alice,Afternoon,2026-05-08 11:29,0,None,PASS
BAT-11723,M-05,Line-3,PROD-B20,74.3,8.72,1161,1.63,50.7,Op-Bob,Afternoon,2026-05-28 11:29,0,None,PASS
BAT-11724,M-03,Line-2,PROD-D40,75.4,9.13,1134,2.13,44.8,Op-Charlie,Night,2026-07-06 11:29,0,None,PASS
BAT-11725,M-01,Line-1,PROD-B20,78.3,8.28,1245,2.8,45.0,Op-Alice,Night,2026-07-30 11:29,0,None,PASS
BAT-11726,M-03,Line-2,PROD-C30,75.1,9.07,1211,3.2,45.0,Op-Frank,Night,2026-05-02 11:29,1,Porosity,SCRAP
BAT-11727,M-08,Line-4,PROD-C30,71.7,8.23,1223,1.21,49.2,Op-Alice,Night,2026-05-25 11:29,0,None,PASS
BAT-11728,M-01,Line-1,PROD-D40,78.3,8.98,1187,2.41,51.3,Op-Bob,Night,2026-06-05 11:29,0,None,PASS
BAT-11729,M-02,Line-1,PROD-A10,75.9,8.98,1183,1.97,52.4,Op-Bob,Night,2026-03-30 11:29,0,None,PASS
BAT-11730,M-03,Line-2,PROD-D40,75.4,8.38,1220,2.25,43.7,Op-Bob,Afternoon,2026-04-04 11:29,0,None,PASS
BAT-11731,M-01,Line-1,PROD-C30,73.6,8.91,1246,2.77,47.6,Op-Charlie,Morning,2026-04-28 11:29,0,None,PASS
BAT-11732,M-02,Line-1,PROD-D40,74.5,8.04,1131,2.41,52.5,Op-Frank,Afternoon,2026-05-26 11:29,0,None,PASS
BAT-11733,M-06,Line-3,PROD-D40,75.1,9.16,1243,1.63,52.3,Op-Elena,Afternoon,2026-03-11 11:29,0,None,PASS
BAT-11734,M-08,Line-4,PROD-D40,72.8,8.47,1179,2.02,45.0,Op-Charlie,Morning,2026-07-01 11:29,0,None,PASS
BAT-11735,M-07,Line-4,PROD-D40,76.6,7.52,1355,3.4,54.1,Op-Charlie,Night,2026-08-05 11:29,0,None,PASS
BAT-11736,M-05,Line-3,PROD-A10,75.8,8.66,1145,1.8,48.4,Op-Alice,Morning,2026-03-04 11:29,0,None,PASS
BAT-11737,M-07,Line-4,PROD-A10,79.9,5.36,1393,3.56,46.7,Op-David,Night,2026-07-19 11:29,0,None,PASS
BAT-11738,M-02,Line-1,PROD-D40,73.7,8.94,1181,2.63,46.6,Op-Elena,Night,2026-02-18 11:29,0,None,PASS
BAT-11739,M-07,Line-4,PROD-B20,74.0,5.89,1430,2.85,55.0,Op-Bob,Afternoon,2026-07-01 11:29,1,Dimensional Deviation,REWORK
BAT-11740,M-08,Line-4,PROD-A10,73.6,8.65,1221,2.44,45.3,Op-Charlie,Afternoon,2026-05-26 11:29,0,None,PASS
BAT-11741,M-07,Line-4,PROD-A10,72.1,6.74,1350,4.21,59.1,Op-Charlie,Morning,2026-06-19 11:29,1,Dimensional Deviation,SCRAP
BAT-11742,M-05,Line-3,PROD-C30,76.4,8.43,1170,1.97,42.8,Op-David,Night,2026-04-12 11:29,1,Porosity,REWORK
BAT-11743,M-01,Line-1,PROD-B20,74.6,8.45,1230,2.8,53.9,Op-Charlie,Night,2026-07-13 11:29,0,None,PASS
BAT-11744,M-03,Line-2,PROD-D40,77.0,8.08,1183,2.42,47.1,Op-Bob,Night,2026-05-21 11:29,0,None,PASS
BAT-11745,M-07,Line-4,PROD-A10,83.5,7.44,1479,2.38,57.7,Op-Elena,Afternoon,2026-03-14 11:29,0,None,PASS
BAT-11746,M-07,Line-4,PROD-B20,76.8,7.9,1351,2.9,57.6,Op-David,Afternoon,2026-06-22 11:29,0,None,PASS
BAT-11747,M-04,Line-2,PROD-A10,85.6,9.74,1434,5.34,63.8,Op-Frank,Morning,2026-06-19 11:29,1,Surface Crack,REWORK
BAT-11748,M-07,Line-4,PROD-C30,76.2,4.72,1441,3.63,63.7,Op-Elena,Morning,2026-05-03 11:29,1,Dimensional Deviation,REWORK
BAT-11749,M-07,Line-4,PROD-A10,72.6,6.93,1309,4.0,54.0,Op-Frank,Night,2026-03-21 11:29,1,Dimensional Deviation,SCRAP
BAT-11750,M-02,Line-1,PROD-D40,77.2,8.63,1149,1.95,40.6,Op-Alice,Night,2026-03-15 11:29,0,None,PASS
BAT-11751,M-06,Line-3,PROD-B20,75.4,8.93,1224,2.45,52.2,Op-Bob,Night,2026-04-07 11:29,0,None,PASS
BAT-11752,M-04,Line-2,PROD-D40,88.6,8.03,1485,5.92,64.0,Op-Charlie,Night,2026-02-23 11:29,1,Surface Crack,SCRAP
BAT-11753,M-01,Line-1,PROD-A10,70.6,8.12,1156,2.17,45.8,Op-Alice,Afternoon,2026-07-12 11:29,0,None,PASS
BAT-11754,M-03,Line-2,PROD-C30,74.1,8.51,1275,2.03,42.9,Op-Charlie,Morning,2026-03-05 11:29,0,None,PASS
BAT-11755,M-06,Line-3,PROD-B20,76.2,8.25,1225,2.57,42.9,Op-David,Morning,2026-06-15 11:29,0,None,PASS
BAT-11756,M-07,Line-4,PROD-A10,73.9,3.47,1488,4.03,53.5,Op-David,Night,2026-03-01 11:29,1,Dimensional Deviation,REWORK
BAT-11757,M-06,Line-3,PROD-D40,78.5,9.26,1166,2.36,40.2,Op-Bob,Morning,2026-04-27 11:29,1,Dimensional Deviation,SCRAP
BAT-11758,M-01,Line-1,PROD-A10,77.5,9.2,1176,3.04,46.3,Op-Charlie,Afternoon,2026-06-13 11:29,0,None,PASS
BAT-11759,M-01,Line-1,PROD-B20,76.5,8.01,1195,2.82,50.6,Op-Elena,Night,2026-04-16 11:29,0,None,PASS
BAT-11760,M-04,Line-2,PROD-A10,85.3,9.29,1419,5.36,62.6,Op-Elena,Morning,2026-06-22 11:29,1,Surface Crack,REWORK
BAT-11761,M-06,Line-3,PROD-A10,73.0,8.37,1163,2.41,52.0,Op-Bob,Morning,2026-05-04 11:29,0,None,PASS
BAT-11762,M-02,Line-1,PROD-B20,73.1,8.98,1176,2.32,48.6,Op-Charlie,Afternoon,2026-06-13 11:29,0,None,PASS
BAT-11763,M-02,Line-1,PROD-C30,74.6,8.43,1248,2.23,40.3,Op-Frank,Night,2026-07-26 11:29,0,None,PASS
BAT-11764,M-08,Line-4,PROD-D40,71.1,9.53,1209,2.81,45.1,Op-Elena,Afternoon,2026-03-31 11:29,0,None,PASS
BAT-11765,M-04,Line-2,PROD-C30,81.2,10.29,1570,5.3,75.0,Op-David,Morning,2026-07-09 11:29,1,Surface Crack,REWORK
BAT-11766,M-03,Line-2,PROD-B20,75.2,8.85,1182,2.07,56.5,Op-Frank,Afternoon,2026-05-31 11:29,0,None,PASS
BAT-11767,M-07,Line-4,PROD-C30,78.8,4.91,1329,3.96,54.6,Op-Charlie,Night,2026-03-09 11:29,0,None,PASS
BAT-11768,M-07,Line-4,PROD-B20,87.1,9.24,1446,2.04,69.3,Op-Elena,Afternoon,2026-05-16 11:29,0,None,PASS
BAT-11769,M-02,Line-1,PROD-D40,72.5,8.7,1203,2.22,47.6,Op-Bob,Morning,2026-06-20 11:29,0,None,PASS
BAT-11770,M-07,Line-4,PROD-C30,80.5,5.51,1465,3.46,53.0,Op-Elena,Night,2026-06-25 11:29,1,Dimensional Deviation,REWORK
BAT-11771,M-03,Line-2,PROD-C30,73.8,8.71,1205,2.62,52.9,Op-David,Morning,2026-05-12 11:29,0,None,PASS
BAT-11772,M-04,Line-2,PROD-C30,86.6,10.57,1420,4.52,54.4,Op-Charlie,Morning,2026-05-01 11:29,1,Surface Crack,REWORK
BAT-11773,M-01,Line-1,PROD-C30,71.3,8.32,1184,1.92,47.8,Op-Bob,Afternoon,2026-07-05 11:29,0,None,PASS
BAT-11774,M-04,Line-2,PROD-A10,88.5,9.96,1547,3.3,75.1,Op-David,Afternoon,2026-07-14 11:29,1,Dimensional Deviation,REWORK
BAT-11775,M-05,Line-3,PROD-A10,73.6,8.24,1245,3.19,50.8,Op-Elena,Night,2026-05-28 11:29,0,None,PASS
BAT-11776,M-07,Line-4,PROD-C30,75.2,6.87,1300,3.74,56.2,Op-Charlie,Morning,2026-04-01 11:29,1,Dimensional Deviation,REWORK
BAT-11777,M-01,Line-1,PROD-C30,73.2,8.45,1194,2.95,45.4,Op-David,Morning,2026-03-13 11:29,0,None,PASS
BAT-11778,M-06,Line-3,PROD-D40,79.1,8.04,1276,2.12,46.7,Op-Bob,Night,2026-02-15 11:29,0,None,PASS
BAT-11779,M-01,Line-1,PROD-D40,78.6,7.71,1154,2.57,44.8,Op-Charlie,Morning,2026-05-24 11:29,0,None,PASS
BAT-11780,M-01,Line-1,PROD-C30,72.0,8.07,1213,1.91,50.0,Op-Frank,Morning,2026-02-27 11:29,0,None,PASS
BAT-11781,M-07,Line-4,PROD-C30,70.4,4.81,1308,2.69,53.8,Op-Charlie,Afternoon,2026-05-09 11:29,1,Dimensional Deviation,REWORK
BAT-11782,M-06,Line-3,PROD-D40,71.7,8.43,1132,1.65,46.7,Op-Elena,Morning,2026-05-21 11:29,0,None,PASS
BAT-11783,M-08,Line-4,PROD-D40,71.8,9.05,1228,2.04,47.7,Op-Frank,Morning,2026-05-16 11:29,0,None,PASS
BAT-11784,M-02,Line-1,PROD-A10,75.0,8.75,1255,1.78,51.2,Op-Bob,Morning,2026-02-12 11:29,0,None,PASS
BAT-11785,M-06,Line-3,PROD-D40,76.3,8.67,1240,2.28,44.8,Op-Bob,Morning,2026-03-04 11:29,0,None,PASS
BAT-11786,M-06,Line-3,PROD-A10,75.0,8.81,1151,1.92,53.7,Op-Frank,Morning,2026-04-17 11:29,0,None,PASS
BAT-11787,M-01,Line-1,PROD-A10,72.2,10.29,1233,2.19,47.7,Op-Alice,Afternoon,2026-03-01 11:29,0,None,PASS
BAT-11788,M-07,Line-4,PROD-C30,78.5,8.25,1441,2.84,57.3,Op-Frank,Morning,2026-03-17 11:29,0,None,PASS
BAT-11789,M-02,Line-1,PROD-B20,74.6,7.93,1234,2.65,54.2,Op-Charlie,Morning,2026-07-09 11:29,0,None,PASS
BAT-11790,M-07,Line-4,PROD-D40,79.2,6.32,1499,4.16,57.2,Op-Frank,Morning,2026-06-23 11:29,0,None,PASS
BAT-11791,M-08,Line-4,PROD-D40,72.5,8.17,1214,2.63,47.1,Op-Charlie,Afternoon,2026-06-13 11:29,0,None,PASS
BAT-11792,M-05,Line-3,PROD-C30,78.9,8.23,1152,2.36,43.4,Op-Frank,Morning,2026-05-11 11:29,0,None,PASS
BAT-11793,M-04,Line-2,PROD-B20,82.8,8.69,1268,5.06,67.9,Op-Frank,Morning,2026-03-01 11:29,0,None,PASS
BAT-11794,M-01,Line-1,PROD-B20,74.8,7.96,1206,2.7,49.2,Op-Alice,Night,2026-04-06 11:29,0,None,PASS
BAT-11795,M-07,Line-4,PROD-B20,80.7,7.05,1328,3.8,48.1,Op-David,Morning,2026-05-08 11:29,0,None,PASS
BAT-11796,M-06,Line-3,PROD-C30,73.2,9.11,1248,2.26,48.2,Op-Frank,Afternoon,2026-07-27 11:29,0,None,PASS
BAT-11797,M-02,Line-1,PROD-B20,72.3,8.66,1173,1.77,47.8,Op-Bob,Afternoon,2026-05-19 11:29,0,None,PASS
BAT-11798,M-04,Line-2,PROD-D40,81.7,9.7,1379,4.57,71.7,Op-Bob,Morning,2026-04-22 11:29,1,Surface Crack,SCRAP
BAT-11799,M-02,Line-1,PROD-B20,75.4,8.21,1278,2.25,46.7,Op-David,Morning,2026-03-10 11:29,0,None,PASS
BAT-11800,M-08,Line-4,PROD-B20,78.0,8.44,1186,2.71,48.1,Op-Charlie,Morning,2026-06-11 11:29,0,None,PASS
BAT-11801,M-08,Line-4,PROD-C30,76.1,8.69,1237,1.98,47.1,Op-Charlie,Morning,2026-06-30 11:29,0,None,PASS
BAT-11802,M-07,Line-4,PROD-B20,77.9,4.39,1394,2.96,54.8,Op-Bob,Afternoon,2026-06-18 11:29,1,Dimensional Deviation,REWORK
BAT-11803,M-08,Line-4,PROD-C30,74.9,7.51,1207,1.99,41.3,Op-Charlie,Morning,2026-02-22 11:29,0,None,PASS
BAT-11804,M-07,Line-4,PROD-B20,82.6,3.0,1466,2.35,54.7,Op-Charlie,Morning,2026-05-24 11:29,1,Dimensional Deviation,REWORK
BAT-11805,M-08,Line-4,PROD-D40,76.7,8.41,1247,1.7,51.8,Op-Alice,Night,2026-02-22 11:29,0,None,PASS
BAT-11806,M-02,Line-1,PROD-B20,74.9,7.51,1269,1.43,55.9,Op-Alice,Morning,2026-02-19 11:29,0,None,PASS
BAT-11807,M-04,Line-2,PROD-A10,82.2,10.39,1459,3.98,64.0,Op-Elena,Morning,2026-04-21 11:29,1,Surface Crack,SCRAP
BAT-11808,M-07,Line-4,PROD-D40,85.3,6.81,1346,2.14,51.4,Op-David,Morning,2026-04-07 11:29,0,None,PASS
BAT-11809,M-05,Line-3,PROD-D40,73.6,8.37,1274,1.63,52.7,Op-Bob,Morning,2026-04-03 11:29,0,None,PASS
BAT-11810,M-05,Line-3,PROD-C30,71.1,8.63,1205,2.14,41.9,Op-Frank,Morning,2026-03-06 11:29,0,None,PASS
BAT-11811,M-08,Line-4,PROD-C30,71.2,8.29,1264,1.15,44.7,Op-Frank,Morning,2026-03-25 11:29,0,None,PASS
BAT-11812,M-02,Line-1,PROD-B20,72.1,10.02,1194,2.17,47.2,Op-Bob,Afternoon,2026-06-06 11:29,0,None,PASS
BAT-11813,M-01,Line-1,PROD-D40,75.1,8.9,1266,2.32,55.5,Op-David,Afternoon,2026-02-15 11:29,0,None,PASS
BAT-11814,M-05,Line-3,PROD-A10,76.3,9.05,1225,2.52,55.5,Op-Bob,Night,2026-02-12 11:29,0,None,PASS
BAT-11815,M-08,Line-4,PROD-A10,77.8,8.45,1245,2.08,51.4,Op-David,Morning,2026-06-10 11:29,0,None,PASS
BAT-11816,M-01,Line-1,PROD-C30,70.8,8.7,1250,2.12,42.9,Op-Bob,Night,2026-06-18 11:29,0,None,PASS
BAT-11817,M-03,Line-2,PROD-A10,71.6,7.99,1227,2.34,45.5,Op-Alice,Afternoon,2026-05-06 11:29,0,None,PASS
BAT-11818,M-06,Line-3,PROD-C30,75.3,9.69,1243,1.47,51.1,Op-Frank,Afternoon,2026-04-15 11:29,0,None,PASS
BAT-11819,M-01,Line-1,PROD-C30,78.3,8.74,1251,2.01,48.7,Op-Charlie,Night,2026-05-06 11:29,0,None,PASS
BAT-11820,M-08,Line-4,PROD-A10,74.5,9.55,1232,2.92,51.7,Op-Charlie,Night,2026-06-22 11:29,0,None,PASS
BAT-11821,M-01,Line-1,PROD-B20,75.3,8.81,1119,2.27,48.5,Op-David,Morning,2026-07-28 11:29,0,None,PASS
BAT-11822,M-06,Line-3,PROD-D40,79.1,8.96,1208,1.65,38.2,Op-Alice,Morning,2026-07-07 11:29,0,None,PASS
BAT-11823,M-07,Line-4,PROD-C30,78.0,7.0,1299,3.59,60.0,Op-Bob,Night,2026-03-04 11:29,0,None,PASS
BAT-11824,M-07,Line-4,PROD-A10,80.9,5.81,1314,3.35,49.9,Op-Charlie,Night,2026-08-02 11:29,0,None,PASS
BAT-11825,M-08,Line-4,PROD-B20,76.5,8.88,1258,2.07,45.6,Op-Charlie,Night,2026-05-10 11:29,0,None,PASS
BAT-11826,M-07,Line-4,PROD-D40,78.1,5.8,1411,2.54,55.7,Op-Charlie,Afternoon,2026-03-30 11:29,1,Dimensional Deviation,REWORK
BAT-11827,M-06,Line-3,PROD-A10,80.3,8.3,1204,1.45,40.6,Op-David,Afternoon,2026-07-05 11:29,0,None,PASS
BAT-11828,M-06,Line-3,PROD-C30,76.9,7.81,1198,2.29,45.1,Op-Alice,Morning,2026-06-17 11:29,0,None,PASS
BAT-11829,M-03,Line-2,PROD-D40,80.5,8.84,1168,2.37,46.5,Op-Frank,Morning,2026-06-23 11:29,0,None,PASS
BAT-11830,M-03,Line-2,PROD-C30,76.0,8.45,1267,2.11,49.6,Op-David,Afternoon,2026-02-26 11:29,0,None,PASS
BAT-11831,M-01,Line-1,PROD-D40,71.6,9.69,1127,2.03,45.0,Op-Alice,Morning,2026-04-23 11:29,0,None,PASS
BAT-11832,M-02,Line-1,PROD-A10,68.1,9.34,1214,1.85,54.2,Op-David,Afternoon,2026-02-11 11:29,0,None,PASS
BAT-11833,M-01,Line-1,PROD-A10,74.4,8.58,1198,2.49,47.2,Op-Charlie,Morning,2026-05-10 11:29,0,None,PASS
BAT-11834,M-03,Line-2,PROD-A10,73.8,9.15,1266,2.34,48.2,Op-Frank,Afternoon,2026-03-18 11:29,0,None,PASS
BAT-11835,M-04,Line-2,PROD-D40,83.7,10.01,1508,6.06,78.4,Op-Elena,Morning,2026-04-25 11:29,1,Surface Crack,REWORK
BAT-11836,M-06,Line-3,PROD-B20,73.5,8.64,1206,2.19,51.1,Op-Frank,Night,2026-05-19 11:29,0,None,PASS
BAT-11837,M-02,Line-1,PROD-C30,74.8,8.16,1183,2.7,54.2,Op-Charlie,Night,2026-04-30 11:29,0,None,PASS
BAT-11838,M-07,Line-4,PROD-C30,71.8,6.88,1388,2.76,59.9,Op-Elena,Morning,2026-08-03 11:29,0,None,PASS
BAT-11839,M-05,Line-3,PROD-B20,71.1,7.79,1210,2.29,42.7,Op-David,Night,2026-04-02 11:29,0,None,PASS
BAT-11840,M-02,Line-1,PROD-C30,70.3,8.74,1177,3.08,41.9,Op-Elena,Night,2026-06-08 11:29,0,None,PASS
BAT-11841,M-07,Line-4,PROD-D40,79.8,7.76,1140,4.03,53.5,Op-Alice,Morning,2026-06-24 11:29,0,None,PASS
BAT-11842,M-06,Line-3,PROD-C30,69.1,7.82,1179,2.62,50.1,Op-David,Afternoon,2026-05-30 11:29,0,None,PASS
BAT-11843,M-07,Line-4,PROD-D40,75.9,6.8,1240,2.97,58.0,Op-Alice,Night,2026-02-16 11:29,0,None,PASS
BAT-11844,M-07,Line-4,PROD-A10,83.5,5.72,1418,3.8,59.2,Op-Bob,Night,2026-04-28 11:29,0,None,PASS
BAT-11845,M-06,Line-3,PROD-B20,75.9,9.17,1223,3.04,50.3,Op-Elena,Night,2026-07-04 11:29,0,None,PASS
BAT-11846,M-01,Line-1,PROD-D40,74.3,8.47,1165,1.43,47.1,Op-Bob,Afternoon,2026-07-31 11:29,1,Contamination,REWORK
BAT-11847,M-01,Line-1,PROD-A10,70.7,9.32,1178,1.96,50.1,Op-Alice,Afternoon,2026-07-26 11:29,0,None,PASS
BAT-11848,M-02,Line-1,PROD-C30,74.5,8.83,1225,2.64,42.7,Op-Elena,Afternoon,2026-08-05 11:29,0,None,PASS
BAT-11849,M-01,Line-1,PROD-A10,75.4,8.21,1204,2.6,46.6,Op-Frank,Night,2026-08-01 11:29,0,None,PASS
BAT-11850,M-01,Line-1,PROD-B20,74.2,8.22,1161,2.88,47.1,Op-Elena,Morning,2026-07-03 11:29,0,None,PASS
BAT-11851,M-08,Line-4,PROD-B20,77.2,8.81,1073,2.77,49.2,Op-Bob,Night,2026-07-23 11:29,0,None,PASS
BAT-11852,M-05,Line-3,PROD-C30,74.7,8.41,1270,1.44,44.9,Op-Frank,Morning,2026-06-14 11:29,0,None,PASS
BAT-11853,M-04,Line-2,PROD-A10,85.2,9.87,1493,5.26,55.8,Op-Alice,Morning,2026-03-21 11:29,1,Surface Crack,REWORK
BAT-11854,M-02,Line-1,PROD-B20,71.3,8.54,1163,2.13,47.3,Op-Bob,Morning,2026-06-11 11:29,1,Contamination,REWORK
BAT-11855,M-01,Line-1,PROD-A10,75.8,8.89,1231,1.33,53.2,Op-Charlie,Afternoon,2026-06-13 11:29,0,None,PASS
BAT-11856,M-04,Line-2,PROD-C30,83.4,9.55,1339,4.47,65.3,Op-Elena,Night,2026-06-02 11:29,1,Surface Crack,SCRAP
BAT-11857,M-07,Line-4,PROD-B20,76.5,4.61,1367,1.91,51.7,Op-Frank,Morning,2026-03-29 11:29,1,Dimensional Deviation,SCRAP
BAT-11858,M-04,Line-2,PROD-B20,88.4,10.13,1452,6.24,75.9,Op-Elena,Night,2026-08-08 11:29,1,Surface Crack,REWORK
BAT-11859,M-05,Line-3,PROD-C30,72.6,7.67,1175,2.63,54.9,Op-Frank,Morning,2026-07-10 11:29,0,None,PASS
BAT-11860,M-05,Line-3,PROD-D40,72.1,8.58,1285,1.67,56.8,Op-David,Night,2026-03-09 11:29,0,None,PASS
BAT-11861,M-07,Line-4,PROD-B20,73.6,5.8,1467,2.63,58.2,Op-Alice,Afternoon,2026-06-07 11:29,1,Dimensional Deviation,REWORK
BAT-11862,M-05,Line-3,PROD-A10,71.3,8.83,1274,2.68,45.8,Op-Frank,Night,2026-07-28 11:29,0,None,PASS
BAT-11863,M-01,Line-1,PROD-C30,76.1,9.44,1209,1.65,44.7,Op-Bob,Afternoon,2026-06-07 11:29,0,None,PASS
BAT-11864,M-03,Line-2,PROD-C30,73.1,8.19,1217,2.31,59.4,Op-Elena,Night,2026-04-04 11:29,0,None,PASS
BAT-11865,M-07,Line-4,PROD-A10,81.2,8.83,1357,3.37,58.0,Op-Bob,Night,2026-03-20 11:29,0,None,PASS
BAT-11866,M-06,Line-3,PROD-D40,73.3,8.7,1193,1.71,50.8,Op-Frank,Morning,2026-04-22 11:29,0,None,PASS
BAT-11867,M-05,Line-3,PROD-D40,74.9,8.83,1216,1.4,52.9,Op-Alice,Night,2026-06-13 11:29,0,None,PASS
BAT-11868,M-08,Line-4,PROD-B20,77.5,7.39,1271,2.55,51.5,Op-Elena,Night,2026-06-19 11:29,0,None,PASS
BAT-11869,M-05,Line-3,PROD-B20,68.4,8.77,1230,2.07,54.7,Op-Frank,Afternoon,2026-07-10 11:29,0,None,PASS
BAT-11870,M-06,Line-3,PROD-D40,71.1,8.97,1195,2.02,47.8,Op-Alice,Morning,2026-02-17 11:29,0,None,PASS
BAT-11871,M-03,Line-2,PROD-B20,75.4,8.75,1181,2.16,48.3,Op-Alice,Night,2026-03-09 11:29,0,None,PASS
BAT-11872,M-08,Line-4,PROD-C30,76.3,7.93,1183,2.17,48.1,Op-Bob,Night,2026-04-11 11:29,0,None,PASS
BAT-11873,M-03,Line-2,PROD-D40,79.1,8.14,1197,1.96,46.5,Op-David,Morning,2026-02-25 11:29,0,None,PASS
BAT-11874,M-02,Line-1,PROD-A10,74.7,8.09,1157,2.0,45.3,Op-Frank,Morning,2026-06-03 11:29,0,None,PASS
BAT-11875,M-01,Line-1,PROD-B20,71.6,8.48,1326,1.19,50.2,Op-Charlie,Morning,2026-08-07 11:29,0,None,PASS
BAT-11876,M-03,Line-2,PROD-B20,73.9,8.37,1258,1.38,48.7,Op-Bob,Afternoon,2026-06-15 11:29,0,None,PASS
BAT-11877,M-05,Line-3,PROD-B20,73.0,8.05,1221,2.42,51.1,Op-Bob,Night,2026-03-23 11:29,0,None,PASS
BAT-11878,M-04,Line-2,PROD-A10,86.4,10.78,1545,5.73,81.7,Op-Elena,Morning,2026-07-21 11:29,0,None,PASS
BAT-11879,M-02,Line-1,PROD-B20,74.8,8.29,1172,3.08,46.0,Op-Alice,Morning,2026-02-11 11:29,0,None,PASS
BAT-11880,M-07,Line-4,PROD-A10,73.6,5.01,1279,4.72,50.4,Op-Charlie,Morning,2026-08-03 11:29,0,None,PASS
BAT-11881,M-08,Line-4,PROD-B20,79.2,9.09,1245,2.23,51.1,Op-Bob,Night,2026-06-11 11:29,0,None,PASS
BAT-11882,M-06,Line-3,PROD-B20,71.2,9.0,1143,2.28,50.5,Op-Alice,Afternoon,2026-05-30 11:29,0,None,PASS
BAT-11883,M-02,Line-1,PROD-A10,68.7,8.4,1075,2.72,44.7,Op-Bob,Night,2026-04-27 11:29,0,None,PASS
BAT-11884,M-08,Line-4,PROD-B20,74.7,8.84,1223,2.1,46.2,Op-Alice,Night,2026-06-28 11:29,0,None,PASS
BAT-11885,M-04,Line-2,PROD-C30,79.2,8.97,1424,3.48,68.5,Op-Charlie,Afternoon,2026-05-12 11:29,1,Dimensional Deviation,SCRAP
BAT-11886,M-05,Line-3,PROD-A10,74.2,9.5,1142,2.98,48.2,Op-Elena,Night,2026-04-12 11:29,0,None,PASS
BAT-11887,M-05,Line-3,PROD-D40,72.0,8.27,1148,1.71,48.8,Op-Elena,Morning,2026-06-29 11:29,0,None,PASS
BAT-11888,M-02,Line-1,PROD-D40,69.2,9.04,1207,1.76,42.4,Op-Charlie,Night,2026-02-17 11:29,1,Porosity,REWORK
BAT-11889,M-06,Line-3,PROD-A10,76.2,9.87,1287,2.13,45.9,Op-Bob,Morning,2026-06-30 11:29,0,None,PASS
BAT-11890,M-06,Line-3,PROD-A10,76.6,8.36,1242,1.52,48.8,Op-Bob,Afternoon,2026-02-28 11:29,0,None,PASS
BAT-11891,M-01,Line-1,PROD-C30,71.6,9.19,1125,2.06,46.7,Op-Alice,Afternoon,2026-07-13 11:29,0,None,PASS
BAT-11892,M-02,Line-1,PROD-D40,70.1,9.89,1233,2.08,45.9,Op-Bob,Afternoon,2026-02-20 11:29,0,None,PASS
BAT-11893,M-08,Line-4,PROD-B20,76.1,8.61,1186,1.84,50.5,Op-Frank,Afternoon,2026-05-31 11:29,0,None,PASS
BAT-11894,M-04,Line-2,PROD-A10,86.4,9.27,1544,4.0,76.1,Op-Alice,Morning,2026-04-01 11:29,1,Surface Crack,SCRAP
BAT-11895,M-01,Line-1,PROD-D40,80.1,7.9,1252,1.65,49.7,Op-Alice,Afternoon,2026-05-17 11:29,0,None,PASS
BAT-11896,M-07,Line-4,PROD-D40,72.4,7.97,1299,2.38,61.8,Op-Elena,Morning,2026-03-11 11:29,0,None,PASS
BAT-11897,M-06,Line-3,PROD-C30,71.3,8.76,1205,2.79,47.6,Op-Bob,Afternoon,2026-06-01 11:29,0,None,PASS
BAT-11898,M-04,Line-2,PROD-B20,89.4,10.87,1449,6.09,72.1,Op-Alice,Night,2026-02-12 11:29,1,Surface Crack,SCRAP
BAT-11899,M-01,Line-1,PROD-A10,76.8,9.14,1180,2.53,47.3,Op-Frank,Morning,2026-02-24 11:29,0,None,PASS
BAT-11900,M-03,Line-2,PROD-D40,70.1,8.54,1279,2.2,43.3,Op-Bob,Afternoon,2026-02-21 11:29,0,None,PASS
BAT-11901,M-04,Line-2,PROD-C30,86.6,10.15,1389,5.88,71.5,Op-Bob,Night,2026-05-22 11:29,1,Surface Crack,REWORK
BAT-11902,M-02,Line-1,PROD-A10,75.6,8.77,1301,2.84,51.0,Op-Charlie,Night,2026-04-03 11:29,0,None,PASS
BAT-11903,M-06,Line-3,PROD-B20,77.2,9.23,1214,3.08,44.8,Op-David,Night,2026-04-28 11:29,0,None,PASS
BAT-11904,M-05,Line-3,PROD-B20,73.1,9.17,1143,2.08,49.4,Op-Elena,Afternoon,2026-05-02 11:29,0,None,PASS
BAT-11905,M-02,Line-1,PROD-A10,73.2,8.93,1220,2.1,53.4,Op-Charlie,Afternoon,2026-07-19 11:29,0,None,PASS
BAT-11906,M-02,Line-1,PROD-B20,74.6,8.95,1242,1.97,46.7,Op-Bob,Night,2026-04-10 11:29,0,None,PASS
BAT-11907,M-04,Line-2,PROD-A10,91.1,10.26,1314,4.75,67.0,Op-Charlie,Night,2026-03-18 11:29,1,Surface Crack,REWORK
BAT-11908,M-08,Line-4,PROD-D40,76.0,8.87,1219,2.91,47.3,Op-Alice,Morning,2026-06-17 11:29,0,None,PASS
BAT-11909,M-05,Line-3,PROD-C30,75.2,8.22,1173,2.17,51.8,Op-Elena,Afternoon,2026-04-27 11:29,0,None,PASS
BAT-11910,M-02,Line-1,PROD-A10,74.2,9.03,1123,2.41,43.9,Op-Charlie,Night,2026-05-19 11:29,0,None,PASS
BAT-11911,M-07,Line-4,PROD-D40,79.3,5.66,1382,2.47,54.8,Op-David,Morning,2026-04-08 11:29,1,Dimensional Deviation,REWORK
BAT-11912,M-07,Line-4,PROD-A10,74.6,4.58,1431,3.25,50.8,Op-Frank,Afternoon,2026-02-18 11:29,0,None,PASS
BAT-11913,M-06,Line-3,PROD-A10,75.8,9.14,1246,1.96,46.8,Op-Elena,Afternoon,2026-04-18 11:29,0,None,PASS
BAT-11914,M-04,Line-2,PROD-A10,79.5,8.69,1326,3.91,72.8,Op-Charlie,Night,2026-07-19 11:29,0,None,PASS
BAT-11915,M-07,Line-4,PROD-A10,80.4,5.62,1402,3.02,56.2,Op-Alice,Night,2026-05-20 11:29,0,None,PASS
BAT-11916,M-05,Line-3,PROD-D40,75.6,7.99,1165,2.32,57.1,Op-David,Night,2026-07-05 11:29,0,None,PASS
BAT-11917,M-05,Line-3,PROD-B20,71.8,7.84,1227,1.31,48.0,Op-David,Afternoon,2026-04-11 11:29,0,None,PASS
BAT-11918,M-01,Line-1,PROD-C30,76.8,8.57,1153,2.22,48.7,Op-Frank,Afternoon,2026-03-03 11:29,0,None,PASS
BAT-11919,M-05,Line-3,PROD-C30,71.7,8.83,1258,1.53,49.0,Op-Elena,Afternoon,2026-02-19 11:29,0,None,PASS
BAT-11920,M-06,Line-3,PROD-C30,75.4,9.26,1210,2.42,44.9,Op-Frank,Afternoon,2026-07-27 11:29,0,None,PASS
BAT-11921,M-01,Line-1,PROD-A10,80.1,7.95,1231,2.55,53.9,Op-Charlie,Night,2026-07-29 11:29,0,None,PASS
BAT-11922,M-05,Line-3,PROD-B20,73.4,8.3,1209,2.4,55.9,Op-David,Afternoon,2026-02-14 11:29,0,None,PASS
BAT-11923,M-08,Line-4,PROD-A10,77.1,9.21,1190,1.24,46.5,Op-Charlie,Afternoon,2026-07-23 11:29,0,None,PASS
BAT-11924,M-04,Line-2,PROD-D40,81.0,11.22,1436,5.07,71.4,Op-Alice,Night,2026-03-02 11:29,1,Surface Crack,SCRAP
BAT-11925,M-06,Line-3,PROD-A10,73.8,9.08,1177,1.56,49.2,Op-David,Morning,2026-04-17 11:29,0,None,PASS
BAT-11926,M-05,Line-3,PROD-C30,72.4,7.49,1215,2.32,52.8,Op-David,Morning,2026-04-09 11:29,0,None,PASS
BAT-11927,M-03,Line-2,PROD-A10,76.3,9.38,1342,2.36,49.0,Op-Bob,Morning,2026-07-27 11:29,1,Contamination,SCRAP
BAT-11928,M-06,Line-3,PROD-A10,74.9,8.39,1197,2.13,50.1,Op-Elena,Night,2026-04-09 11:29,0,None,PASS
BAT-11929,M-05,Line-3,PROD-C30,74.2,9.01,1262,1.53,42.9,Op-Alice,Night,2026-05-11 11:29,0,None,PASS
BAT-11930,M-01,Line-1,PROD-B20,72.4,8.45,1201,2.39,45.9,Op-Charlie,Morning,2026-03-01 11:29,0,None,PASS
BAT-11931,M-02,Line-1,PROD-A10,74.4,8.3,1238,1.5,44.5,Op-Bob,Morning,2026-05-04 11:29,0,None,PASS
BAT-11932,M-07,Line-4,PROD-A10,74.9,5.56,1429,2.66,54.3,Op-Frank,Afternoon,2026-04-23 11:29,1,Dimensional Deviation,REWORK
BAT-11933,M-06,Line-3,PROD-C30,76.5,8.74,1155,2.35,56.2,Op-David,Night,2026-05-16 11:29,0,None,PASS
BAT-11934,M-05,Line-3,PROD-A10,70.7,8.37,1166,1.91,48.5,Op-Bob,Afternoon,2026-02-21 11:29,0,None,PASS
BAT-11935,M-03,Line-2,PROD-A10,71.9,9.16,1282,2.05,51.9,Op-Alice,Night,2026-04-05 11:29,0,None,PASS
BAT-11936,M-06,Line-3,PROD-B20,76.8,8.93,1183,3.0,43.6,Op-David,Night,2026-02-18 11:29,0,None,PASS
BAT-11937,M-03,Line-2,PROD-D40,72.3,8.94,1256,1.76,50.2,Op-Frank,Morning,2026-03-01 11:29,0,None,PASS
BAT-11938,M-04,Line-2,PROD-D40,81.2,10.72,1499,7.08,65.6,Op-Elena,Night,2026-03-13 11:29,1,Surface Crack,REWORK
BAT-11939,M-01,Line-1,PROD-D40,75.4,8.91,1247,2.85,40.1,Op-Frank,Night,2026-06-23 11:29,0,None,PASS
BAT-11940,M-05,Line-3,PROD-B20,73.6,8.13,1228,1.93,47.9,Op-Elena,Afternoon,2026-04-13 11:29,0,None,PASS
BAT-11941,M-06,Line-3,PROD-B20,73.8,8.16,1216,1.95,50.0,Op-David,Afternoon,2026-03-11 11:29,0,None,PASS
BAT-11942,M-08,Line-4,PROD-D40,76.3,8.52,1165,2.37,44.7,Op-Charlie,Morning,2026-05-11 11:29,0,None,PASS
BAT-11943,M-02,Line-1,PROD-C30,75.2,8.41,1195,2.3,45.1,Op-Frank,Afternoon,2026-07-14 11:29,0,None,PASS
BAT-11944,M-07,Line-4,PROD-B20,75.9,4.17,1239,3.74,50.4,Op-Elena,Morning,2026-06-27 11:29,1,Dimensional Deviation,SCRAP
BAT-11945,M-03,Line-2,PROD-C30,73.5,9.06,1235,1.15,46.0,Op-Charlie,Afternoon,2026-05-01 11:29,0,None,PASS
BAT-11946,M-07,Line-4,PROD-D40,78.5,5.41,1274,3.23,58.1,Op-Elena,Morning,2026-07-07 11:29,1,Dimensional Deviation,SCRAP
BAT-11947,M-04,Line-2,PROD-B20,75.9,9.55,1472,5.62,73.2,Op-David,Morning,2026-03-24 11:29,1,Dimensional Deviation,REWORK
BAT-11948,M-08,Line-4,PROD-A10,73.2,8.39,1224,2.37,55.9,Op-Bob,Morning,2026-05-31 11:29,0,None,PASS
BAT-11949,M-03,Line-2,PROD-A10,70.4,8.83,1244,2.36,47.7,Op-Bob,Night,2026-06-25 11:29,0,None,PASS
BAT-11950,M-07,Line-4,PROD-C30,71.3,3.97,1357,4.86,52.3,Op-Bob,Afternoon,2026-08-07 11:29,0,None,PASS
BAT-11951,M-05,Line-3,PROD-A10,72.1,8.25,1202,2.63,55.1,Op-Charlie,Afternoon,2026-07-11 11:29,0,None,PASS
BAT-11952,M-02,Line-1,PROD-A10,76.9,8.22,1215,2.24,38.6,Op-Alice,Night,2026-05-11 11:29,0,None,PASS
BAT-11953,M-07,Line-4,PROD-D40,71.5,8.43,1295,2.61,56.2,Op-Frank,Afternoon,2026-04-25 11:29,0,None,PASS
BAT-11954,M-03,Line-2,PROD-B20,76.8,9.21,1207,2.69,45.8,Op-Frank,Night,2026-06-20 11:29,0,None,PASS
BAT-11955,M-01,Line-1,PROD-C30,77.2,8.44,1182,1.75,45.1,Op-Frank,Night,2026-06-06 11:29,0,None,PASS
BAT-11956,M-08,Line-4,PROD-B20,77.5,9.67,1178,2.26,42.6,Op-Elena,Night,2026-07-10 11:29,0,None,PASS
BAT-11957,M-02,Line-1,PROD-B20,75.7,8.75,1180,2.19,45.5,Op-Charlie,Afternoon,2026-05-08 11:29,1,Contamination,SCRAP
BAT-11958,M-07,Line-4,PROD-C30,72.5,5.64,1258,2.19,48.6,Op-Charlie,Afternoon,2026-05-02 11:29,0,None,PASS
BAT-11959,M-03,Line-2,PROD-A10,79.6,8.87,1186,2.23,46.3,Op-Frank,Night,2026-04-04 11:29,0,None,PASS
BAT-11960,M-05,Line-3,PROD-C30,74.0,8.07,1233,1.9,41.3,Op-Alice,Afternoon,2026-04-23 11:29,0,None,PASS
BAT-11961,M-05,Line-3,PROD-C30,73.6,8.73,1197,1.71,46.8,Op-David,Afternoon,2026-04-08 11:29,0,None,PASS
BAT-11962,M-05,Line-3,PROD-C30,74.3,8.32,1171,2.27,53.7,Op-Elena,Morning,2026-04-10 11:29,0,None,PASS
BAT-11963,M-03,Line-2,PROD-A10,76.0,8.78,1271,2.42,47.1,Op-Bob,Night,2026-06-20 11:29,0,None,PASS
BAT-11964,M-01,Line-1,PROD-A10,76.3,8.45,1190,2.08,40.7,Op-Elena,Night,2026-03-31 11:29,1,Surface Crack,REWORK
BAT-11965,M-05,Line-3,PROD-D40,76.3,8.95,1215,2.1,43.6,Op-Frank,Afternoon,2026-06-23 11:29,0,None,PASS
BAT-11966,M-08,Line-4,PROD-C30,79.0,8.92,1185,1.76,49.7,Op-Alice,Night,2026-03-12 11:29,0,None,PASS
BAT-11967,M-07,Line-4,PROD-D40,74.6,6.01,1437,2.67,55.0,Op-Charlie,Morning,2026-03-17 11:29,0,None,PASS
BAT-11968,M-02,Line-1,PROD-C30,76.0,8.71,1228,2.05,41.6,Op-Alice,Night,2026-04-07 11:29,0,None,PASS
BAT-11969,M-06,Line-3,PROD-B20,76.1,8.52,1207,1.96,49.9,Op-Elena,Afternoon,2026-04-21 11:29,0,None,PASS
BAT-11970,M-02,Line-1,PROD-C30,69.0,8.62,1235,2.94,45.1,Op-Alice,Afternoon,2026-03-07 11:29,0,None,PASS
BAT-11971,M-06,Line-3,PROD-B20,79.0,8.98,1210,2.03,48.0,Op-Elena,Night,2026-07-20 11:29,0,None,PASS
BAT-11972,M-01,Line-1,PROD-B20,79.3,8.14,1200,2.05,45.9,Op-Bob,Night,2026-05-17 11:29,0,None,PASS
BAT-11973,M-04,Line-2,PROD-B20,82.7,9.15,1351,4.44,66.4,Op-Charlie,Afternoon,2026-03-20 11:29,1,Surface Crack,REWORK
BAT-11974,M-08,Line-4,PROD-C30,70.2,8.3,1266,2.17,49.2,Op-Bob,Morning,2026-07-22 11:29,0,None,PASS
BAT-11975,M-04,Line-2,PROD-A10,76.8,9.81,1419,4.32,60.1,Op-David,Morning,2026-06-15 11:29,0,None,PASS
BAT-11976,M-04,Line-2,PROD-B20,87.5,9.47,1413,3.2,65.5,Op-Alice,Afternoon,2026-08-05 11:29,1,Dimensional Deviation,REWORK
BAT-11977,M-04,Line-2,PROD-C30,82.9,10.33,1388,3.86,56.3,Op-David,Night,2026-07-28 11:29,0,None,PASS
BAT-11978,M-05,Line-3,PROD-B20,72.2,8.74,1205,2.24,56.1,Op-Charlie,Night,2026-06-14 11:29,0,None,PASS
BAT-11979,M-07,Line-4,PROD-C30,74.0,6.69,1320,2.33,54.5,Op-Elena,Afternoon,2026-04-26 11:29,1,Dimensional Deviation,REWORK
BAT-11980,M-05,Line-3,PROD-D40,74.2,8.26,1225,2.75,53.5,Op-David,Afternoon,2026-04-14 11:29,0,None,PASS
BAT-11981,M-02,Line-1,PROD-B20,77.5,8.19,1343,1.63,53.9,Op-David,Afternoon,2026-07-29 11:29,0,None,PASS
BAT-11982,M-07,Line-4,PROD-B20,84.7,6.35,1341,2.64,60.8,Op-David,Afternoon,2026-07-13 11:29,1,Dimensional Deviation,REWORK
BAT-11983,M-05,Line-3,PROD-C30,73.1,9.03,1226,1.95,49.2,Op-Elena,Morning,2026-05-25 11:29,0,None,PASS
BAT-11984,M-06,Line-3,PROD-C30,76.8,8.18,1315,2.42,50.8,Op-Frank,Afternoon,2026-05-26 11:29,0,None,PASS
BAT-11985,M-08,Line-4,PROD-D40,75.2,9.44,1235,2.13,49.6,Op-David,Afternoon,2026-02-23 11:29,0,None,PASS
BAT-11986,M-04,Line-2,PROD-C30,83.3,8.28,1423,5.07,63.0,Op-Frank,Morning,2026-04-29 11:29,1,Surface Crack,REWORK
BAT-11987,M-03,Line-2,PROD-B20,73.2,8.71,1145,2.05,55.7,Op-Frank,Morning,2026-07-17 11:29,0,None,PASS
BAT-11988,M-03,Line-2,PROD-A10,77.3,8.47,1295,2.06,48.2,Op-Frank,Morning,2026-05-18 11:29,0,None,PASS
BAT-11989,M-06,Line-3,PROD-C30,73.1,7.87,1200,2.32,47.1,Op-Elena,Morning,2026-07-27 11:29,1,Dimensional Deviation,REWORK
BAT-11990,M-04,Line-2,PROD-B20,73.6,10.68,1451,5.95,77.0,Op-Elena,Afternoon,2026-04-09 11:29,1,Dimensional Deviation,REWORK
BAT-11991,M-06,Line-3,PROD-C30,70.6,9.35,1227,2.64,48.6,Op-David,Morning,2026-07-01 11:29,0,None,PASS
BAT-11992,M-01,Line-1,PROD-A10,77.0,8.84,1178,3.14,53.0,Op-Alice,Night,2026-03-08 11:29,0,None,PASS
BAT-11993,M-08,Line-4,PROD-A10,73.2,8.42,1181,1.74,48.5,Op-Bob,Afternoon,2026-04-28 11:29,0,None,PASS
BAT-11994,M-04,Line-2,PROD-A10,85.6,9.62,1464,4.81,68.5,Op-Charlie,Night,2026-03-13 11:29,1,Surface Crack,REWORK
BAT-11995,M-07,Line-4,PROD-B20,77.4,3.98,1376,2.98,58.2,Op-Frank,Afternoon,2026-03-03 11:29,1,Dimensional Deviation,REWORK
BAT-11996,M-07,Line-4,PROD-A10,81.0,7.44,1344,3.82,55.7,Op-Alice,Night,2026-06-28 11:29,1,Surface Crack,REWORK
BAT-11997,M-07,Line-4,PROD-B20,77.5,7.84,1343,1.48,53.0,Op-Elena,Afternoon,2026-05-03 11:29,0,None,PASS
BAT-11998,M-01,Line-1,PROD-C30,73.2,7.59,1195,2.15,43.5,Op-Charlie,Afternoon,2026-04-02 11:29,0,None,PASS
BAT-11999,M-08,Line-4,PROD-D40,75.3,8.1,1175,2.03,50.0,Op-Charlie,Afternoon,2026-03-05 11:29,0,None,PASS
BAT-12000,M-07,Line-4,PROD-C30,78.5,3.0,1424,3.86,55.4,Op-David,Afternoon,2026-08-08 11:29,0,None,PASS
BAT-12001,M-04,Line-2,PROD-D40,88.2,9.96,1428,4.66,67.2,Op-Alice,Afternoon,2026-05-21 11:29,0,None,PASS
BAT-12002,M-02,Line-1,PROD-D40,77.3,8.68,1204,1.68,44.1,Op-Bob,Night,2026-02-16 11:29,0,None,PASS
BAT-12003,M-04,Line-2,PROD-D40,83.8,10.49,1509,3.74,73.7,Op-Charlie,Afternoon,2026-07-04 11:29,1,Dimensional Deviation,REWORK
BAT-12004,M-03,Line-2,PROD-A10,80.2,9.47,1241,2.21,41.3,Op-Alice,Night,2026-03-25 11:29,0,None,PASS
BAT-12005,M-08,Line-4,PROD-B20,72.4,9.74,1252,1.79,41.8,Op-Alice,Morning,2026-05-24 11:29,0,None,PASS
BAT-12006,M-08,Line-4,PROD-B20,73.8,9.23,1208,2.7,49.0,Op-Alice,Afternoon,2026-04-15 11:29,0,None,PASS
BAT-12007,M-06,Line-3,PROD-B20,72.9,7.88,1308,2.16,43.3,Op-Alice,Afternoon,2026-08-05 11:29,0,None,PASS
BAT-12008,M-07,Line-4,PROD-A10,78.9,7.42,1296,3.66,52.8,Op-Charlie,Night,2026-04-04 11:29,0,None,PASS
BAT-12009,M-08,Line-4,PROD-D40,79.0,8.31,1213,2.96,48.7,Op-Charlie,Night,2026-04-11 11:29,0,None,PASS
BAT-12010,M-08,Line-4,PROD-A10,74.4,8.33,1243,2.35,50.8,Op-Alice,Afternoon,2026-08-08 11:29,0,None,PASS
BAT-12011,M-03,Line-2,PROD-A10,76.5,8.06,1267,2.24,36.9,Op-Bob,Night,2026-03-13 11:29,0,None,PASS
BAT-12012,M-08,Line-4,PROD-A10,74.9,8.76,1147,2.07,43.5,Op-Alice,Afternoon,2026-06-16 11:29,0,None,PASS
BAT-12013,M-08,Line-4,PROD-B20,78.1,8.82,1288,1.96,54.7,Op-Frank,Night,2026-05-28 11:29,0,None,PASS
BAT-12014,M-05,Line-3,PROD-A10,74.5,7.9,1116,1.96,43.5,Op-David,Afternoon,2026-08-02 11:29,0,None,PASS
BAT-12015,M-06,Line-3,PROD-C30,76.4,8.12,1131,2.12,47.2,Op-Elena,Night,2026-03-24 11:29,0,None,PASS
BAT-12016,M-04,Line-2,PROD-C30,83.9,11.51,1308,4.78,70.7,Op-Elena,Night,2026-04-15 11:29,1,Surface Crack,REWORK
BAT-12017,M-06,Line-3,PROD-B20,78.2,9.32,1177,1.99,48.8,Op-Bob,Night,2026-06-11 11:29,1,Porosity,REWORK
BAT-12018,M-08,Line-4,PROD-A10,70.7,8.66,1146,2.36,51.6,Op-Alice,Afternoon,2026-08-08 11:29,0,None,PASS
BAT-12019,M-02,Line-1,PROD-D40,77.4,8.85,1161,2.04,43.9,Op-Charlie,Morning,2026-02-25 11:29,0,None,PASS
BAT-12020,M-03,Line-2,PROD-A10,74.3,8.94,1159,2.23,45.0,Op-Charlie,Night,2026-07-03 11:29,0,None,PASS
BAT-12021,M-06,Line-3,PROD-A10,71.1,7.81,1159,2.83,52.8,Op-Bob,Afternoon,2026-04-23 11:29,0,None,PASS
BAT-12022,M-07,Line-4,PROD-C30,77.5,4.79,1485,4.8,49.0,Op-Charlie,Night,2026-05-24 11:29,0,None,PASS
BAT-12023,M-04,Line-2,PROD-A10,77.3,11.44,1374,4.81,71.7,Op-Elena,Morning,2026-03-08 11:29,0,None,PASS
BAT-12024,M-05,Line-3,PROD-B20,76.4,8.68,1178,1.62,45.5,Op-Charlie,Night,2026-03-08 11:29,0,None,PASS
BAT-12025,M-07,Line-4,PROD-C30,75.3,6.48,1358,3.75,56.2,Op-Elena,Night,2026-07-14 11:29,1,Dimensional Deviation,SCRAP
BAT-12026,M-08,Line-4,PROD-B20,76.3,9.02,1174,2.13,53.0,Op-Bob,Morning,2026-04-10 11:29,0,None,PASS
BAT-12027,M-02,Line-1,PROD-B20,74.4,8.67,1199,1.69,49.5,Op-Bob,Morning,2026-06-11 11:29,0,None,PASS
BAT-12028,M-06,Line-3,PROD-A10,69.5,9.1,1191,2.1,52.1,Op-Alice,Morning,2026-06-20 11:29,0,None,PASS
BAT-12029,M-07,Line-4,PROD-D40,81.5,6.14,1336,2.96,48.8,Op-Charlie,Afternoon,2026-06-18 11:29,0,None,PASS
BAT-12030,M-04,Line-2,PROD-D40,84.6,9.18,1374,5.66,78.4,Op-David,Afternoon,2026-06-11 11:29,1,Surface Crack,SCRAP
BAT-12031,M-06,Line-3,PROD-A10,71.0,8.92,1211,2.07,48.7,Op-Elena,Morning,2026-03-24 11:29,0,None,PASS
BAT-12032,M-05,Line-3,PROD-B20,77.8,8.62,1157,1.92,53.2,Op-David,Night,2026-06-03 11:29,0,None,PASS
BAT-12033,M-05,Line-3,PROD-A10,75.0,8.34,1093,1.65,49.8,Op-Elena,Afternoon,2026-07-26 11:29,0,None,PASS
BAT-12034,M-01,Line-1,PROD-C30,76.3,8.89,1195,2.32,53.5,Op-David,Night,2026-05-09 11:29,0,None,PASS
BAT-12035,M-04,Line-2,PROD-B20,81.0,10.74,1419,4.01,75.9,Op-David,Afternoon,2026-03-27 11:29,1,Surface Crack,SCRAP
BAT-12036,M-04,Line-2,PROD-D40,87.4,11.26,1458,3.63,67.4,Op-Charlie,Night,2026-03-31 11:29,1,Dimensional Deviation,REWORK
BAT-12037,M-02,Line-1,PROD-C30,77.7,9.01,1166,1.81,55.9,Op-Charlie,Night,2026-02-13 11:29,0,None,PASS
BAT-12038,M-01,Line-1,PROD-C30,70.0,8.97,1249,2.19,50.5,Op-Frank,Afternoon,2026-05-22 11:29,0,None,PASS
BAT-12039,M-05,Line-3,PROD-C30,70.8,9.15,1257,2.51,44.2,Op-Frank,Morning,2026-07-06 11:29,0,None,PASS
BAT-12040,M-08,Line-4,PROD-D40,72.3,8.36,1183,2.74,49.1,Op-David,Morning,2026-06-11 11:29,0,None,PASS
BAT-12041,M-02,Line-1,PROD-A10,74.6,8.51,1247,2.21,47.1,Op-Charlie,Morning,2026-07-16 11:29,0,None,PASS
BAT-12042,M-03,Line-2,PROD-B20,72.0,9.01,1197,2.19,48.4,Op-Bob,Morning,2026-05-28 11:29,0,None,PASS
BAT-12043,M-02,Line-1,PROD-A10,73.4,7.96,1206,2.51,44.4,Op-David,Night,2026-02-25 11:29,0,None,PASS
BAT-12044,M-05,Line-3,PROD-B20,78.2,8.37,1174,2.68,40.8,Op-Frank,Night,2026-02-14 11:29,0,None,PASS
BAT-12045,M-06,Line-3,PROD-B20,73.9,9.37,1154,2.46,48.0,Op-Elena,Night,2026-05-14 11:29,0,None,PASS
BAT-12046,M-07,Line-4,PROD-D40,78.0,4.61,1302,3.8,53.6,Op-Frank,Night,2026-02-25 11:29,1,Dimensional Deviation,SCRAP
BAT-12047,M-03,Line-2,PROD-C30,73.1,9.14,1165,2.36,43.0,Op-Alice,Morning,2026-06-03 11:29,0,None,PASS
BAT-12048,M-04,Line-2,PROD-D40,91.9,8.05,1314,7.05,63.7,Op-Bob,Night,2026-02-10 11:29,1,Surface Crack,REWORK
BAT-12049,M-02,Line-1,PROD-C30,80.8,8.67,1257,2.34,51.2,Op-David,Night,2026-08-07 11:29,0,None,PASS
BAT-12050,M-08,Line-4,PROD-A10,75.3,8.83,1306,2.09,55.1,Op-Alice,Morning,2026-03-28 11:29,0,None,PASS
BAT-12051,M-03,Line-2,PROD-C30,74.2,8.95,1270,3.07,44.4,Op-Elena,Night,2026-02-15 11:29,0,None,PASS
BAT-12052,M-01,Line-1,PROD-B20,77.7,7.84,1280,1.91,46.8,Op-Frank,Afternoon,2026-06-07 11:29,0,None,PASS
BAT-12053,M-04,Line-2,PROD-C30,96.6,8.9,1418,5.21,65.4,Op-Frank,Night,2026-03-30 11:29,1,Surface Crack,SCRAP
BAT-12054,M-05,Line-3,PROD-A10,77.8,7.9,1270,1.95,48.6,Op-David,Night,2026-04-24 11:29,0,None,PASS
BAT-12055,M-03,Line-2,PROD-C30,78.2,9.8,1233,2.13,44.0,Op-David,Morning,2026-03-30 11:29,0,None,PASS
BAT-12056,M-04,Line-2,PROD-B20,81.8,10.09,1592,4.2,68.3,Op-Charlie,Afternoon,2026-08-07 11:29,1,Surface Crack,REWORK
BAT-12057,M-06,Line-3,PROD-C30,76.6,9.11,1193,2.62,46.0,Op-Charlie,Night,2026-06-23 11:29,0,None,PASS
BAT-12058,M-03,Line-2,PROD-A10,75.4,9.15,1297,1.8,44.8,Op-Elena,Afternoon,2026-03-21 11:29,0,None,PASS
BAT-12059,M-04,Line-2,PROD-D40,80.7,11.04,1477,5.6,78.9,Op-Charlie,Night,2026-08-03 11:29,1,Surface Crack,REWORK
BAT-12060,M-05,Line-3,PROD-A10,79.4,9.15,1113,1.83,49.3,Op-Elena,Morning,2026-04-17 11:29,0,None,PASS
BAT-12061,M-05,Line-3,PROD-A10,78.1,8.33,1165,1.59,53.1,Op-Alice,Night,2026-07-28 11:29,0,None,PASS
BAT-12062,M-08,Line-4,PROD-B20,74.2,9.97,1231,2.41,54.5,Op-David,Night,2026-05-03 11:29,0,None,PASS
BAT-12063,M-07,Line-4,PROD-A10,79.1,6.69,1164,2.85,60.3,Op-Charlie,Night,2026-03-08 11:29,0,None,PASS
BAT-12064,M-01,Line-1,PROD-B20,71.5,6.59,1167,1.9,46.5,Op-David,Afternoon,2026-05-06 11:29,1,Dimensional Deviation,SCRAP
BAT-12065,M-03,Line-2,PROD-C30,73.6,8.62,1259,2.34,47.5,Op-Charlie,Morning,2026-06-09 11:29,0,None,PASS
BAT-12066,M-01,Line-1,PROD-D40,70.9,8.93,1227,2.11,43.8,Op-Elena,Afternoon,2026-07-11 11:29,0,None,PASS
BAT-12067,M-07,Line-4,PROD-D40,82.6,3.82,1408,2.57,48.7,Op-David,Morning,2026-04-15 11:29,0,None,PASS
BAT-12068,M-06,Line-3,PROD-D40,73.6,8.58,1240,2.85,47.3,Op-Frank,Afternoon,2026-04-27 11:29,1,Dimensional Deviation,SCRAP
BAT-12069,M-02,Line-1,PROD-D40,72.0,8.92,1133,1.74,45.7,Op-David,Afternoon,2026-07-07 11:29,0,None,PASS
BAT-12070,M-01,Line-1,PROD-B20,76.6,8.26,1232,3.32,45.7,Op-Elena,Morning,2026-04-27 11:29,0,None,PASS
BAT-12071,M-04,Line-2,PROD-B20,94.5,9.21,1441,4.9,69.7,Op-Bob,Night,2026-05-06 11:29,1,Surface Crack,REWORK
BAT-12072,M-02,Line-1,PROD-C30,74.2,8.77,1286,1.65,47.5,Op-Bob,Afternoon,2026-06-07 11:29,0,None,PASS
BAT-12073,M-08,Line-4,PROD-A10,74.0,8.17,1175,2.44,45.9,Op-Frank,Morning,2026-04-02 11:29,0,None,PASS
BAT-12074,M-05,Line-3,PROD-C30,77.6,7.86,1245,1.39,51.5,Op-Alice,Morning,2026-04-11 11:29,0,None,PASS
BAT-12075,M-07,Line-4,PROD-A10,83.1,5.34,1358,3.32,58.7,Op-Frank,Morning,2026-03-21 11:29,0,None,PASS
BAT-12076,M-06,Line-3,PROD-A10,74.0,9.03,1266,1.57,48.7,Op-David,Morning,2026-05-09 11:29,0,None,PASS
BAT-12077,M-07,Line-4,PROD-B20,79.8,6.38,1237,4.18,52.2,Op-David,Night,2026-05-17 11:29,0,None,PASS
BAT-12078,M-04,Line-2,PROD-A10,93.5,9.51,1326,5.37,81.4,Op-David,Morning,2026-05-02 11:29,1,Surface Crack,REWORK
BAT-12079,M-06,Line-3,PROD-C30,83.7,8.66,1150,2.78,45.7,Op-Frank,Night,2026-05-29 11:29,0,None,PASS
BAT-12080,M-02,Line-1,PROD-C30,78.4,8.7,1223,2.67,51.1,Op-David,Night,2026-07-10 11:29,1,Contamination,REWORK
BAT-12081,M-04,Line-2,PROD-C30,85.2,8.07,1350,5.58,59.8,Op-Charlie,Afternoon,2026-06-18 11:29,0,None,PASS
BAT-12082,M-07,Line-4,PROD-A10,63.8,4.64,1216,1.79,60.7,Op-Frank,Morning,2026-03-17 11:29,1,Dimensional Deviation,REWORK
BAT-12083,M-05,Line-3,PROD-D40,74.2,8.15,1191,1.89,47.1,Op-Alice,Afternoon,2026-05-19 11:29,0,None,PASS
BAT-12084,M-07,Line-4,PROD-B20,78.3,7.48,1415,3.04,57.7,Op-Charlie,Afternoon,2026-05-20 11:29,0,None,PASS
BAT-12085,M-08,Line-4,PROD-A10,73.8,8.44,1217,2.35,52.6,Op-Charlie,Afternoon,2026-03-27 11:29,0,None,PASS
BAT-12086,M-02,Line-1,PROD-D40,77.0,7.69,1211,2.55,45.1,Op-Alice,Afternoon,2026-08-04 11:29,0,None,PASS
BAT-12087,M-07,Line-4,PROD-A10,72.9,5.77,1331,3.29,50.9,Op-Bob,Afternoon,2026-03-14 11:29,0,None,PASS
BAT-12088,M-07,Line-4,PROD-D40,85.7,7.88,1355,3.22,52.8,Op-Alice,Afternoon,2026-07-27 11:29,0,None,PASS
BAT-12089,M-07,Line-4,PROD-D40,79.4,8.59,1418,2.74,57.7,Op-Alice,Afternoon,2026-05-29 11:29,1,Dimensional Deviation,SCRAP
BAT-12090,M-08,Line-4,PROD-C30,78.6,8.9,1153,2.6,52.7,Op-David,Night,2026-05-06 11:29,0,None,PASS
BAT-12091,M-06,Line-3,PROD-A10,74.2,8.33,1247,2.16,40.5,Op-Bob,Afternoon,2026-06-26 11:29,0,None,PASS
BAT-12092,M-02,Line-1,PROD-B20,69.1,8.04,1261,1.89,49.9,Op-Alice,Afternoon,2026-07-11 11:29,0,None,PASS
BAT-12093,M-08,Line-4,PROD-D40,71.2,8.94,1223,2.36,57.3,Op-Alice,Afternoon,2026-04-23 11:29,0,None,PASS
BAT-12094,M-08,Line-4,PROD-D40,70.3,8.42,1211,2.26,41.3,Op-Charlie,Morning,2026-07-13 11:29,0,None,PASS
BAT-12095,M-05,Line-3,PROD-D40,78.9,7.42,1267,2.5,48.2,Op-Charlie,Night,2026-04-26 11:29,0,None,PASS
BAT-12096,M-01,Line-1,PROD-C30,73.4,8.61,1233,2.27,51.4,Op-Bob,Afternoon,2026-05-12 11:29,0,None,PASS
BAT-12097,M-08,Line-4,PROD-C30,74.7,8.21,1188,2.33,39.8,Op-Charlie,Night,2026-02-19 11:29,0,None,PASS
BAT-12098,M-06,Line-3,PROD-A10,77.3,8.68,1077,2.01,45.2,Op-Elena,Night,2026-05-22 11:29,0,None,PASS
BAT-12099,M-02,Line-1,PROD-A10,76.3,9.05,1252,1.86,51.0,Op-Bob,Night,2026-03-19 11:29,0,None,PASS
BAT-12100,M-07,Line-4,PROD-C30,79.8,7.93,1282,3.11,52.5,Op-Charlie,Afternoon,2026-08-05 11:29,0,None,PASS
BAT-12101,M-08,Line-4,PROD-A10,70.9,8.19,1170,2.03,48.2,Op-Alice,Afternoon,2026-05-16 11:29,1,Contamination,SCRAP
BAT-12102,M-02,Line-1,PROD-D40,75.8,8.42,1148,2.66,47.6,Op-Elena,Night,2026-03-02 11:29,0,None,PASS
BAT-12103,M-05,Line-3,PROD-D40,72.4,8.71,1212,2.01,47.9,Op-David,Morning,2026-03-29 11:29,0,None,PASS
BAT-12104,M-05,Line-3,PROD-A10,74.6,8.52,1219,2.27,51.1,Op-David,Morning,2026-03-31 11:29,0,None,PASS
BAT-12105,M-05,Line-3,PROD-B20,77.1,8.86,1251,2.43,41.7,Op-Frank,Morning,2026-05-16 11:29,0,None,PASS
BAT-12106,M-04,Line-2,PROD-D40,76.1,9.56,1476,5.41,74.7,Op-Charlie,Night,2026-08-05 11:29,1,Dimensional Deviation,REWORK
BAT-12107,M-01,Line-1,PROD-D40,75.4,8.74,1177,2.63,45.7,Op-Bob,Night,2026-04-23 11:29,0,None,PASS
BAT-12108,M-07,Line-4,PROD-B20,80.0,5.74,1540,4.02,47.5,Op-Alice,Afternoon,2026-07-28 11:29,1,Dimensional Deviation,REWORK
BAT-12109,M-06,Line-3,PROD-A10,71.5,9.63,1230,1.5,45.0,Op-Bob,Morning,2026-02-14 11:29,0,None,PASS
BAT-12110,M-04,Line-2,PROD-A10,87.4,10.13,1505,5.26,67.1,Op-Elena,Afternoon,2026-07-15 11:29,1,Surface Crack,REWORK
BAT-12111,M-06,Line-3,PROD-D40,73.5,8.68,1224,1.47,44.4,Op-David,Night,2026-02-13 11:29,0,None,PASS
BAT-12112,M-06,Line-3,PROD-C30,74.7,8.33,1169,2.2,52.0,Op-David,Morning,2026-06-08 11:29,0,None,PASS
BAT-12113,M-08,Line-4,PROD-B20,75.2,8.27,1256,2.23,49.4,Op-Elena,Night,2026-03-25 11:29,0,None,PASS
BAT-12114,M-05,Line-3,PROD-D40,70.0,8.26,1207,2.61,52.8,Op-Alice,Night,2026-07-06 11:29,0,None,PASS
BAT-12115,M-08,Line-4,PROD-C30,74.8,10.19,1270,2.12,50.8,Op-Alice,Morning,2026-06-25 11:29,0,None,PASS
BAT-12116,M-05,Line-3,PROD-C30,80.0,9.51,1212,1.88,51.4,Op-David,Night,2026-06-09 11:29,0,None,PASS
BAT-12117,M-03,Line-2,PROD-C30,74.1,8.98,1207,1.76,46.4,Op-Elena,Afternoon,2026-05-27 11:29,0,None,PASS
BAT-12118,M-01,Line-1,PROD-C30,77.6,8.75,1283,2.57,56.8,Op-Elena,Night,2026-06-15 11:29,0,None,PASS
BAT-12119,M-07,Line-4,PROD-B20,72.2,4.03,1425,3.87,47.5,Op-David,Night,2026-03-13 11:29,1,Dimensional Deviation,REWORK
BAT-12120,M-02,Line-1,PROD-C30,73.8,9.02,1175,2.26,49.1,Op-Bob,Morning,2026-05-23 11:29,0,None,PASS
BAT-12121,M-06,Line-3,PROD-B20,76.6,8.27,1245,2.8,50.3,Op-David,Night,2026-04-22 11:29,0,None,PASS
BAT-12122,M-06,Line-3,PROD-A10,77.2,8.39,1211,2.28,48.3,Op-Frank,Night,2026-07-22 11:29,0,None,PASS
BAT-12123,M-06,Line-3,PROD-D40,74.7,7.89,1267,2.21,48.5,Op-Bob,Afternoon,2026-06-16 11:29,0,None,PASS
BAT-12124,M-05,Line-3,PROD-D40,74.6,8.81,1233,2.02,50.8,Op-Bob,Morning,2026-05-23 11:29,0,None,PASS
BAT-12125,M-06,Line-3,PROD-D40,73.6,8.04,1285,2.45,47.0,Op-Frank,Morning,2026-08-03 11:29,0,None,PASS
BAT-12126,M-07,Line-4,PROD-D40,74.8,5.18,1254,2.87,55.5,Op-David,Afternoon,2026-03-30 11:29,0,None,PASS
BAT-12127,M-04,Line-2,PROD-B20,82.4,9.36,1341,8.09,76.9,Op-Elena,Night,2026-06-18 11:29,0,None,PASS
BAT-12128,M-07,Line-4,PROD-A10,80.1,7.04,1421,3.26,58.1,Op-Charlie,Night,2026-04-14 11:29,1,Dimensional Deviation,SCRAP
BAT-12129,M-02,Line-1,PROD-C30,78.0,8.82,1250,3.0,44.5,Op-Alice,Night,2026-07-13 11:29,0,None,PASS
BAT-12130,M-07,Line-4,PROD-B20,78.3,6.19,1447,3.74,57.5,Op-Bob,Afternoon,2026-05-15 11:29,0,None,PASS
BAT-12131,M-04,Line-2,PROD-B20,91.5,8.72,1513,5.51,82.7,Op-David,Night,2026-04-02 11:29,1,Surface Crack,REWORK
BAT-12132,M-01,Line-1,PROD-B20,74.0,8.62,1186,2.41,41.5,Op-Elena,Afternoon,2026-06-07 11:29,0,None,PASS
BAT-12133,M-08,Line-4,PROD-B20,72.2,8.92,1232,1.39,48.2,Op-Bob,Afternoon,2026-06-18 11:29,0,None,PASS
BAT-12134,M-06,Line-3,PROD-B20,71.4,8.24,1190,2.17,42.6,Op-Bob,Afternoon,2026-02-27 11:29,1,Surface Crack,SCRAP
BAT-12135,M-07,Line-4,PROD-D40,75.0,5.35,1193,3.62,53.5,Op-David,Morning,2026-05-27 11:29,0,None,PASS
BAT-12136,M-02,Line-1,PROD-A10,71.7,8.64,1224,1.66,53.6,Op-David,Afternoon,2026-02-25 11:29,0,None,PASS
BAT-12137,M-07,Line-4,PROD-A10,73.6,6.28,1280,1.91,40.2,Op-Charlie,Afternoon,2026-06-20 11:29,0,None,PASS
BAT-12138,M-08,Line-4,PROD-D40,75.3,8.94,1225,2.64,44.0,Op-Alice,Morning,2026-03-19 11:29,0,None,PASS
BAT-12139,M-02,Line-1,PROD-B20,77.8,7.81,1265,1.73,48.2,Op-Charlie,Afternoon,2026-07-28 11:29,0,None,PASS
BAT-12140,M-04,Line-2,PROD-D40,85.8,9.88,1438,4.26,60.4,Op-Bob,Afternoon,2026-03-06 11:29,1,Surface Crack,SCRAP
BAT-12141,M-08,Line-4,PROD-D40,74.1,9.51,1270,1.74,51.6,Op-Bob,Afternoon,2026-05-08 11:29,0,None,PASS
BAT-12142,M-08,Line-4,PROD-C30,72.1,8.92,1272,2.8,46.1,Op-David,Night,2026-04-17 11:29,0,None,PASS
BAT-12143,M-01,Line-1,PROD-B20,73.5,9.84,1216,1.91,49.4,Op-Bob,Night,2026-04-24 11:29,1,Color Variance,REWORK
BAT-12144,M-05,Line-3,PROD-C30,76.0,8.99,1273,1.61,45.5,Op-Frank,Morning,2026-07-05 11:29,0,None,PASS
BAT-12145,M-08,Line-4,PROD-D40,69.5,8.23,1129,2.28,52.7,Op-Frank,Afternoon,2026-03-21 11:29,0,None,PASS
BAT-12146,M-03,Line-2,PROD-B20,70.7,8.24,1229,2.09,37.8,Op-Elena,Afternoon,2026-05-19 11:29,0,None,PASS
BAT-12147,M-04,Line-2,PROD-A10,83.6,8.29,1302,4.67,77.0,Op-Bob,Night,2026-04-28 11:29,1,Surface Crack,REWORK
BAT-12148,M-06,Line-3,PROD-D40,77.1,8.13,1115,2.25,55.4,Op-David,Night,2026-03-25 11:29,0,None,PASS
BAT-12149,M-03,Line-2,PROD-C30,76.9,8.68,1219,2.92,53.8,Op-Elena,Afternoon,2026-05-17 11:29,0,None,PASS
BAT-12150,M-08,Line-4,PROD-B20,72.2,8.64,1238,2.33,41.5,Op-Elena,Afternoon,2026-03-26 11:29,0,None,PASS
BAT-12151,M-07,Line-4,PROD-A10,83.4,8.7,1355,3.22,67.4,Op-Frank,Morning,2026-05-08 11:29,1,Color Variance,REWORK
BAT-12152,M-05,Line-3,PROD-A10,69.9,7.89,1210,2.09,46.0,Op-Frank,Morning,2026-05-12 11:29,0,None,PASS
BAT-12153,M-01,Line-1,PROD-B20,74.9,8.25,1248,1.42,50.8,Op-Frank,Morning,2026-05-14 11:29,0,None,PASS
BAT-12154,M-07,Line-4,PROD-A10,76.6,5.3,1424,4.41,58.3,Op-Charlie,Night,2026-02-27 11:29,1,Dimensional Deviation,SCRAP
BAT-12155,M-02,Line-1,PROD-A10,73.6,8.17,1223,3.12,50.9,Op-David,Night,2026-06-23 11:29,0,None,PASS
BAT-12156,M-05,Line-3,PROD-B20,71.8,8.23,1240,2.76,45.6,Op-Frank,Night,2026-04-13 11:29,0,None,PASS
BAT-12157,M-08,Line-4,PROD-B20,77.0,8.29,1162,1.84,51.2,Op-Alice,Night,2026-04-19 11:29,0,None,PASS
BAT-12158,M-02,Line-1,PROD-B20,76.0,8.13,1174,1.87,50.9,Op-Frank,Morning,2026-03-15 11:29,0,None,PASS
BAT-12159,M-01,Line-1,PROD-B20,72.3,8.37,1314,2.58,45.2,Op-Bob,Morning,2026-07-09 11:29,0,None,PASS
BAT-12160,M-08,Line-4,PROD-D40,73.9,9.28,1208,2.69,48.6,Op-Alice,Night,2026-02-23 11:29,0,None,PASS
BAT-12161,M-02,Line-1,PROD-B20,76.1,8.95,1260,2.51,47.6,Op-David,Morning,2026-06-03 11:29,0,None,PASS
BAT-12162,M-04,Line-2,PROD-A10,77.1,9.62,1329,2.91,64.9,Op-Elena,Night,2026-04-06 11:29,0,None,PASS
BAT-12163,M-05,Line-3,PROD-A10,75.8,9.71,1237,1.15,47.2,Op-Elena,Afternoon,2026-03-10 11:29,0,None,PASS
BAT-12164,M-08,Line-4,PROD-B20,76.4,8.5,1096,2.36,46.0,Op-Elena,Night,2026-07-17 11:29,0,None,PASS
BAT-12165,M-01,Line-1,PROD-C30,76.2,8.42,1198,3.06,48.2,Op-David,Night,2026-04-20 11:29,0,None,PASS
BAT-12166,M-03,Line-2,PROD-C30,74.4,8.0,1196,1.64,45.4,Op-Elena,Afternoon,2026-06-21 11:29,0,None,PASS
BAT-12167,M-05,Line-3,PROD-C30,75.4,8.52,1181,2.05,46.4,Op-Elena,Morning,2026-05-08 11:29,0,None,PASS
BAT-12168,M-05,Line-3,PROD-D40,73.8,8.23,1150,1.88,55.5,Op-Alice,Morning,2026-06-14 11:29,1,Contamination,REWORK
BAT-12169,M-03,Line-2,PROD-B20,76.7,7.41,1186,1.83,51.3,Op-Alice,Afternoon,2026-08-01 11:29,0,None,PASS
BAT-12170,M-08,Line-4,PROD-C30,76.7,8.06,1224,2.13,50.5,Op-Frank,Night,2026-06-27 11:29,0,None,PASS
BAT-12171,M-04,Line-2,PROD-A10,71.5,9.91,1263,6.43,85.1,Op-Bob,Morning,2026-04-29 11:29,0,None,PASS
BAT-12172,M-06,Line-3,PROD-D40,76.5,8.5,1218,2.22,45.2,Op-Alice,Night,2026-04-27 11:29,0,None,PASS
BAT-12173,M-04,Line-2,PROD-B20,82.7,9.51,1326,5.12,68.6,Op-Charlie,Morning,2026-03-31 11:29,1,Surface Crack,SCRAP
BAT-12174,M-03,Line-2,PROD-B20,77.2,8.64,1331,2.06,44.2,Op-Charlie,Night,2026-06-11 11:29,0,None,PASS
BAT-12175,M-07,Line-4,PROD-C30,73.4,6.9,1370,3.36,55.1,Op-Bob,Afternoon,2026-06-10 11:29,0,None,PASS
BAT-12176,M-05,Line-3,PROD-C30,72.2,7.42,1223,2.51,39.1,Op-Bob,Afternoon,2026-05-06 11:29,0,None,PASS
BAT-12177,M-06,Line-3,PROD-D40,74.0,9.49,1193,2.16,47.9,Op-Charlie,Afternoon,2026-07-04 11:29,0,None,PASS
BAT-12178,M-07,Line-4,PROD-A10,70.1,7.85,1332,4.22,50.6,Op-David,Morning,2026-05-25 11:29,0,None,PASS
BAT-12179,M-03,Line-2,PROD-D40,74.6,8.11,1191,2.04,48.5,Op-Charlie,Morning,2026-04-02 11:29,0,None,PASS
BAT-12180,M-05,Line-3,PROD-C30,76.4,9.66,1220,2.12,46.3,Op-Charlie,Morning,2026-05-03 11:29,0,None,PASS
BAT-12181,M-07,Line-4,PROD-C30,80.9,7.13,1400,3.94,50.4,Op-Elena,Night,2026-04-02 11:29,1,Surface Crack,SCRAP
BAT-12182,M-08,Line-4,PROD-C30,74.0,9.48,1173,2.18,46.9,Op-Alice,Morning,2026-04-13 11:29,0,None,PASS
BAT-12183,M-08,Line-4,PROD-D40,73.7,8.98,1298,1.82,53.5,Op-Alice,Night,2026-05-20 11:29,0,None,PASS
BAT-12184,M-08,Line-4,PROD-B20,77.1,8.33,1170,1.7,50.3,Op-Charlie,Night,2026-07-10 11:29,0,None,PASS
BAT-12185,M-02,Line-1,PROD-A10,70.8,8.61,1161,2.57,47.8,Op-Frank,Afternoon,2026-04-21 11:29,0,None,PASS
BAT-12186,M-08,Line-4,PROD-C30,67.6,8.19,1183,2.01,47.7,Op-Alice,Afternoon,2026-03-16 11:29,0,None,PASS
BAT-12187,M-02,Line-1,PROD-C30,77.3,8.17,1273,1.83,54.5,Op-Frank,Afternoon,2026-03-20 11:29,0,None,PASS
BAT-12188,M-05,Line-3,PROD-B20,75.4,8.67,1209,1.32,49.1,Op-Elena,Morning,2026-06-02 11:29,0,None,PASS
BAT-12189,M-05,Line-3,PROD-C30,79.0,9.05,1224,2.41,47.9,Op-Frank,Morning,2026-03-17 11:29,0,None,PASS
BAT-12190,M-02,Line-1,PROD-C30,72.3,9.66,1194,2.77,47.9,Op-Charlie,Afternoon,2026-04-05 11:29,0,None,PASS
BAT-12191,M-08,Line-4,PROD-B20,73.9,8.69,1129,2.63,45.0,Op-David,Afternoon,2026-05-06 11:29,0,None,PASS
BAT-12192,M-05,Line-3,PROD-C30,72.8,9.25,1227,2.33,41.9,Op-Elena,Night,2026-02-15 11:29,0,None,PASS
BAT-12193,M-07,Line-4,PROD-D40,76.2,4.99,1376,1.13,71.4,Op-David,Afternoon,2026-02-22 11:29,1,Dimensional Deviation,REWORK
BAT-12194,M-06,Line-3,PROD-A10,73.2,8.62,1255,2.38,52.0,Op-Elena,Afternoon,2026-02-18 11:29,0,None,PASS
BAT-12195,M-06,Line-3,PROD-D40,80.5,8.31,1221,3.06,42.3,Op-Charlie,Night,2026-05-06 11:29,0,None,PASS
BAT-12196,M-02,Line-1,PROD-A10,74.6,8.12,1230,2.43,51.1,Op-Elena,Morning,2026-06-26 11:29,0,None,PASS
BAT-12197,M-02,Line-1,PROD-D40,73.4,8.47,1243,1.84,48.6,Op-Elena,Night,2026-03-30 11:29,0,None,PASS
BAT-12198,M-07,Line-4,PROD-C30,79.0,6.75,1329,2.75,50.6,Op-David,Afternoon,2026-03-20 11:29,0,None,PASS
BAT-12199,M-02,Line-1,PROD-B20,75.1,8.81,1180,2.45,48.4,Op-Frank,Night,2026-05-07 11:29,0,None,PASS
BAT-12200,M-07,Line-4,PROD-A10,75.0,5.12,1412,4.17,56.1,Op-David,Night,2026-04-26 11:29,1,Dimensional Deviation,SCRAP
BAT-12201,M-01,Line-1,PROD-A10,74.3,8.49,1200,2.18,56.9,Op-Bob,Afternoon,2026-05-30 11:29,0,None,PASS
BAT-12202,M-04,Line-2,PROD-C30,78.2,10.17,1610,5.69,66.1,Op-Elena,Afternoon,2026-07-27 11:29,1,Dimensional Deviation,SCRAP
BAT-12203,M-06,Line-3,PROD-B20,78.8,7.98,1162,1.89,46.6,Op-Bob,Morning,2026-04-03 11:29,0,None,PASS
BAT-12204,M-02,Line-1,PROD-A10,74.8,9.1,1183,2.29,46.5,Op-Elena,Night,2026-02-20 11:29,0,None,PASS
BAT-12205,M-06,Line-3,PROD-A10,78.0,8.43,1175,1.37,51.0,Op-Charlie,Afternoon,2026-04-09 11:29,0,None,PASS
BAT-12206,M-04,Line-2,PROD-C30,86.1,8.76,1373,6.43,75.6,Op-Bob,Afternoon,2026-04-20 11:29,1,Surface Crack,SCRAP
BAT-12207,M-06,Line-3,PROD-A10,71.7,9.21,1192,1.89,51.4,Op-Bob,Afternoon,2026-03-13 11:29,0,None,PASS
BAT-12208,M-07,Line-4,PROD-A10,82.2,6.93,1328,3.85,55.8,Op-David,Night,2026-04-04 11:29,1,Surface Crack,REWORK
BAT-12209,M-07,Line-4,PROD-B20,74.6,6.6,1286,2.65,50.9,Op-Bob,Afternoon,2026-07-11 11:29,0,None,PASS
BAT-12210,M-02,Line-1,PROD-B20,69.6,8.24,1230,1.83,49.0,Op-Elena,Night,2026-06-22 11:29,0,None,PASS
BAT-12211,M-04,Line-2,PROD-A10,82.3,8.93,1352,6.15,67.6,Op-David,Night,2026-07-14 11:29,1,Surface Crack,SCRAP
BAT-12212,M-07,Line-4,PROD-B20,80.0,5.7,1401,3.61,47.5,Op-Bob,Morning,2026-06-19 11:29,1,Dimensional Deviation,REWORK
BAT-12213,M-02,Line-1,PROD-D40,72.7,8.38,1235,3.01,45.8,Op-Alice,Morning,2026-05-18 11:29,0,None,PASS
BAT-12214,M-07,Line-4,PROD-A10,74.6,5.95,1279,3.67,58.5,Op-Charlie,Afternoon,2026-04-30 11:29,0,None,PASS
BAT-12215,M-07,Line-4,PROD-C30,74.7,5.26,1307,4.39,54.9,Op-Bob,Night,2026-03-03 11:29,0,None,PASS
BAT-12216,M-07,Line-4,PROD-D40,82.9,5.72,1403,3.01,57.1,Op-Alice,Afternoon,2026-07-25 11:29,0,None,PASS
BAT-12217,M-01,Line-1,PROD-B20,74.6,7.52,1191,2.07,52.0,Op-Bob,Morning,2026-07-04 11:29,1,Contamination,REWORK
BAT-12218,M-08,Line-4,PROD-A10,73.2,8.56,1210,2.24,48.3,Op-Alice,Night,2026-04-04 11:29,0,None,PASS
BAT-12219,M-05,Line-3,PROD-C30,72.8,8.48,1187,1.78,37.8,Op-Elena,Afternoon,2026-03-22 11:29,0,None,PASS
BAT-12220,M-03,Line-2,PROD-B20,77.9,8.14,1143,2.43,49.8,Op-Frank,Night,2026-03-28 11:29,0,None,PASS
BAT-12221,M-02,Line-1,PROD-B20,72.5,9.67,1198,2.46,48.6,Op-Alice,Afternoon,2026-04-03 11:29,0,None,PASS
BAT-12222,M-06,Line-3,PROD-C30,77.8,8.67,1179,1.55,52.9,Op-Elena,Afternoon,2026-02-17 11:29,0,None,PASS
BAT-12223,M-06,Line-3,PROD-A10,75.4,8.82,1171,2.16,38.4,Op-David,Morning,2026-03-18 11:29,0,None,PASS
BAT-12224,M-01,Line-1,PROD-D40,77.3,8.48,1209,2.62,46.4,Op-Elena,Night,2026-06-24 11:29,0,None,PASS
BAT-12225,M-02,Line-1,PROD-A10,80.0,8.96,1218,1.65,47.3,Op-Charlie,Morning,2026-03-05 11:29,0,None,PASS
BAT-12226,M-02,Line-1,PROD-A10,72.5,9.01,1214,2.0,50.7,Op-David,Afternoon,2026-05-27 11:29,0,None,PASS
BAT-12227,M-08,Line-4,PROD-B20,73.5,9.13,1195,2.87,48.4,Op-Elena,Night,2026-02-10 11:29,0,None,PASS
BAT-12228,M-08,Line-4,PROD-C30,75.6,9.17,1233,2.75,47.8,Op-Bob,Afternoon,2026-07-28 11:29,0,None,PASS
BAT-12229,M-02,Line-1,PROD-D40,79.3,9.21,1295,1.8,41.6,Op-David,Night,2026-07-06 11:29,0,None,PASS
BAT-12230,M-04,Line-2,PROD-B20,88.2,9.0,1352,3.84,68.4,Op-Bob,Morning,2026-07-28 11:29,1,Surface Crack,REWORK
BAT-12231,M-07,Line-4,PROD-C30,79.6,6.82,1336,3.42,45.2,Op-Elena,Morning,2026-04-14 11:29,1,Dimensional Deviation,REWORK
BAT-12232,M-05,Line-3,PROD-C30,75.2,8.81,1147,1.73,40.2,Op-Frank,Afternoon,2026-07-31 11:29,0,None,PASS
BAT-12233,M-05,Line-3,PROD-B20,72.9,8.65,1201,2.16,42.4,Op-Charlie,Afternoon,2026-05-16 11:29,0,None,PASS
BAT-12234,M-01,Line-1,PROD-D40,73.4,7.95,1201,2.17,53.6,Op-Frank,Morning,2026-04-01 11:29,0,None,PASS
BAT-12235,M-01,Line-1,PROD-B20,75.5,8.53,1286,1.77,52.7,Op-Frank,Morning,2026-04-11 11:29,0,None,PASS
BAT-12236,M-06,Line-3,PROD-A10,78.3,8.77,1270,2.04,50.5,Op-Elena,Afternoon,2026-06-13 11:29,0,None,PASS
BAT-12237,M-04,Line-2,PROD-D40,86.6,8.66,1573,5.82,80.6,Op-David,Morning,2026-06-06 11:29,1,Surface Crack,REWORK
BAT-12238,M-02,Line-1,PROD-C30,73.5,7.97,1215,2.16,50.9,Op-Frank,Night,2026-05-07 11:29,0,None,PASS
BAT-12239,M-03,Line-2,PROD-C30,75.8,8.77,1197,2.32,52.0,Op-Charlie,Afternoon,2026-06-30 11:29,0,None,PASS
BAT-12240,M-02,Line-1,PROD-C30,73.9,8.24,1251,2.13,44.0,Op-Elena,Afternoon,2026-02-26 11:29,0,None,PASS
BAT-12241,M-07,Line-4,PROD-A10,79.2,8.33,1330,3.68,57.4,Op-Elena,Morning,2026-03-06 11:29,0,None,PASS
BAT-12242,M-08,Line-4,PROD-A10,79.1,9.06,1243,2.8,45.6,Op-Alice,Night,2026-04-26 11:29,0,None,PASS
BAT-12243,M-06,Line-3,PROD-C30,77.1,9.11,1215,2.44,45.2,Op-David,Afternoon,2026-07-01 11:29,0,None,PASS
BAT-12244,M-02,Line-1,PROD-B20,77.2,8.82,1231,2.38,49.8,Op-David,Night,2026-03-31 11:29,0,None,PASS
BAT-12245,M-04,Line-2,PROD-A10,90.3,8.42,1231,4.76,78.6,Op-Bob,Night,2026-05-11 11:29,1,Surface Crack,SCRAP
BAT-12246,M-01,Line-1,PROD-C30,74.8,9.14,1184,2.3,47.4,Op-Elena,Morning,2026-08-06 11:29,0,None,PASS
BAT-12247,M-03,Line-2,PROD-C30,69.0,8.9,1221,1.95,47.2,Op-Bob,Morning,2026-08-03 11:29,0,None,PASS
BAT-12248,M-04,Line-2,PROD-B20,82.4,8.47,1327,6.41,69.4,Op-Elena,Night,2026-05-29 11:29,1,Surface Crack,REWORK
BAT-12249,M-07,Line-4,PROD-C30,76.4,8.27,1241,3.53,53.3,Op-David,Night,2026-05-28 11:29,0,None,PASS
BAT-12250,M-08,Line-4,PROD-C30,71.7,8.66,1202,2.2,44.5,Op-Bob,Night,2026-04-27 11:29,1,Color Variance,SCRAP
BAT-12251,M-05,Line-3,PROD-B20,78.9,8.04,1188,2.58,55.1,Op-Frank,Night,2026-07-12 11:29,0,None,PASS
BAT-12252,M-01,Line-1,PROD-D40,68.3,8.64,1234,2.0,49.4,Op-Bob,Morning,2026-06-13 11:29,0,None,PASS
BAT-12253,M-04,Line-2,PROD-D40,84.2,8.51,1323,5.28,61.5,Op-Bob,Night,2026-05-28 11:29,1,Surface Crack,REWORK
BAT-12254,M-06,Line-3,PROD-A10,76.7,7.87,1265,2.53,51.4,Op-Bob,Afternoon,2026-03-17 11:29,0,None,PASS
BAT-12255,M-02,Line-1,PROD-B20,73.4,8.26,1127,1.61,52.2,Op-Bob,Afternoon,2026-03-18 11:29,0,None,PASS
BAT-12256,M-06,Line-3,PROD-A10,76.0,8.9,1240,1.82,52.2,Op-Frank,Morning,2026-06-23 11:29,0,None,PASS
BAT-12257,M-02,Line-1,PROD-D40,75.7,8.28,1168,2.27,49.9,Op-Bob,Night,2026-06-02 11:29,0,None,PASS
BAT-12258,M-02,Line-1,PROD-D40,73.4,8.81,1278,2.19,43.4,Op-Bob,Morning,2026-05-08 11:29,0,None,PASS
BAT-12259,M-01,Line-1,PROD-D40,73.2,9.33,1159,1.85,45.1,Op-Charlie,Morning,2026-07-20 11:29,0,None,PASS
BAT-12260,M-03,Line-2,PROD-D40,77.8,8.77,1244,1.79,52.6,Op-Charlie,Morning,2026-06-23 11:29,0,None,PASS
BAT-12261,M-06,Line-3,PROD-B20,76.1,8.55,1197,2.21,54.7,Op-Frank,Afternoon,2026-08-08 11:29,0,None,PASS
BAT-12262,M-07,Line-4,PROD-A10,75.6,7.48,1482,3.58,58.4,Op-Frank,Morning,2026-04-22 11:29,0,None,PASS
BAT-12263,M-05,Line-3,PROD-C30,76.3,8.75,1183,2.23,53.8,Op-Frank,Night,2026-05-05 11:29,0,None,PASS
BAT-12264,M-05,Line-3,PROD-C30,78.3,8.55,1241,1.65,50.7,Op-Alice,Morning,2026-03-07 11:29,0,None,PASS
BAT-12265,M-08,Line-4,PROD-B20,70.8,8.17,1261,2.25,49.2,Op-Elena,Afternoon,2026-04-07 11:29,0,None,PASS
BAT-12266,M-05,Line-3,PROD-A10,73.4,8.48,1247,1.87,41.3,Op-Frank,Afternoon,2026-07-03 11:29,0,None,PASS
BAT-12267,M-07,Line-4,PROD-D40,74.4,6.39,1282,4.03,53.7,Op-Alice,Night,2026-03-09 11:29,0,None,PASS
BAT-12268,M-02,Line-1,PROD-A10,77.2,8.53,1257,1.96,45.0,Op-Alice,Morning,2026-05-13 11:29,0,None,PASS
BAT-12269,M-07,Line-4,PROD-D40,77.0,8.23,1368,2.17,56.0,Op-Frank,Night,2026-02-20 11:29,0,None,PASS
BAT-12270,M-08,Line-4,PROD-D40,79.5,8.0,1240,3.25,52.2,Op-Elena,Night,2026-02-19 11:29,0,None,PASS
BAT-12271,M-07,Line-4,PROD-A10,76.4,6.43,1434,3.54,54.2,Op-Bob,Night,2026-03-28 11:29,1,Dimensional Deviation,SCRAP
BAT-12272,M-02,Line-1,PROD-C30,77.1,8.53,1188,2.16,48.7,Op-David,Morning,2026-06-06 11:29,0,None,PASS
BAT-12273,M-05,Line-3,PROD-C30,72.4,8.03,1232,2.28,48.6,Op-Frank,Afternoon,2026-05-11 11:29,0,None,PASS
BAT-12274,M-04,Line-2,PROD-C30,84.3,11.97,1405,4.66,80.3,Op-David,Morning,2026-05-04 11:29,1,Surface Crack,SCRAP
BAT-12275,M-05,Line-3,PROD-B20,74.9,7.86,1202,2.65,44.6,Op-Bob,Night,2026-06-30 11:29,0,None,PASS
BAT-12276,M-07,Line-4,PROD-C30,75.2,5.01,1412,3.54,46.8,Op-Bob,Afternoon,2026-03-04 11:29,1,Dimensional Deviation,SCRAP
BAT-12277,M-04,Line-2,PROD-C30,80.7,9.81,1557,5.14,61.2,Op-Charlie,Morning,2026-03-05 11:29,1,Surface Crack,REWORK
BAT-12278,M-08,Line-4,PROD-B20,72.7,7.97,1309,1.32,51.5,Op-David,Morning,2026-04-18 11:29,0,None,PASS
BAT-12279,M-08,Line-4,PROD-C30,75.7,9.19,1210,2.33,51.2,Op-Charlie,Afternoon,2026-05-13 11:29,0,None,PASS
BAT-12280,M-03,Line-2,PROD-C30,71.7,8.14,1221,2.39,49.5,Op-Alice,Morning,2026-03-30 11:29,0,None,PASS
BAT-12281,M-05,Line-3,PROD-B20,73.6,8.61,1157,2.37,44.8,Op-David,Night,2026-08-07 11:29,1,Surface Crack,REWORK
BAT-12282,M-07,Line-4,PROD-C30,75.7,4.46,1382,3.32,60.0,Op-Bob,Night,2026-05-08 11:29,1,Dimensional Deviation,REWORK
BAT-12283,M-07,Line-4,PROD-A10,82.2,7.91,1450,3.42,55.2,Op-Frank,Afternoon,2026-07-17 11:29,0,None,PASS
BAT-12284,M-02,Line-1,PROD-C30,74.4,9.4,1176,2.32,50.1,Op-Bob,Afternoon,2026-02-20 11:29,0,None,PASS
BAT-12285,M-03,Line-2,PROD-C30,70.2,8.72,1168,2.01,42.0,Op-Alice,Afternoon,2026-04-08 11:29,0,None,PASS
BAT-12286,M-04,Line-2,PROD-B20,85.3,9.84,1364,3.41,68.9,Op-Bob,Afternoon,2026-07-25 11:29,0,None,PASS
BAT-12287,M-03,Line-2,PROD-A10,70.1,8.86,1209,2.57,50.3,Op-Charlie,Morning,2026-02-15 11:29,0,None,PASS
BAT-12288,M-08,Line-4,PROD-D40,75.3,8.85,1218,2.21,44.9,Op-David,Night,2026-07-01 11:29,0,None,PASS
BAT-12289,M-04,Line-2,PROD-D40,92.2,8.84,1390,3.19,77.2,Op-Bob,Night,2026-07-08 11:29,1,Dimensional Deviation,REWORK
BAT-12290,M-07,Line-4,PROD-C30,80.8,4.86,1318,2.07,50.6,Op-Frank,Afternoon,2026-04-18 11:29,1,Dimensional Deviation,REWORK
BAT-12291,M-04,Line-2,PROD-C30,77.5,10.0,1313,4.56,64.6,Op-Elena,Afternoon,2026-03-01 11:29,0,None,PASS
BAT-12292,M-03,Line-2,PROD-C30,72.6,8.28,1191,2.17,56.3,Op-Frank,Morning,2026-06-27 11:29,0,None,PASS
BAT-12293,M-02,Line-1,PROD-D40,73.2,8.11,1224,2.2,52.7,Op-Elena,Afternoon,2026-03-08 11:29,0,None,PASS
BAT-12294,M-04,Line-2,PROD-C30,84.1,8.96,1429,4.63,56.6,Op-Frank,Night,2026-07-25 11:29,0,None,PASS
BAT-12295,M-04,Line-2,PROD-D40,90.3,8.18,1460,5.2,77.3,Op-Charlie,Night,2026-02-23 11:29,1,Surface Crack,REWORK
BAT-12296,M-07,Line-4,PROD-A10,78.9,8.49,1249,4.52,54.2,Op-Bob,Morning,2026-07-03 11:29,0,None,PASS
BAT-12297,M-01,Line-1,PROD-C30,78.7,9.7,1215,2.39,52.0,Op-David,Night,2026-03-19 11:29,0,None,PASS
BAT-12298,M-06,Line-3,PROD-A10,75.0,8.2,1272,2.12,45.0,Op-Frank,Afternoon,2026-07-05 11:29,0,None,PASS
BAT-12299,M-01,Line-1,PROD-D40,77.0,9.51,1310,2.88,47.3,Op-David,Night,2026-03-16 11:29,0,None,PASS
BAT-12300,M-04,Line-2,PROD-D40,91.8,8.97,1295,4.11,64.2,Op-Charlie,Night,2026-08-07 11:29,1,Surface Crack,REWORK
BAT-12301,M-07,Line-4,PROD-B20,79.6,7.08,1328,3.87,51.7,Op-Elena,Night,2026-07-10 11:29,0,None,PASS
BAT-12302,M-01,Line-1,PROD-A10,73.4,7.85,1265,1.87,44.1,Op-Frank,Afternoon,2026-07-10 11:29,0,None,PASS
BAT-12303,M-02,Line-1,PROD-A10,71.7,9.81,1208,2.51,53.0,Op-Elena,Afternoon,2026-03-23 11:29,0,None,PASS
BAT-12304,M-04,Line-2,PROD-B20,89.4,9.6,1421,3.53,76.3,Op-Bob,Morning,2026-07-26 11:29,0,None,PASS
BAT-12305,M-02,Line-1,PROD-C30,71.7,8.83,1218,2.19,50.5,Op-Alice,Morning,2026-05-24 11:29,0,None,PASS
BAT-12306,M-07,Line-4,PROD-D40,76.3,5.72,1375,4.37,57.5,Op-David,Night,2026-06-11 11:29,1,Dimensional Deviation,REWORK
BAT-12307,M-02,Line-1,PROD-C30,71.8,8.81,1179,1.92,50.0,Op-Charlie,Morning,2026-05-31 11:29,0,None,PASS
BAT-12308,M-08,Line-4,PROD-A10,71.2,8.54,1159,1.77,43.3,Op-Bob,Afternoon,2026-05-23 11:29,0,None,PASS
BAT-12309,M-06,Line-3,PROD-A10,75.4,9.07,1264,1.82,45.0,Op-Charlie,Afternoon,2026-03-06 11:29,0,None,PASS
BAT-12310,M-01,Line-1,PROD-A10,72.4,7.95,1239,2.34,51.3,Op-Elena,Morning,2026-08-03 11:29,0,None,PASS
BAT-12311,M-03,Line-2,PROD-A10,76.4,8.88,1120,1.67,49.1,Op-Elena,Morning,2026-02-11 11:29,0,None,PASS
BAT-12312,M-05,Line-3,PROD-A10,78.3,8.81,1246,1.95,48.2,Op-Elena,Night,2026-05-16 11:29,0,None,PASS
BAT-12313,M-03,Line-2,PROD-B20,79.1,9.04,1209,2.59,42.9,Op-Frank,Night,2026-06-17 11:29,0,None,PASS
BAT-12314,M-04,Line-2,PROD-C30,88.9,9.78,1371,4.34,70.2,Op-Alice,Night,2026-03-21 11:29,1,Surface Crack,REWORK
BAT-12315,M-08,Line-4,PROD-B20,75.3,9.04,1254,2.0,49.8,Op-Elena,Morning,2026-06-03 11:29,1,Surface Crack,SCRAP
BAT-12316,M-02,Line-1,PROD-C30,77.2,8.56,1221,1.38,49.0,Op-Charlie,Morning,2026-05-10 11:29,0,None,PASS
BAT-12317,M-03,Line-2,PROD-A10,73.4,8.58,1267,1.15,48.2,Op-David,Morning,2026-07-14 11:29,0,None,PASS
BAT-12318,M-06,Line-3,PROD-D40,73.3,9.23,1240,1.73,50.6,Op-Frank,Night,2026-05-20 11:29,0,None,PASS
BAT-12319,M-02,Line-1,PROD-A10,74.3,8.95,1101,2.29,48.4,Op-Charlie,Morning,2026-05-14 11:29,0,None,PASS
BAT-12320,M-08,Line-4,PROD-B20,73.8,8.73,1209,1.68,48.9,Op-David,Morning,2026-05-12 11:29,1,Porosity,SCRAP
BAT-12321,M-02,Line-1,PROD-A10,71.2,9.11,1238,2.4,50.2,Op-Frank,Night,2026-05-03 11:29,0,None,PASS
BAT-12322,M-07,Line-4,PROD-B20,79.1,5.42,1342,2.63,49.3,Op-Charlie,Afternoon,2026-03-16 11:29,1,Dimensional Deviation,REWORK
BAT-12323,M-07,Line-4,PROD-D40,79.5,6.43,1498,4.46,43.3,Op-David,Afternoon,2026-03-03 11:29,1,Dimensional Deviation,REWORK
BAT-12324,M-06,Line-3,PROD-D40,71.0,8.18,1175,1.77,53.3,Op-Elena,Afternoon,2026-04-29 11:29,0,None,PASS
BAT-12325,M-05,Line-3,PROD-A10,71.4,8.54,1187,2.58,52.2,Op-Elena,Morning,2026-03-30 11:29,0,None,PASS
BAT-12326,M-05,Line-3,PROD-B20,77.2,8.52,1223,1.89,55.2,Op-Frank,Afternoon,2026-02-22 11:29,0,None,PASS
BAT-12327,M-01,Line-1,PROD-C30,73.6,8.61,1141,2.2,50.7,Op-David,Morning,2026-05-11 11:29,0,None,PASS
BAT-12328,M-01,Line-1,PROD-D40,75.2,9.09,1228,2.39,47.1,Op-Frank,Night,2026-06-24 11:29,0,None,PASS
BAT-12329,M-06,Line-3,PROD-A10,72.3,8.64,1181,2.31,45.1,Op-Bob,Morning,2026-06-07 11:29,0,None,PASS
BAT-12330,M-04,Line-2,PROD-C30,81.6,9.11,1475,4.65,56.8,Op-Alice,Night,2026-04-03 11:29,1,Surface Crack,REWORK
BAT-12331,M-01,Line-1,PROD-A10,72.1,8.72,1224,1.36,42.0,Op-David,Morning,2026-08-05 11:29,0,None,PASS
BAT-12332,M-05,Line-3,PROD-A10,76.0,9.16,1241,2.83,51.2,Op-Bob,Night,2026-05-05 11:29,0,None,PASS
BAT-12333,M-07,Line-4,PROD-B20,75.7,6.91,1385,3.64,48.1,Op-Charlie,Afternoon,2026-02-21 11:29,1,Dimensional Deviation,REWORK
BAT-12334,M-05,Line-3,PROD-D40,77.5,8.76,1167,2.43,49.6,Op-Frank,Night,2026-07-20 11:29,0,None,PASS
BAT-12335,M-05,Line-3,PROD-D40,75.2,8.7,1166,2.65,50.7,Op-Frank,Morning,2026-05-27 11:29,0,None,PASS
BAT-12336,M-07,Line-4,PROD-C30,78.0,6.79,1329,3.43,61.1,Op-Bob,Afternoon,2026-04-15 11:29,0,None,PASS
BAT-12337,M-07,Line-4,PROD-A10,76.0,6.81,1358,3.71,54.2,Op-Frank,Afternoon,2026-03-14 11:29,0,None,PASS
BAT-12338,M-04,Line-2,PROD-A10,83.0,9.43,1391,4.69,65.0,Op-Frank,Morning,2026-03-11 11:29,1,Surface Crack,SCRAP
BAT-12339,M-02,Line-1,PROD-B20,73.7,9.11,1279,2.47,51.4,Op-Elena,Afternoon,2026-03-24 11:29,0,None,PASS
BAT-12340,M-05,Line-3,PROD-D40,77.6,8.75,1130,2.68,49.1,Op-Charlie,Night,2026-04-24 11:29,0,None,PASS
BAT-12341,M-05,Line-3,PROD-A10,72.8,8.68,1254,2.06,51.6,Op-Alice,Afternoon,2026-04-02 11:29,0,None,PASS
BAT-12342,M-08,Line-4,PROD-B20,75.2,8.61,1112,2.58,44.3,Op-Bob,Night,2026-02-19 11:29,0,None,PASS
BAT-12343,M-02,Line-1,PROD-A10,69.5,8.89,1137,1.82,45.0,Op-Bob,Morning,2026-05-20 11:29,0,None,PASS
BAT-12344,M-02,Line-1,PROD-B20,75.1,8.57,1269,2.46,44.0,Op-David,Night,2026-05-15 11:29,0,None,PASS
BAT-12345,M-03,Line-2,PROD-D40,73.4,7.87,1260,1.9,50.0,Op-Elena,Morning,2026-07-29 11:29,0,None,PASS
BAT-12346,M-04,Line-2,PROD-B20,84.4,9.84,1395,5.67,63.9,Op-Frank,Afternoon,2026-02-21 11:29,1,Surface Crack,SCRAP
BAT-12347,M-06,Line-3,PROD-C30,73.6,9.12,1154,3.36,52.0,Op-Bob,Afternoon,2026-06-08 11:29,0,None,PASS
BAT-12348,M-01,Line-1,PROD-D40,68.5,8.42,1247,2.84,47.9,Op-David,Morning,2026-04-25 11:29,0,None,PASS
BAT-12349,M-04,Line-2,PROD-B20,82.6,10.33,1474,4.76,56.4,Op-Frank,Morning,2026-05-06 11:29,1,Surface Crack,REWORK
BAT-12350,M-08,Line-4,PROD-A10,78.9,9.11,1110,2.48,47.5,Op-Bob,Night,2026-06-25 11:29,0,None,PASS
BAT-12351,M-03,Line-2,PROD-B20,73.8,8.46,1215,1.8,45.0,Op-Elena,Afternoon,2026-02-24 11:29,0,None,PASS
BAT-12352,M-02,Line-1,PROD-D40,74.3,8.6,1149,1.97,55.1,Op-Elena,Night,2026-02-14 11:29,0,None,PASS
BAT-12353,M-03,Line-2,PROD-C30,72.1,8.85,1222,2.38,47.8,Op-Charlie,Morning,2026-03-18 11:29,0,None,PASS
BAT-12354,M-04,Line-2,PROD-A10,83.1,8.95,1411,4.25,72.6,Op-David,Morning,2026-07-04 11:29,1,Surface Crack,REWORK
BAT-12355,M-02,Line-1,PROD-B20,73.5,8.61,1331,2.14,49.2,Op-Frank,Morning,2026-07-04 11:29,0,None,PASS
BAT-12356,M-01,Line-1,PROD-D40,75.3,9.04,1190,2.71,52.8,Op-Elena,Night,2026-05-19 11:29,0,None,PASS
BAT-12357,M-07,Line-4,PROD-D40,79.9,4.53,1326,2.43,47.8,Op-Frank,Morning,2026-08-03 11:29,1,Dimensional Deviation,REWORK
BAT-12358,M-08,Line-4,PROD-D40,76.0,8.05,1167,3.23,53.5,Op-Bob,Afternoon,2026-06-27 11:29,0,None,PASS
BAT-12359,M-04,Line-2,PROD-B20,90.1,10.01,1441,6.58,65.9,Op-Charlie,Night,2026-03-26 11:29,0,None,PASS
BAT-12360,M-07,Line-4,PROD-C30,77.3,4.67,1333,2.56,50.9,Op-Bob,Afternoon,2026-02-15 11:29,1,Dimensional Deviation,REWORK
BAT-12361,M-01,Line-1,PROD-D40,77.5,8.23,1171,2.34,52.9,Op-David,Night,2026-06-28 11:29,0,None,PASS
BAT-12362,M-07,Line-4,PROD-B20,78.4,5.95,1477,2.88,52.9,Op-Frank,Afternoon,2026-04-04 11:29,0,None,PASS
BAT-12363,M-07,Line-4,PROD-D40,83.4,5.24,1335,3.91,50.1,Op-David,Night,2026-06-05 11:29,1,Surface Crack,REWORK
BAT-12364,M-06,Line-3,PROD-C30,74.5,8.87,1162,2.3,50.5,Op-Charlie,Night,2026-05-23 11:29,0,None,PASS
BAT-12365,M-04,Line-2,PROD-B20,89.1,9.59,1469,5.22,61.3,Op-Bob,Night,2026-03-30 11:29,1,Surface Crack,SCRAP
BAT-12366,M-06,Line-3,PROD-D40,71.5,8.33,1286,1.43,62.0,Op-Elena,Afternoon,2026-05-16 11:29,0,None,PASS
BAT-12367,M-04,Line-2,PROD-D40,77.7,8.11,1343,4.36,69.4,Op-Bob,Afternoon,2026-03-09 11:29,0,None,PASS
BAT-12368,M-08,Line-4,PROD-C30,74.6,8.95,1182,2.1,47.7,Op-Elena,Afternoon,2026-02-23 11:29,0,None,PASS
BAT-12369,M-06,Line-3,PROD-B20,73.4,8.5,1154,1.72,46.3,Op-Frank,Afternoon,2026-06-22 11:29,0,None,PASS
BAT-12370,M-08,Line-4,PROD-A10,75.4,8.69,1210,1.27,52.7,Op-Frank,Morning,2026-05-19 11:29,0,None,PASS
BAT-12371,M-03,Line-2,PROD-C30,74.7,8.7,1239,2.44,50.7,Op-Frank,Night,2026-07-04 11:29,0,None,PASS
BAT-12372,M-07,Line-4,PROD-B20,79.4,4.2,1413,3.74,48.8,Op-Bob,Afternoon,2026-05-02 11:29,1,Dimensional Deviation,SCRAP
BAT-12373,M-03,Line-2,PROD-D40,72.9,7.75,1256,2.43,40.8,Op-Charlie,Night,2026-07-16 11:29,0,None,PASS
BAT-12374,M-01,Line-1,PROD-A10,74.0,9.78,1244,1.96,39.0,Op-Alice,Morning,2026-02-15 11:29,1,Surface Crack,REWORK
BAT-12375,M-02,Line-1,PROD-C30,68.6,8.19,1184,1.88,52.8,Op-Charlie,Morning,2026-03-20 11:29,0,None,PASS
BAT-12376,M-05,Line-3,PROD-A10,76.9,8.68,1224,2.37,47.9,Op-Charlie,Night,2026-05-01 11:29,0,None,PASS
BAT-12377,M-08,Line-4,PROD-D40,71.5,9.06,1141,2.83,50.4,Op-Charlie,Night,2026-03-26 11:29,0,None,PASS
BAT-12378,M-02,Line-1,PROD-B20,74.1,9.01,1183,2.84,49.3,Op-Bob,Morning,2026-05-27 11:29,0,None,PASS
BAT-12379,M-07,Line-4,PROD-B20,76.8,5.71,1313,2.81,51.7,Op-Elena,Night,2026-07-20 11:29,1,Dimensional Deviation,SCRAP
BAT-12380,M-04,Line-2,PROD-A10,80.9,9.62,1480,7.11,73.8,Op-Frank,Morning,2026-06-03 11:29,1,Surface Crack,REWORK
BAT-12381,M-07,Line-4,PROD-D40,72.5,5.54,1264,3.02,51.7,Op-David,Afternoon,2026-03-25 11:29,0,None,PASS
BAT-12382,M-06,Line-3,PROD-D40,79.3,8.68,1231,2.51,46.9,Op-Elena,Night,2026-03-28 11:29,0,None,PASS
BAT-12383,M-01,Line-1,PROD-D40,79.4,8.89,1164,2.53,41.1,Op-Frank,Night,2026-05-09 11:29,0,None,PASS
BAT-12384,M-02,Line-1,PROD-C30,75.2,7.61,1248,2.22,46.5,Op-Alice,Morning,2026-03-16 11:29,0,None,PASS
BAT-12385,M-07,Line-4,PROD-B20,77.6,7.03,1342,4.51,48.6,Op-Alice,Night,2026-04-01 11:29,0,None,PASS
BAT-12386,M-06,Line-3,PROD-C30,77.3,7.86,1190,2.39,46.0,Op-Frank,Morning,2026-05-11 11:29,0,None,PASS
BAT-12387,M-08,Line-4,PROD-A10,73.8,6.78,1304,1.97,50.2,Op-Elena,Night,2026-05-27 11:29,0,None,PASS
BAT-12388,M-06,Line-3,PROD-C30,80.3,8.83,1332,1.93,40.3,Op-Bob,Night,2026-04-22 11:29,0,None,PASS
BAT-12389,M-01,Line-1,PROD-D40,75.6,8.66,1232,2.98,46.4,Op-Charlie,Morning,2026-02-23 11:29,0,None,PASS
BAT-12390,M-05,Line-3,PROD-C30,71.1,8.54,1252,2.62,46.5,Op-David,Afternoon,2026-05-07 11:29,0,None,PASS
BAT-12391,M-08,Line-4,PROD-A10,74.5,9.2,1241,2.1,49.1,Op-Charlie,Night,2026-02-18 11:29,0,None,PASS
BAT-12392,M-01,Line-1,PROD-A10,76.0,8.55,1183,2.1,48.3,Op-Charlie,Afternoon,2026-04-02 11:29,0,None,PASS
BAT-12393,M-07,Line-4,PROD-D40,78.8,8.56,1442,3.82,59.8,Op-Alice,Night,2026-08-01 11:29,1,Dimensional Deviation,REWORK
BAT-12394,M-06,Line-3,PROD-D40,77.5,9.04,1209,2.68,43.2,Op-David,Night,2026-05-08 11:29,0,None,PASS
BAT-12395,M-06,Line-3,PROD-C30,76.3,8.78,1285,2.42,44.5,Op-Elena,Morning,2026-06-15 11:29,0,None,PASS
BAT-12396,M-02,Line-1,PROD-D40,77.0,8.78,1143,1.91,49.0,Op-Frank,Morning,2026-07-30 11:29,0,None,PASS
BAT-12397,M-02,Line-1,PROD-A10,73.8,8.87,1208,2.22,46.6,Op-Bob,Morning,2026-04-13 11:29,0,None,PASS
BAT-12398,M-06,Line-3,PROD-A10,73.7,8.64,1188,2.43,47.0,Op-Bob,Night,2026-04-11 11:29,0,None,PASS
BAT-12399,M-02,Line-1,PROD-A10,74.4,8.32,1330,3.0,49.7,Op-Frank,Morning,2026-05-08 11:29,0,None,PASS
BAT-12400,M-02,Line-1,PROD-B20,74.2,8.88,1159,2.77,50.3,Op-Elena,Night,2026-06-07 11:29,0,None,PASS
BAT-12401,M-06,Line-3,PROD-A10,72.2,8.78,1225,2.03,49.9,Op-Elena,Morning,2026-02-24 11:29,0,None,PASS
BAT-12402,M-04,Line-2,PROD-A10,86.2,10.49,1327,5.12,76.9,Op-Bob,Morning,2026-03-05 11:29,1,Surface Crack,SCRAP
BAT-12403,M-04,Line-2,PROD-B20,90.6,11.01,1336,4.33,70.2,Op-Alice,Night,2026-03-02 11:29,1,Surface Crack,SCRAP
BAT-12404,M-04,Line-2,PROD-D40,88.3,11.35,1517,7.18,68.9,Op-Bob,Night,2026-06-16 11:29,1,Surface Crack,REWORK
BAT-12405,M-05,Line-3,PROD-A10,68.5,8.69,1220,1.57,49.1,Op-David,Morning,2026-06-19 11:29,1,Dimensional Deviation,SCRAP
BAT-12406,M-05,Line-3,PROD-B20,79.2,8.83,1179,1.93,52.9,Op-Elena,Night,2026-03-30 11:29,0,None,PASS
BAT-12407,M-02,Line-1,PROD-B20,75.4,8.24,1249,2.78,46.2,Op-Bob,Afternoon,2026-04-09 11:29,0,None,PASS
BAT-12408,M-05,Line-3,PROD-D40,77.6,7.65,1210,2.0,45.3,Op-Elena,Night,2026-04-24 11:29,0,None,PASS
BAT-12409,M-05,Line-3,PROD-C30,73.3,8.88,1165,2.31,48.3,Op-Frank,Morning,2026-06-25 11:29,1,Color Variance,REWORK
BAT-12410,M-03,Line-2,PROD-A10,74.0,8.06,1199,2.42,47.9,Op-Alice,Morning,2026-06-16 11:29,0,None,PASS
BAT-12411,M-01,Line-1,PROD-D40,72.0,8.29,1123,2.92,54.0,Op-Alice,Night,2026-06-04 11:29,1,Surface Crack,REWORK
BAT-12412,M-06,Line-3,PROD-A10,74.1,9.11,1157,2.0,49.1,Op-Elena,Afternoon,2026-05-02 11:29,0,None,PASS
BAT-12413,M-08,Line-4,PROD-C30,70.2,8.62,1245,1.94,45.5,Op-David,Afternoon,2026-06-15 11:29,0,None,PASS
BAT-12414,M-04,Line-2,PROD-B20,79.2,11.85,1529,3.91,53.9,Op-Elena,Morning,2026-02-20 11:29,0,None,PASS
BAT-12415,M-07,Line-4,PROD-D40,77.2,7.81,1298,2.95,58.9,Op-David,Afternoon,2026-05-24 11:29,0,None,PASS
BAT-12416,M-08,Line-4,PROD-D40,75.5,8.43,1139,2.7,41.6,Op-Bob,Morning,2026-05-19 11:29,0,None,PASS
BAT-12417,M-01,Line-1,PROD-B20,71.8,8.34,1200,1.94,50.9,Op-Charlie,Afternoon,2026-07-21 11:29,0,None,PASS
BAT-12418,M-06,Line-3,PROD-A10,76.9,8.17,1212,2.11,42.7,Op-David,Night,2026-03-26 11:29,0,None,PASS
BAT-12419,M-03,Line-2,PROD-B20,76.4,7.88,1185,1.87,55.3,Op-Alice,Morning,2026-05-21 11:29,0,None,PASS
BAT-12420,M-05,Line-3,PROD-C30,79.0,8.11,1139,1.72,43.0,Op-Bob,Morning,2026-06-17 11:29,0,None,PASS
BAT-12421,M-05,Line-3,PROD-C30,74.3,7.75,1226,2.17,52.6,Op-Bob,Morning,2026-06-14 11:29,0,None,PASS
BAT-12422,M-08,Line-4,PROD-D40,75.8,8.75,1174,2.56,54.9,Op-David,Morning,2026-06-14 11:29,0,None,PASS
BAT-12423,M-01,Line-1,PROD-C30,76.2,7.83,1245,2.46,48.4,Op-Alice,Morning,2026-05-03 11:29,0,None,PASS
BAT-12424,M-05,Line-3,PROD-B20,73.6,8.02,1078,2.74,55.9,Op-Bob,Night,2026-06-16 11:29,0,None,PASS
BAT-12425,M-07,Line-4,PROD-D40,80.6,4.33,1488,3.29,56.5,Op-Alice,Afternoon,2026-07-21 11:29,1,Dimensional Deviation,SCRAP
BAT-12426,M-07,Line-4,PROD-A10,80.6,6.07,1495,3.53,54.8,Op-Elena,Morning,2026-06-25 11:29,1,Dimensional Deviation,SCRAP
BAT-12427,M-03,Line-2,PROD-C30,77.0,8.18,1195,1.78,46.7,Op-Elena,Afternoon,2026-02-26 11:29,1,Color Variance,REWORK
BAT-12428,M-04,Line-2,PROD-C30,82.7,10.63,1383,4.41,69.5,Op-Frank,Morning,2026-05-01 11:29,1,Surface Crack,SCRAP
BAT-12429,M-08,Line-4,PROD-C30,74.0,8.52,1263,2.27,45.4,Op-Elena,Afternoon,2026-07-07 11:29,0,None,PASS
BAT-12430,M-04,Line-2,PROD-B20,84.8,9.2,1486,5.69,61.5,Op-Charlie,Night,2026-07-06 11:29,0,None,PASS
BAT-12431,M-04,Line-2,PROD-B20,82.1,11.34,1459,5.04,63.5,Op-Bob,Afternoon,2026-07-04 11:29,1,Surface Crack,REWORK
BAT-12432,M-02,Line-1,PROD-D40,75.3,8.35,1214,2.52,48.0,Op-Bob,Night,2026-05-03 11:29,0,None,PASS
BAT-12433,M-08,Line-4,PROD-D40,76.0,8.48,1247,2.95,51.4,Op-Elena,Night,2026-04-19 11:29,0,None,PASS
BAT-12434,M-07,Line-4,PROD-B20,84.7,5.2,1378,4.53,49.2,Op-Charlie,Night,2026-03-18 11:29,1,Surface Crack,SCRAP
BAT-12435,M-08,Line-4,PROD-B20,79.6,9.04,1182,2.31,45.6,Op-Bob,Night,2026-02-10 11:29,0,None,PASS
BAT-12436,M-08,Line-4,PROD-B20,71.5,9.5,1093,1.75,48.9,Op-Charlie,Afternoon,2026-06-14 11:29,0,None,PASS
BAT-12437,M-04,Line-2,PROD-B20,84.2,8.4,1376,4.71,71.0,Op-Elena,Night,2026-03-12 11:29,1,Surface Crack,REWORK
BAT-12438,M-04,Line-2,PROD-C30,85.4,10.99,1379,4.49,62.5,Op-Bob,Afternoon,2026-05-29 11:29,1,Surface Crack,SCRAP
BAT-12439,M-05,Line-3,PROD-C30,76.0,9.57,1226,1.67,52.4,Op-Bob,Morning,2026-04-26 11:29,1,Porosity,REWORK
BAT-12440,M-08,Line-4,PROD-B20,76.6,8.59,1272,2.33,41.4,Op-David,Night,2026-05-18 11:29,0,None,PASS
BAT-12441,M-08,Line-4,PROD-C30,73.4,8.79,1246,2.21,52.0,Op-Alice,Afternoon,2026-06-06 11:29,0,None,PASS
BAT-12442,M-08,Line-4,PROD-C30,80.4,8.28,1193,3.16,48.1,Op-Bob,Night,2026-03-14 11:29,0,None,PASS
BAT-12443,M-01,Line-1,PROD-A10,74.5,8.6,1168,2.38,38.9,Op-Alice,Afternoon,2026-07-01 11:29,0,None,PASS
BAT-12444,M-03,Line-2,PROD-C30,72.5,8.52,1281,1.66,45.3,Op-Frank,Afternoon,2026-06-30 11:29,0,None,PASS
BAT-12445,M-07,Line-4,PROD-C30,81.7,7.05,1239,4.15,53.2,Op-David,Morning,2026-05-04 11:29,1,Surface Crack,SCRAP
BAT-12446,M-05,Line-3,PROD-C30,75.5,8.63,1123,3.12,42.8,Op-Elena,Night,2026-02-20 11:29,0,None,PASS
BAT-12447,M-01,Line-1,PROD-B20,73.1,8.53,1209,1.79,44.5,Op-David,Morning,2026-02-27 11:29,0,None,PASS
BAT-12448,M-02,Line-1,PROD-B20,74.5,7.88,1207,2.01,40.8,Op-Frank,Morning,2026-03-05 11:29,0,None,PASS
BAT-12449,M-06,Line-3,PROD-C30,71.4,8.96,1262,2.47,34.8,Op-Alice,Afternoon,2026-05-08 11:29,0,None,PASS
BAT-12450,M-08,Line-4,PROD-D40,68.9,8.0,1362,2.04,47.9,Op-Elena,Morning,2026-06-24 11:29,0,None,PASS
BAT-12451,M-07,Line-4,PROD-B20,83.1,3.69,1257,2.61,43.5,Op-Elena,Morning,2026-04-04 11:29,1,Dimensional Deviation,REWORK
BAT-12452,M-05,Line-3,PROD-B20,75.5,8.75,1226,2.82,48.4,Op-Bob,Morning,2026-07-25 11:29,0,None,PASS
BAT-12453,M-01,Line-1,PROD-A10,73.7,8.58,1222,2.44,48.4,Op-Frank,Night,2026-04-08 11:29,0,None,PASS
BAT-12454,M-01,Line-1,PROD-B20,71.5,8.0,1150,1.51,41.5,Op-Bob,Morning,2026-03-17 11:29,0,None,PASS
BAT-12455,M-06,Line-3,PROD-D40,78.9,8.69,1293,2.03,49.6,Op-Frank,Night,2026-05-22 11:29,1,Color Variance,REWORK
BAT-12456,M-07,Line-4,PROD-A10,72.9,7.29,1352,1.51,53.3,Op-Alice,Morning,2026-07-10 11:29,1,Dimensional Deviation,REWORK
BAT-12457,M-01,Line-1,PROD-C30,73.7,8.72,1248,1.8,48.1,Op-Frank,Morning,2026-07-08 11:29,0,None,PASS
BAT-12458,M-03,Line-2,PROD-D40,74.4,8.29,1237,1.69,51.0,Op-Bob,Morning,2026-06-27 11:29,1,Contamination,REWORK
BAT-12459,M-06,Line-3,PROD-D40,76.2,9.86,1193,1.95,51.2,Op-Bob,Morning,2026-07-15 11:29,0,None,PASS
BAT-12460,M-04,Line-2,PROD-C30,84.2,9.58,1293,3.98,67.7,Op-Charlie,Afternoon,2026-03-12 11:29,1,Surface Crack,REWORK
BAT-12461,M-08,Line-4,PROD-D40,75.5,7.63,1229,1.98,52.6,Op-Bob,Morning,2026-03-10 11:29,1,Surface Crack,SCRAP
BAT-12462,M-04,Line-2,PROD-B20,88.2,9.65,1139,4.52,75.0,Op-Elena,Night,2026-04-27 11:29,1,Surface Crack,SCRAP
BAT-12463,M-05,Line-3,PROD-C30,75.2,8.33,1245,2.18,49.9,Op-David,Morning,2026-07-25 11:29,0,None,PASS
BAT-12464,M-05,Line-3,PROD-B20,74.1,7.98,1160,2.12,46.6,Op-Elena,Morning,2026-04-30 11:29,1,Dimensional Deviation,SCRAP
BAT-12465,M-04,Line-2,PROD-D40,84.9,10.3,1454,4.83,67.2,Op-Frank,Afternoon,2026-05-04 11:29,1,Surface Crack,REWORK
BAT-12466,M-03,Line-2,PROD-D40,72.6,7.81,1131,2.46,48.9,Op-David,Night,2026-07-12 11:29,0,None,PASS
BAT-12467,M-04,Line-2,PROD-A10,84.6,10.55,1501,5.04,72.9,Op-Elena,Morning,2026-02-10 11:29,1,Surface Crack,SCRAP
BAT-12468,M-01,Line-1,PROD-C30,77.7,9.04,1199,1.26,45.3,Op-Alice,Afternoon,2026-06-03 11:29,0,None,PASS
BAT-12469,M-03,Line-2,PROD-A10,72.6,8.42,1166,1.8,45.1,Op-Alice,Afternoon,2026-04-06 11:29,0,None,PASS
BAT-12470,M-07,Line-4,PROD-C30,80.7,7.45,1377,3.19,49.2,Op-Alice,Afternoon,2026-05-27 11:29,0,None,PASS
BAT-12471,M-05,Line-3,PROD-A10,74.6,8.29,1223,2.55,49.3,Op-Alice,Afternoon,2026-03-18 11:29,0,None,PASS
BAT-12472,M-04,Line-2,PROD-A10,88.4,10.02,1325,4.37,63.2,Op-Frank,Night,2026-08-03 11:29,1,Surface Crack,SCRAP
BAT-12473,M-08,Line-4,PROD-B20,71.9,9.19,1164,2.04,49.3,Op-Alice,Morning,2026-03-04 11:29,0,None,PASS
BAT-12474,M-08,Line-4,PROD-C30,74.8,8.31,1178,2.27,47.1,Op-Charlie,Morning,2026-08-08 11:29,0,None,PASS
BAT-12475,M-02,Line-1,PROD-B20,72.4,7.99,1148,1.64,54.4,Op-Bob,Morning,2026-05-22 11:29,0,None,PASS
BAT-12476,M-01,Line-1,PROD-A10,75.4,8.66,1228,2.32,47.1,Op-David,Afternoon,2026-06-09 11:29,0,None,PASS
BAT-12477,M-01,Line-1,PROD-A10,71.9,9.0,1170,2.46,45.4,Op-Frank,Morning,2026-04-22 11:29,0,None,PASS
BAT-12478,M-08,Line-4,PROD-B20,72.7,9.16,1226,2.4,48.2,Op-Charlie,Morning,2026-07-31 11:29,0,None,PASS
BAT-12479,M-04,Line-2,PROD-B20,72.5,9.02,1374,6.31,48.1,Op-Frank,Afternoon,2026-02-10 11:29,0,None,PASS
BAT-12480,M-01,Line-1,PROD-D40,76.2,8.86,1166,1.94,49.1,Op-Elena,Night,2026-06-15 11:29,0,None,PASS
BAT-12481,M-01,Line-1,PROD-C30,67.4,7.9,1214,2.13,50.5,Op-Charlie,Morning,2026-07-13 11:29,0,None,PASS
BAT-12482,M-08,Line-4,PROD-B20,75.8,8.41,1245,2.52,42.3,Op-Charlie,Night,2026-05-16 11:29,0,None,PASS
BAT-12483,M-03,Line-2,PROD-C30,75.8,8.86,1226,2.9,47.5,Op-Frank,Night,2026-05-09 11:29,0,None,PASS
BAT-12484,M-07,Line-4,PROD-C30,73.9,4.42,1337,2.6,59.6,Op-David,Afternoon,2026-04-25 11:29,1,Dimensional Deviation,SCRAP
BAT-12485,M-08,Line-4,PROD-D40,75.1,8.59,1170,2.7,47.6,Op-Charlie,Afternoon,2026-03-04 11:29,0,None,PASS
BAT-12486,M-03,Line-2,PROD-C30,76.8,8.21,1186,2.32,43.7,Op-Charlie,Night,2026-06-09 11:29,0,None,PASS
BAT-12487,M-03,Line-2,PROD-A10,78.0,8.38,1206,1.91,46.4,Op-Charlie,Night,2026-07-20 11:29,0,None,PASS
BAT-12488,M-06,Line-3,PROD-B20,74.2,8.78,1175,1.77,43.4,Op-Elena,Morning,2026-04-03 11:29,0,None,PASS
BAT-12489,M-07,Line-4,PROD-A10,73.8,3.0,1396,4.03,53.5,Op-David,Morning,2026-06-18 11:29,0,None,PASS
BAT-12490,M-02,Line-1,PROD-A10,76.4,8.31,1179,2.36,47.3,Op-Charlie,Night,2026-07-30 11:29,0,None,PASS
BAT-12491,M-04,Line-2,PROD-C30,80.4,8.78,1511,5.51,61.1,Op-David,Morning,2026-05-04 11:29,1,Surface Crack,SCRAP
BAT-12492,M-07,Line-4,PROD-D40,80.5,8.29,1467,3.17,52.6,Op-Bob,Night,2026-05-10 11:29,0,None,PASS
BAT-12493,M-02,Line-1,PROD-B20,77.0,9.58,1135,2.58,51.3,Op-Frank,Night,2026-06-06 11:29,0,None,PASS
BAT-12494,M-04,Line-2,PROD-A10,78.8,11.61,1282,5.62,80.6,Op-Elena,Morning,2026-06-16 11:29,1,Color Variance,SCRAP
BAT-12495,M-05,Line-3,PROD-B20,73.2,8.58,1274,2.87,46.8,Op-David,Afternoon,2026-04-04 11:29,0,None,PASS
BAT-12496,M-02,Line-1,PROD-B20,78.2,8.23,1137,1.63,48.2,Op-Alice,Morning,2026-02-17 11:29,0,None,PASS
BAT-12497,M-04,Line-2,PROD-B20,79.9,9.13,1823,4.86,75.1,Op-Frank,Morning,2026-02-27 11:29,1,Dimensional Deviation,SCRAP
BAT-12498,M-07,Line-4,PROD-C30,84.2,4.51,1218,3.8,63.6,Op-Frank,Afternoon,2026-02-12 11:29,1,Dimensional Deviation,REWORK
BAT-12499,M-07,Line-4,PROD-C30,74.5,4.88,1374,2.42,52.2,Op-Bob,Afternoon,2026-05-30 11:29,0,None,PASS
BAT-12500,M-08,Line-4,PROD-A10,74.0,9.24,1236,2.93,55.0,Op-Frank,Afternoon,2026-02-18 11:29,0,None,PASS
BAT-12501,M-06,Line-3,PROD-A10,70.6,8.49,1180,2.31,48.8,Op-Charlie,Night,2026-06-11 11:29,0,None,PASS
BAT-12502,M-07,Line-4,PROD-A10,81.3,4.9,1336,3.56,53.2,Op-David,Night,2026-07-10 11:29,0,None,PASS
BAT-12503,M-06,Line-3,PROD-D40,76.2,8.24,1185,1.89,45.2,Op-Alice,Afternoon,2026-02-19 11:29,0,None,PASS
BAT-12504,M-02,Line-1,PROD-D40,76.0,7.95,1258,2.82,53.3,Op-Charlie,Night,2026-03-05 11:29,0,None,PASS
BAT-12505,M-02,Line-1,PROD-D40,75.6,8.92,1152,2.75,44.9,Op-David,Night,2026-05-07 11:29,0,None,PASS
BAT-12506,M-08,Line-4,PROD-A10,76.2,7.83,1216,1.86,49.6,Op-Charlie,Afternoon,2026-07-01 11:29,0,None,PASS
BAT-12507,M-08,Line-4,PROD-B20,72.0,9.28,1200,1.55,52.8,Op-Elena,Afternoon,2026-03-06 11:29,1,Dimensional Deviation,REWORK
BAT-12508,M-01,Line-1,PROD-D40,74.6,8.08,1238,2.43,49.0,Op-Alice,Night,2026-03-28 11:29,0,None,PASS
BAT-12509,M-07,Line-4,PROD-A10,77.7,6.39,1308,3.0,61.9,Op-Charlie,Night,2026-03-12 11:29,0,None,PASS
BAT-12510,M-08,Line-4,PROD-B20,74.3,8.51,1197,2.58,38.2,Op-David,Afternoon,2026-03-23 11:29,0,None,PASS
BAT-12511,M-06,Line-3,PROD-D40,76.6,8.93,1259,2.1,43.0,Op-Alice,Night,2026-03-21 11:29,0,None,PASS
BAT-12512,M-02,Line-1,PROD-B20,76.5,8.37,1269,2.26,45.2,Op-David,Afternoon,2026-04-14 11:29,1,Dimensional Deviation,SCRAP
BAT-12513,M-01,Line-1,PROD-C30,73.0,9.18,1230,2.32,44.3,Op-Bob,Morning,2026-05-08 11:29,0,None,PASS
BAT-12514,M-08,Line-4,PROD-B20,74.2,8.22,1253,2.84,46.0,Op-Frank,Afternoon,2026-08-08 11:29,0,None,PASS
BAT-12515,M-02,Line-1,PROD-A10,76.1,9.06,1179,1.9,42.3,Op-Bob,Morning,2026-03-15 11:29,0,None,PASS
BAT-12516,M-01,Line-1,PROD-D40,75.7,8.3,1260,2.33,46.5,Op-David,Afternoon,2026-08-07 11:29,0,None,PASS
BAT-12517,M-06,Line-3,PROD-A10,76.5,9.63,1161,1.89,49.2,Op-David,Afternoon,2026-02-18 11:29,0,None,PASS
BAT-12518,M-07,Line-4,PROD-A10,78.2,7.76,1367,5.12,50.4,Op-Alice,Morning,2026-04-18 11:29,0,None,PASS
BAT-12519,M-06,Line-3,PROD-D40,74.2,9.2,1193,1.48,45.2,Op-David,Night,2026-04-13 11:29,0,None,PASS
BAT-12520,M-03,Line-2,PROD-A10,74.6,8.97,1178,2.45,45.2,Op-Alice,Morning,2026-03-04 11:29,0,None,PASS
BAT-12521,M-04,Line-2,PROD-D40,88.3,10.99,1394,4.74,72.6,Op-Frank,Night,2026-05-16 11:29,1,Surface Crack,REWORK
BAT-12522,M-03,Line-2,PROD-D40,77.2,8.2,1261,2.45,48.5,Op-Alice,Night,2026-02-20 11:29,0,None,PASS
BAT-12523,M-03,Line-2,PROD-C30,76.2,9.36,1244,2.23,43.0,Op-Bob,Night,2026-08-08 11:29,0,None,PASS
BAT-12524,M-06,Line-3,PROD-A10,71.9,8.12,1203,1.87,49.9,Op-Elena,Morning,2026-03-10 11:29,0,None,PASS
BAT-12525,M-05,Line-3,PROD-A10,76.5,8.61,1321,2.38,51.3,Op-Charlie,Morning,2026-05-02 11:29,0,None,PASS
BAT-12526,M-08,Line-4,PROD-B20,73.5,8.41,1233,2.29,53.8,Op-Bob,Night,2026-06-11 11:29,0,None,PASS
BAT-12527,M-04,Line-2,PROD-A10,90.0,9.24,1520,4.06,71.3,Op-Bob,Afternoon,2026-07-01 11:29,1,Surface Crack,REWORK
BAT-12528,M-02,Line-1,PROD-B20,72.8,7.74,1121,2.12,52.7,Op-Frank,Morning,2026-06-20 11:29,0,None,PASS
BAT-12529,M-02,Line-1,PROD-D40,75.7,8.15,1150,2.12,50.7,Op-Elena,Morning,2026-07-04 11:29,0,None,PASS
BAT-12530,M-07,Line-4,PROD-C30,77.6,7.8,1328,2.14,61.1,Op-Bob,Afternoon,2026-05-25 11:29,0,None,PASS
BAT-12531,M-07,Line-4,PROD-A10,76.1,6.23,1405,3.47,54.0,Op-Charlie,Afternoon,2026-02-17 11:29,1,Dimensional Deviation,SCRAP
BAT-12532,M-06,Line-3,PROD-D40,70.4,7.73,1303,2.08,53.8,Op-David,Night,2026-04-08 11:29,0,None,PASS
BAT-12533,M-03,Line-2,PROD-D40,77.1,8.13,1147,1.77,42.7,Op-Elena,Night,2026-05-25 11:29,0,None,PASS
BAT-12534,M-03,Line-2,PROD-B20,75.6,8.41,1165,2.57,47.3,Op-Elena,Night,2026-04-24 11:29,0,None,PASS
BAT-12535,M-02,Line-1,PROD-D40,77.2,8.66,1220,1.77,41.2,Op-Elena,Morning,2026-05-27 11:29,1,Surface Crack,SCRAP
BAT-12536,M-03,Line-2,PROD-A10,78.2,8.91,1146,1.38,46.3,Op-Charlie,Afternoon,2026-05-21 11:29,0,None,PASS
BAT-12537,M-06,Line-3,PROD-C30,82.1,7.98,1233,2.33,46.7,Op-Elena,Night,2026-05-04 11:29,0,None,PASS
BAT-12538,M-08,Line-4,PROD-D40,76.8,8.64,1265,2.5,59.8,Op-David,Night,2026-07-10 11:29,0,None,PASS
BAT-12539,M-03,Line-2,PROD-D40,76.0,9.2,1205,2.03,54.1,Op-Charlie,Morning,2026-08-06 11:29,0,None,PASS
BAT-12540,M-06,Line-3,PROD-A10,74.3,8.77,1168,3.01,44.1,Op-Charlie,Night,2026-04-19 11:29,0,None,PASS
BAT-12541,M-05,Line-3,PROD-B20,74.0,9.27,1261,2.43,53.7,Op-Charlie,Afternoon,2026-04-12 11:29,0,None,PASS
BAT-12542,M-06,Line-3,PROD-C30,68.5,9.03,1259,2.68,37.3,Op-Bob,Afternoon,2026-06-22 11:29,0,None,PASS
BAT-12543,M-05,Line-3,PROD-C30,73.5,8.85,1196,1.88,43.5,Op-Elena,Afternoon,2026-07-31 11:29,0,None,PASS
BAT-12544,M-03,Line-2,PROD-C30,75.1,8.47,1206,2.42,45.5,Op-Bob,Night,2026-08-04 11:29,0,None,PASS
BAT-12545,M-06,Line-3,PROD-B20,73.1,8.57,1261,2.07,46.0,Op-David,Night,2026-06-23 11:29,0,None,PASS
BAT-12546,M-05,Line-3,PROD-B20,79.6,8.94,1205,2.57,49.9,Op-Bob,Night,2026-07-22 11:29,0,None,PASS
BAT-12547,M-03,Line-2,PROD-D40,67.0,8.59,1176,1.91,54.8,Op-Charlie,Morning,2026-05-21 11:29,0,None,PASS
BAT-12548,M-05,Line-3,PROD-D40,72.7,8.32,1177,1.87,45.8,Op-Elena,Afternoon,2026-03-19 11:29,0,None,PASS
BAT-12549,M-02,Line-1,PROD-C30,78.3,8.89,1198,1.52,48.0,Op-Alice,Afternoon,2026-06-30 11:29,0,None,PASS
BAT-12550,M-01,Line-1,PROD-A10,72.8,8.78,1239,2.3,50.2,Op-Bob,Afternoon,2026-06-16 11:29,0,None,PASS
BAT-12551,M-05,Line-3,PROD-D40,75.8,8.84,1142,2.1,42.6,Op-Bob,Afternoon,2026-02-23 11:29,0,None,PASS
BAT-12552,M-08,Line-4,PROD-A10,72.6,8.7,1242,1.95,53.2,Op-David,Afternoon,2026-05-20 11:29,0,None,PASS
BAT-12553,M-03,Line-2,PROD-B20,75.1,8.2,1333,2.66,48.3,Op-Alice,Afternoon,2026-02-23 11:29,0,None,PASS
BAT-12554,M-02,Line-1,PROD-C30,73.8,9.3,1180,2.01,49.2,Op-Alice,Night,2026-06-27 11:29,0,None,PASS
BAT-12555,M-02,Line-1,PROD-D40,74.5,9.25,1295,2.67,43.5,Op-Bob,Morning,2026-07-29 11:29,0,None,PASS
BAT-12556,M-01,Line-1,PROD-A10,78.7,8.1,1237,2.89,48.5,Op-Charlie,Night,2026-04-21 11:29,0,None,PASS
BAT-12557,M-04,Line-2,PROD-B20,85.9,9.28,1475,7.04,60.0,Op-Bob,Night,2026-07-14 11:29,1,Surface Crack,REWORK
BAT-12558,M-06,Line-3,PROD-B20,76.5,8.43,1342,1.83,53.1,Op-Bob,Morning,2026-07-01 11:29,0,None,PASS
BAT-12559,M-04,Line-2,PROD-B20,83.5,9.66,1188,7.01,64.9,Op-David,Morning,2026-06-28 11:29,1,Surface Crack,SCRAP
BAT-12560,M-02,Line-1,PROD-C30,71.8,9.39,1221,2.44,46.9,Op-David,Morning,2026-03-06 11:29,0,None,PASS
BAT-12561,M-07,Line-4,PROD-B20,70.0,6.55,1407,3.21,50.3,Op-Bob,Afternoon,2026-07-16 11:29,1,Dimensional Deviation,REWORK
BAT-12562,M-04,Line-2,PROD-C30,83.8,10.18,1404,4.52,44.3,Op-Alice,Morning,2026-04-12 11:29,1,Surface Crack,REWORK
BAT-12563,M-07,Line-4,PROD-D40,81.0,5.7,1343,4.32,57.8,Op-Bob,Morning,2026-03-07 11:29,1,Surface Crack,REWORK
BAT-12564,M-08,Line-4,PROD-D40,73.5,8.74,1225,2.69,47.7,Op-Bob,Night,2026-05-19 11:29,0,None,PASS
BAT-12565,M-07,Line-4,PROD-A10,73.3,6.83,1319,2.36,54.2,Op-Elena,Afternoon,2026-04-03 11:29,0,None,PASS
BAT-12566,M-08,Line-4,PROD-D40,76.3,9.35,1152,1.96,53.9,Op-Elena,Afternoon,2026-05-03 11:29,1,Contamination,SCRAP
BAT-12567,M-08,Line-4,PROD-B20,75.5,8.58,1158,2.44,45.3,Op-Charlie,Morning,2026-03-01 11:29,0,None,PASS
BAT-12568,M-07,Line-4,PROD-B20,72.8,6.48,1515,2.84,51.4,Op-David,Morning,2026-04-06 11:29,1,Dimensional Deviation,REWORK
BAT-12569,M-04,Line-2,PROD-C30,80.5,8.2,1483,4.61,66.8,Op-Bob,Afternoon,2026-07-13 11:29,1,Surface Crack,SCRAP
BAT-12570,M-04,Line-2,PROD-A10,84.0,8.82,1371,5.25,50.7,Op-David,Night,2026-02-15 11:29,1,Surface Crack,REWORK
BAT-12571,M-07,Line-4,PROD-A10,78.3,6.44,1444,1.8,57.0,Op-David,Afternoon,2026-06-04 11:29,0,None,PASS
BAT-12572,M-02,Line-1,PROD-D40,70.4,8.2,1249,2.04,49.2,Op-Charlie,Afternoon,2026-04-09 11:29,0,None,PASS
BAT-12573,M-05,Line-3,PROD-D40,73.5,8.46,1277,2.43,51.7,Op-Bob,Morning,2026-04-07 11:29,0,None,PASS
BAT-12574,M-04,Line-2,PROD-A10,82.0,8.2,1336,4.88,68.3,Op-David,Afternoon,2026-02-22 11:29,1,Surface Crack,REWORK
BAT-12575,M-03,Line-2,PROD-A10,72.8,8.53,1272,2.4,46.2,Op-Elena,Night,2026-07-01 11:29,0,None,PASS
BAT-12576,M-02,Line-1,PROD-C30,74.9,8.87,1238,2.49,48.0,Op-David,Morning,2026-04-26 11:29,0,None,PASS
BAT-12577,M-07,Line-4,PROD-C30,73.0,6.78,1196,1.4,52.3,Op-Bob,Morning,2026-05-25 11:29,1,Dimensional Deviation,REWORK
BAT-12578,M-04,Line-2,PROD-A10,86.0,9.47,1547,4.74,71.7,Op-Elena,Morning,2026-07-06 11:29,1,Surface Crack,SCRAP
BAT-12579,M-03,Line-2,PROD-C30,72.6,8.23,1101,1.72,48.6,Op-Elena,Afternoon,2026-05-29 11:29,0,None,PASS
BAT-12580,M-04,Line-2,PROD-A10,86.2,11.5,1444,6.2,59.7,Op-Bob,Night,2026-03-01 11:29,1,Surface Crack,REWORK
BAT-12581,M-03,Line-2,PROD-A10,75.4,9.42,1201,2.18,42.9,Op-David,Night,2026-05-15 11:29,0,None,PASS
BAT-12582,M-03,Line-2,PROD-B20,74.6,8.18,1290,1.83,46.4,Op-Bob,Morning,2026-05-04 11:29,0,None,PASS
BAT-12583,M-05,Line-3,PROD-A10,74.3,8.21,1228,2.47,54.1,Op-Elena,Night,2026-02-24 11:29,0,None,PASS
BAT-12584,M-03,Line-2,PROD-A10,75.3,9.25,1261,2.1,44.2,Op-David,Morning,2026-03-15 11:29,0,None,PASS
BAT-12585,M-06,Line-3,PROD-C30,75.5,9.05,1282,2.03,52.0,Op-David,Morning,2026-06-06 11:29,0,None,PASS
BAT-12586,M-02,Line-1,PROD-B20,76.2,7.71,1195,2.47,56.7,Op-Bob,Night,2026-07-15 11:29,0,None,PASS
BAT-12587,M-02,Line-1,PROD-D40,72.0,7.65,1200,2.27,42.2,Op-Bob,Morning,2026-04-24 11:29,0,None,PASS
BAT-12588,M-08,Line-4,PROD-D40,82.0,8.71,1239,2.43,41.6,Op-Elena,Night,2026-05-24 11:29,0,None,PASS
BAT-12589,M-08,Line-4,PROD-C30,72.7,7.99,1151,2.04,49.9,Op-Elena,Night,2026-05-24 11:29,0,None,PASS
BAT-12590,M-07,Line-4,PROD-B20,78.6,4.09,1294,4.23,50.8,Op-Elena,Afternoon,2026-03-14 11:29,0,None,PASS
BAT-12591,M-04,Line-2,PROD-A10,87.4,6.87,1540,4.58,70.5,Op-Elena,Afternoon,2026-04-27 11:29,1,Surface Crack,SCRAP
BAT-12592,M-07,Line-4,PROD-D40,70.6,3.99,1509,3.7,55.7,Op-Charlie,Afternoon,2026-02-16 11:29,1,Dimensional Deviation,REWORK
BAT-12593,M-01,Line-1,PROD-B20,73.8,8.51,1228,2.49,52.1,Op-David,Night,2026-03-19 11:29,0,None,PASS
BAT-12594,M-03,Line-2,PROD-C30,74.6,8.51,1262,1.51,46.6,Op-David,Morning,2026-03-18 11:29,1,Dimensional Deviation,SCRAP
BAT-12595,M-05,Line-3,PROD-D40,72.0,8.61,1141,1.78,46.9,Op-David,Afternoon,2026-06-09 11:29,0,None,PASS
BAT-12596,M-04,Line-2,PROD-D40,87.5,10.23,1344,5.08,81.5,Op-Bob,Afternoon,2026-02-23 11:29,1,Surface Crack,REWORK
BAT-12597,M-02,Line-1,PROD-C30,73.8,9.16,1253,3.07,42.1,Op-Charlie,Morning,2026-05-10 11:29,0,None,PASS
BAT-12598,M-07,Line-4,PROD-D40,75.7,7.29,1391,3.78,53.8,Op-Alice,Night,2026-04-26 11:29,1,Dimensional Deviation,REWORK
BAT-12599,M-08,Line-4,PROD-A10,78.5,9.3,1248,2.57,44.0,Op-David,Morning,2026-05-11 11:29,0,None,PASS
BAT-12600,M-05,Line-3,PROD-B20,76.8,8.85,1242,1.94,50.3,Op-Alice,Morning,2026-03-19 11:29,0,None,PASS
BAT-12601,M-05,Line-3,PROD-A10,78.5,8.25,1167,1.99,50.1,Op-Alice,Night,2026-04-06 11:29,0,None,PASS
BAT-12602,M-06,Line-3,PROD-A10,73.6,8.78,1250,2.59,46.3,Op-David,Afternoon,2026-05-06 11:29,0,None,PASS
BAT-12603,M-08,Line-4,PROD-C30,75.7,8.49,1235,2.1,47.4,Op-Elena,Afternoon,2026-04-23 11:29,0,None,PASS
BAT-12604,M-02,Line-1,PROD-D40,75.3,8.6,1161,2.83,51.3,Op-David,Afternoon,2026-06-21 11:29,1,Contamination,SCRAP
BAT-12605,M-02,Line-1,PROD-B20,70.4,8.1,1170,1.74,49.6,Op-David,Afternoon,2026-07-29 11:29,0,None,PASS
BAT-12606,M-05,Line-3,PROD-B20,78.9,8.88,1296,1.89,47.7,Op-Bob,Morning,2026-03-05 11:29,0,None,PASS
BAT-12607,M-05,Line-3,PROD-D40,73.6,8.33,1252,1.63,39.0,Op-Bob,Morning,2026-02-21 11:29,0,None,PASS
BAT-12608,M-03,Line-2,PROD-B20,78.5,8.55,1239,1.65,48.3,Op-David,Night,2026-03-31 11:29,0,None,PASS
BAT-12609,M-03,Line-2,PROD-D40,80.3,8.29,1167,1.76,53.9,Op-Elena,Night,2026-04-16 11:29,0,None,PASS
BAT-12610,M-04,Line-2,PROD-A10,85.0,11.63,1468,5.91,65.0,Op-Alice,Morning,2026-02-19 11:29,1,Surface Crack,REWORK
BAT-12611,M-02,Line-1,PROD-B20,69.7,9.03,1160,2.69,51.4,Op-David,Morning,2026-08-01 11:29,0,None,PASS
BAT-12612,M-02,Line-1,PROD-D40,75.9,7.91,1238,2.08,45.1,Op-Charlie,Night,2026-05-16 11:29,0,None,PASS
BAT-12613,M-05,Line-3,PROD-C30,76.8,9.3,1181,2.51,42.0,Op-Frank,Night,2026-05-04 11:29,0,None,PASS
BAT-12614,M-05,Line-3,PROD-B20,75.4,8.63,1263,2.18,48.7,Op-Bob,Morning,2026-06-01 11:29,0,None,PASS
BAT-12615,M-06,Line-3,PROD-C30,68.9,8.2,1144,1.9,53.9,Op-David,Night,2026-05-24 11:29,0,None,PASS
BAT-12616,M-05,Line-3,PROD-C30,71.5,8.75,1207,2.83,47.6,Op-Alice,Morning,2026-07-02 11:29,0,None,PASS
BAT-12617,M-04,Line-2,PROD-B20,78.1,9.7,1358,5.62,71.3,Op-David,Morning,2026-03-07 11:29,0,None,PASS
BAT-12618,M-06,Line-3,PROD-D40,73.8,9.14,1265,2.01,52.8,Op-Frank,Afternoon,2026-05-28 11:29,0,None,PASS
BAT-12619,M-05,Line-3,PROD-A10,70.5,9.72,1194,2.04,46.5,Op-Bob,Morning,2026-07-19 11:29,0,None,PASS
BAT-12620,M-02,Line-1,PROD-C30,72.3,8.67,1227,2.16,44.6,Op-Alice,Afternoon,2026-05-24 11:29,0,None,PASS
BAT-12621,M-03,Line-2,PROD-D40,70.9,8.29,1219,2.15,53.3,Op-David,Morning,2026-05-06 11:29,0,None,PASS
BAT-12622,M-02,Line-1,PROD-C30,70.9,9.49,1213,1.96,41.7,Op-Bob,Afternoon,2026-06-15 11:29,0,None,PASS
BAT-12623,M-07,Line-4,PROD-B20,79.0,7.75,1304,3.4,58.4,Op-David,Afternoon,2026-04-11 11:29,0,None,PASS
BAT-12624,M-03,Line-2,PROD-C30,76.1,8.46,1270,1.92,51.9,Op-Bob,Night,2026-05-04 11:29,0,None,PASS
BAT-12625,M-02,Line-1,PROD-A10,71.3,9.41,1250,2.19,53.4,Op-Alice,Morning,2026-02-12 11:29,0,None,PASS
BAT-12626,M-07,Line-4,PROD-D40,82.4,4.73,1365,3.13,57.4,Op-Alice,Night,2026-07-25 11:29,1,Dimensional Deviation,REWORK
BAT-12627,M-08,Line-4,PROD-B20,75.4,8.3,1228,2.81,42.0,Op-Alice,Morning,2026-04-25 11:29,0,None,PASS
BAT-12628,M-06,Line-3,PROD-C30,76.1,8.43,1237,2.79,48.5,Op-Frank,Night,2026-03-04 11:29,0,None,PASS
BAT-12629,M-05,Line-3,PROD-C30,73.5,7.76,1175,2.13,49.0,Op-Alice,Morning,2026-07-09 11:29,0,None,PASS
BAT-12630,M-01,Line-1,PROD-A10,71.5,8.05,1211,2.0,43.0,Op-Bob,Morning,2026-05-21 11:29,0,None,PASS
BAT-12631,M-08,Line-4,PROD-A10,74.6,8.09,1147,2.6,58.4,Op-Charlie,Night,2026-04-25 11:29,0,None,PASS
BAT-12632,M-02,Line-1,PROD-C30,76.0,9.07,1256,1.65,49.1,Op-Bob,Morning,2026-06-08 11:29,0,None,PASS
BAT-12633,M-05,Line-3,PROD-B20,75.9,9.13,1253,2.4,54.3,Op-Frank,Night,2026-06-21 11:29,0,None,PASS
BAT-12634,M-04,Line-2,PROD-C30,85.6,9.1,1384,2.87,73.1,Op-Alice,Afternoon,2026-05-07 11:29,1,Dimensional Deviation,SCRAP
BAT-12635,M-08,Line-4,PROD-C30,76.2,8.06,1203,2.28,49.2,Op-Elena,Afternoon,2026-04-26 11:29,0,None,PASS
BAT-12636,M-07,Line-4,PROD-D40,78.9,5.62,1398,2.64,59.3,Op-Bob,Afternoon,2026-07-30 11:29,1,Dimensional Deviation,REWORK
BAT-12637,M-03,Line-2,PROD-B20,70.0,8.42,1260,1.77,50.6,Op-Alice,Morning,2026-02-25 11:29,0,None,PASS
BAT-12638,M-02,Line-1,PROD-B20,72.8,8.36,1230,2.1,45.9,Op-Alice,Afternoon,2026-03-14 11:29,0,None,PASS
BAT-12639,M-02,Line-1,PROD-C30,73.5,8.43,1200,2.4,42.6,Op-Charlie,Night,2026-05-02 11:29,0,None,PASS
BAT-12640,M-08,Line-4,PROD-D40,75.6,8.51,1197,1.76,51.8,Op-David,Morning,2026-07-24 11:29,0,None,PASS
BAT-12641,M-05,Line-3,PROD-B20,74.4,8.62,1230,2.49,42.5,Op-David,Night,2026-02-18 11:29,0,None,PASS
BAT-12642,M-07,Line-4,PROD-B20,78.2,5.59,1250,3.2,57.2,Op-Charlie,Morning,2026-02-22 11:29,1,Dimensional Deviation,SCRAP
BAT-12643,M-05,Line-3,PROD-D40,71.5,9.14,1225,2.48,50.1,Op-Bob,Afternoon,2026-06-08 11:29,0,None,PASS
BAT-12644,M-07,Line-4,PROD-C30,75.1,5.9,1267,3.02,48.9,Op-David,Morning,2026-05-04 11:29,0,None,PASS
BAT-12645,M-07,Line-4,PROD-C30,82.9,4.96,1218,3.02,45.2,Op-Elena,Night,2026-03-29 11:29,1,Dimensional Deviation,SCRAP
BAT-12646,M-05,Line-3,PROD-D40,73.8,8.64,1197,1.51,48.9,Op-Alice,Afternoon,2026-05-06 11:29,0,None,PASS
BAT-12647,M-03,Line-2,PROD-B20,75.6,9.3,1237,2.85,45.5,Op-Elena,Night,2026-06-16 11:29,0,None,PASS
BAT-12648,M-04,Line-2,PROD-B20,78.9,8.41,1464,4.25,68.2,Op-David,Morning,2026-02-12 11:29,1,Dimensional Deviation,SCRAP
BAT-12649,M-06,Line-3,PROD-C30,74.1,7.9,1187,2.47,50.8,Op-Alice,Morning,2026-06-13 11:29,0,None,PASS
BAT-12650,M-04,Line-2,PROD-B20,90.2,10.9,1296,3.51,69.0,Op-Bob,Afternoon,2026-08-03 11:29,0,None,PASS
BAT-12651,M-05,Line-3,PROD-D40,79.0,9.09,1147,3.12,48.8,Op-Elena,Night,2026-07-16 11:29,0,None,PASS
BAT-12652,M-04,Line-2,PROD-D40,80.7,8.99,1461,6.13,63.3,Op-Frank,Morning,2026-06-06 11:29,0,None,PASS
BAT-12653,M-05,Line-3,PROD-D40,75.6,7.95,1166,1.33,40.0,Op-Alice,Afternoon,2026-05-06 11:29,1,Contamination,SCRAP
BAT-12654,M-02,Line-1,PROD-D40,75.8,9.15,1221,1.88,40.6,Op-David,Afternoon,2026-07-15 11:29,0,None,PASS
BAT-12655,M-06,Line-3,PROD-B20,76.1,8.94,1173,2.91,50.5,Op-David,Afternoon,2026-04-27 11:29,0,None,PASS
BAT-12656,M-01,Line-1,PROD-B20,75.3,8.69,1284,2.4,56.4,Op-Frank,Night,2026-04-16 11:29,0,None,PASS
BAT-12657,M-01,Line-1,PROD-B20,74.3,8.77,1224,1.5,46.9,Op-Alice,Morning,2026-06-05 11:29,0,None,PASS
BAT-12658,M-01,Line-1,PROD-D40,74.6,9.48,1189,2.21,49.0,Op-Alice,Morning,2026-04-21 11:29,0,None,PASS
BAT-12659,M-07,Line-4,PROD-A10,82.2,5.93,1390,3.83,53.5,Op-Elena,Night,2026-07-23 11:29,1,Surface Crack,SCRAP
BAT-12660,M-01,Line-1,PROD-D40,77.6,8.71,1206,2.37,42.3,Op-Elena,Morning,2026-06-26 11:29,0,None,PASS
BAT-12661,M-05,Line-3,PROD-A10,72.6,8.11,1179,2.28,39.7,Op-Bob,Afternoon,2026-07-03 11:29,0,None,PASS
BAT-12662,M-03,Line-2,PROD-B20,75.4,9.12,1147,2.82,43.5,Op-Alice,Night,2026-05-30 11:29,1,Dimensional Deviation,SCRAP
BAT-12663,M-01,Line-1,PROD-A10,73.7,8.22,1208,1.96,48.7,Op-Bob,Night,2026-04-17 11:29,0,None,PASS
BAT-12664,M-05,Line-3,PROD-C30,76.2,8.45,1186,2.86,49.2,Op-David,Morning,2026-05-30 11:29,0,None,PASS
BAT-12665,M-03,Line-2,PROD-C30,71.7,9.21,1245,2.24,51.7,Op-Alice,Afternoon,2026-04-30 11:29,0,None,PASS
BAT-12666,M-02,Line-1,PROD-A10,70.0,8.85,1271,2.61,44.8,Op-Bob,Morning,2026-02-10 11:29,0,None,PASS
BAT-12667,M-02,Line-1,PROD-C30,74.2,8.79,1344,2.22,43.5,Op-Bob,Morning,2026-06-05 11:29,0,None,PASS
BAT-12668,M-08,Line-4,PROD-A10,74.7,7.75,1235,2.14,49.2,Op-David,Night,2026-07-17 11:29,0,None,PASS
BAT-12669,M-02,Line-1,PROD-C30,74.8,9.16,1240,1.9,51.5,Op-Alice,Afternoon,2026-03-27 11:29,0,None,PASS
BAT-12670,M-04,Line-2,PROD-C30,82.6,10.41,1433,5.99,66.8,Op-Frank,Morning,2026-07-18 11:29,1,Surface Crack,SCRAP
BAT-12671,M-02,Line-1,PROD-A10,75.8,8.77,1241,1.89,43.4,Op-Bob,Morning,2026-05-08 11:29,0,None,PASS
BAT-12672,M-04,Line-2,PROD-D40,82.2,10.18,1537,6.37,56.3,Op-Frank,Afternoon,2026-02-17 11:29,1,Surface Crack,REWORK
BAT-12673,M-07,Line-4,PROD-A10,76.9,5.93,1338,2.93,51.1,Op-Elena,Afternoon,2026-04-05 11:29,1,Dimensional Deviation,SCRAP
BAT-12674,M-08,Line-4,PROD-A10,72.9,9.23,1194,2.16,46.6,Op-Frank,Morning,2026-07-28 11:29,0,None,PASS
BAT-12675,M-08,Line-4,PROD-D40,74.1,9.27,1203,1.88,47.6,Op-David,Afternoon,2026-07-24 11:29,0,None,PASS
BAT-12676,M-01,Line-1,PROD-A10,75.2,9.0,1218,2.81,53.3,Op-David,Morning,2026-02-10 11:29,0,None,PASS
BAT-12677,M-01,Line-1,PROD-C30,76.1,7.8,1230,1.31,41.1,Op-Frank,Afternoon,2026-05-27 11:29,0,None,PASS
BAT-12678,M-01,Line-1,PROD-C30,76.2,8.38,1272,1.91,45.3,Op-David,Morning,2026-03-16 11:29,0,None,PASS
BAT-12679,M-02,Line-1,PROD-B20,73.5,8.76,1165,1.71,42.8,Op-David,Afternoon,2026-07-01 11:29,0,None,PASS
BAT-12680,M-06,Line-3,PROD-A10,73.5,8.72,1181,2.3,57.4,Op-Elena,Morning,2026-07-23 11:29,0,None,PASS
BAT-12681,M-05,Line-3,PROD-D40,74.4,8.69,1238,1.76,49.0,Op-Charlie,Morning,2026-03-09 11:29,0,None,PASS
BAT-12682,M-05,Line-3,PROD-B20,74.0,8.58,1255,1.58,55.2,Op-Frank,Afternoon,2026-05-18 11:29,0,None,PASS
BAT-12683,M-05,Line-3,PROD-C30,74.3,9.13,1305,1.86,51.0,Op-David,Morning,2026-06-25 11:29,0,None,PASS
BAT-12684,M-08,Line-4,PROD-C30,75.0,8.92,1208,2.22,53.0,Op-Frank,Afternoon,2026-05-25 11:29,1,Color Variance,REWORK
BAT-12685,M-02,Line-1,PROD-B20,70.8,8.86,1221,1.95,45.4,Op-Elena,Night,2026-07-13 11:29,0,None,PASS
BAT-12686,M-06,Line-3,PROD-A10,71.7,8.57,1228,2.51,46.5,Op-Alice,Afternoon,2026-05-06 11:29,0,None,PASS
BAT-12687,M-02,Line-1,PROD-B20,75.2,8.69,1216,1.64,51.5,Op-Elena,Morning,2026-07-09 11:29,0,None,PASS
BAT-12688,M-04,Line-2,PROD-A10,88.4,10.71,1392,4.85,64.3,Op-Charlie,Afternoon,2026-06-30 11:29,1,Surface Crack,SCRAP
BAT-12689,M-02,Line-1,PROD-C30,77.4,8.64,1227,2.14,47.9,Op-Elena,Night,2026-04-27 11:29,0,None,PASS
BAT-12690,M-07,Line-4,PROD-A10,76.5,6.51,1437,2.08,61.8,Op-Charlie,Afternoon,2026-03-05 11:29,0,None,PASS
BAT-12691,M-05,Line-3,PROD-A10,74.4,8.46,1209,1.99,46.2,Op-Bob,Morning,2026-03-06 11:29,0,None,PASS
BAT-12692,M-01,Line-1,PROD-A10,71.3,8.93,1193,1.71,39.1,Op-David,Morning,2026-06-10 11:29,0,None,PASS
BAT-12693,M-07,Line-4,PROD-A10,84.8,7.31,1327,3.64,54.7,Op-Charlie,Morning,2026-07-11 11:29,0,None,PASS
BAT-12694,M-04,Line-2,PROD-A10,84.7,9.48,1466,3.88,75.2,Op-Charlie,Morning,2026-03-29 11:29,1,Surface Crack,REWORK
BAT-12695,M-02,Line-1,PROD-A10,71.4,7.94,1254,1.89,48.5,Op-David,Morning,2026-03-14 11:29,0,None,PASS
BAT-12696,M-04,Line-2,PROD-D40,79.4,9.31,1421,5.41,71.4,Op-Alice,Night,2026-06-23 11:29,1,Dimensional Deviation,REWORK
BAT-12697,M-04,Line-2,PROD-D40,87.4,10.53,1491,4.54,65.9,Op-Elena,Morning,2026-02-25 11:29,1,Surface Crack,SCRAP
BAT-12698,M-07,Line-4,PROD-B20,79.2,6.85,1431,3.63,53.3,Op-Elena,Afternoon,2026-05-09 11:29,1,Dimensional Deviation,SCRAP
BAT-12699,M-07,Line-4,PROD-C30,80.2,6.12,1211,2.74,60.6,Op-Charlie,Morning,2026-07-17 11:29,0,None,PASS
BAT-12700,M-02,Line-1,PROD-D40,73.2,8.34,1186,1.25,53.6,Op-Charlie,Night,2026-07-14 11:29,0,None,PASS
BAT-12701,M-02,Line-1,PROD-D40,74.1,8.85,1208,2.08,40.5,Op-Elena,Morning,2026-04-15 11:29,0,None,PASS
BAT-12702,M-03,Line-2,PROD-A10,71.0,8.95,1174,2.98,41.7,Op-Frank,Morning,2026-03-15 11:29,0,None,PASS
BAT-12703,M-04,Line-2,PROD-B20,75.5,9.51,1377,4.25,68.6,Op-Frank,Morning,2026-02-28 11:29,0,None,PASS
BAT-12704,M-03,Line-2,PROD-B20,72.7,8.01,1229,1.86,47.5,Op-Charlie,Morning,2026-07-07 11:29,1,Dimensional Deviation,SCRAP
BAT-12705,M-01,Line-1,PROD-D40,75.0,8.75,1212,1.23,47.4,Op-Alice,Afternoon,2026-04-03 11:29,0,None,PASS
BAT-12706,M-03,Line-2,PROD-A10,73.3,8.59,1226,1.07,48.1,Op-Charlie,Afternoon,2026-05-26 11:29,0,None,PASS
BAT-12707,M-05,Line-3,PROD-D40,73.4,8.81,1285,2.36,52.0,Op-Frank,Morning,2026-07-22 11:29,0,None,PASS
BAT-12708,M-07,Line-4,PROD-C30,86.3,5.0,1323,5.19,52.1,Op-Bob,Night,2026-07-29 11:29,1,Surface Crack,REWORK
BAT-12709,M-05,Line-3,PROD-D40,78.2,7.91,1297,1.82,52.0,Op-Alice,Afternoon,2026-02-10 11:29,0,None,PASS
BAT-12710,M-03,Line-2,PROD-A10,73.5,8.38,1178,2.17,43.4,Op-Alice,Night,2026-06-07 11:29,0,None,PASS
BAT-12711,M-04,Line-2,PROD-D40,79.9,9.25,1403,5.02,60.8,Op-Alice,Afternoon,2026-03-18 11:29,1,Dimensional Deviation,REWORK
BAT-12712,M-01,Line-1,PROD-D40,77.0,8.99,1174,1.63,43.5,Op-Elena,Morning,2026-07-10 11:29,0,None,PASS
BAT-12713,M-05,Line-3,PROD-B20,78.1,8.47,1100,1.78,52.8,Op-David,Morning,2026-08-05 11:29,0,None,PASS
BAT-12714,M-08,Line-4,PROD-D40,76.5,8.23,1198,1.98,52.4,Op-Charlie,Morning,2026-06-12 11:29,0,None,PASS
BAT-12715,M-03,Line-2,PROD-A10,74.1,7.83,1249,2.26,49.9,Op-Bob,Night,2026-06-14 11:29,0,None,PASS
BAT-12716,M-03,Line-2,PROD-A10,76.3,8.2,1225,2.59,57.7,Op-Charlie,Night,2026-05-15 11:29,0,None,PASS
BAT-12717,M-02,Line-1,PROD-C30,75.0,7.93,1204,1.93,54.5,Op-Frank,Night,2026-04-30 11:29,0,None,PASS
BAT-12718,M-01,Line-1,PROD-A10,74.6,8.32,1214,2.43,43.3,Op-Elena,Morning,2026-04-12 11:29,0,None,PASS
BAT-12719,M-05,Line-3,PROD-B20,76.7,8.5,1159,2.54,53.2,Op-Frank,Night,2026-07-17 11:29,0,None,PASS
BAT-12720,M-03,Line-2,PROD-D40,75.0,9.05,1197,2.5,48.6,Op-Elena,Morning,2026-03-20 11:29,0,None,PASS
BAT-12721,M-06,Line-3,PROD-D40,74.6,8.52,1260,1.51,52.1,Op-Elena,Afternoon,2026-02-10 11:29,0,None,PASS
BAT-12722,M-03,Line-2,PROD-A10,72.1,7.99,1227,2.63,53.3,Op-Frank,Afternoon,2026-05-29 11:29,0,None,PASS
BAT-12723,M-05,Line-3,PROD-B20,78.5,8.75,1217,1.88,46.5,Op-Frank,Afternoon,2026-07-31 11:29,0,None,PASS
BAT-12724,M-06,Line-3,PROD-A10,73.6,9.29,1218,2.74,46.5,Op-David,Afternoon,2026-07-19 11:29,0,None,PASS
BAT-12725,M-04,Line-2,PROD-C30,83.3,10.41,1450,2.81,63.0,Op-Alice,Afternoon,2026-05-12 11:29,1,Dimensional Deviation,REWORK
BAT-12726,M-06,Line-3,PROD-D40,74.5,8.42,1234,2.36,50.6,Op-Bob,Afternoon,2026-07-03 11:29,1,Surface Crack,REWORK
BAT-12727,M-03,Line-2,PROD-B20,75.9,9.36,1260,2.13,52.5,Op-David,Morning,2026-04-03 11:29,0,None,PASS
BAT-12728,M-02,Line-1,PROD-A10,75.3,9.02,1262,2.57,52.2,Op-Frank,Night,2026-06-02 11:29,0,None,PASS
BAT-12729,M-04,Line-2,PROD-B20,77.7,11.26,1399,5.52,69.7,Op-Bob,Afternoon,2026-03-06 11:29,1,Dimensional Deviation,REWORK
BAT-12730,M-07,Line-4,PROD-A10,81.4,6.32,1336,3.76,56.2,Op-Charlie,Night,2026-07-10 11:29,0,None,PASS
BAT-12731,M-04,Line-2,PROD-A10,77.8,11.52,1553,4.43,71.2,Op-Charlie,Morning,2026-07-16 11:29,1,Dimensional Deviation,SCRAP
BAT-12732,M-04,Line-2,PROD-A10,79.5,7.8,1511,4.77,76.8,Op-David,Night,2026-04-21 11:29,1,Dimensional Deviation,SCRAP
BAT-12733,M-01,Line-1,PROD-D40,70.1,9.16,1248,2.0,45.7,Op-Bob,Afternoon,2026-05-05 11:29,0,None,PASS
BAT-12734,M-04,Line-2,PROD-C30,84.0,9.58,1468,6.21,76.5,Op-Alice,Afternoon,2026-08-07 11:29,1,Surface Crack,REWORK
BAT-12735,M-08,Line-4,PROD-B20,76.2,9.28,1223,2.6,46.0,Op-Alice,Night,2026-03-06 11:29,0,None,PASS
BAT-12736,M-01,Line-1,PROD-C30,75.4,8.56,1251,2.13,44.5,Op-Bob,Morning,2026-03-22 11:29,0,None,PASS
BAT-12737,M-01,Line-1,PROD-B20,73.8,8.32,1197,2.67,58.7,Op-Bob,Morning,2026-04-01 11:29,0,None,PASS
BAT-12738,M-08,Line-4,PROD-A10,78.2,9.03,1218,2.85,55.3,Op-Frank,Afternoon,2026-04-08 11:29,0,None,PASS
BAT-12739,M-01,Line-1,PROD-A10,70.5,9.01,1271,2.95,45.8,Op-Frank,Night,2026-04-03 11:29,0,None,PASS
BAT-12740,M-05,Line-3,PROD-D40,74.7,7.82,1217,2.94,51.2,Op-Bob,Night,2026-02-26 11:29,0,None,PASS
BAT-12741,M-03,Line-2,PROD-D40,70.1,7.49,1177,2.85,50.8,Op-David,Morning,2026-03-25 11:29,0,None,PASS
BAT-12742,M-03,Line-2,PROD-D40,76.2,8.26,1187,1.68,44.6,Op-Alice,Morning,2026-03-22 11:29,0,None,PASS
BAT-12743,M-03,Line-2,PROD-D40,76.0,7.93,1113,1.95,46.3,Op-Alice,Afternoon,2026-04-09 11:29,0,None,PASS
BAT-12744,M-03,Line-2,PROD-C30,76.8,9.76,1158,2.76,44.9,Op-Frank,Night,2026-07-02 11:29,0,None,PASS
BAT-12745,M-06,Line-3,PROD-D40,70.2,9.28,1192,3.69,41.5,Op-Bob,Night,2026-06-26 11:29,0,None,PASS
BAT-12746,M-04,Line-2,PROD-D40,91.2,10.56,1395,4.22,69.6,Op-David,Morning,2026-07-16 11:29,1,Surface Crack,REWORK
BAT-12747,M-06,Line-3,PROD-C30,72.2,8.62,1177,2.02,43.9,Op-Elena,Morning,2026-02-15 11:29,0,None,PASS
BAT-12748,M-05,Line-3,PROD-D40,73.8,8.97,1216,2.29,47.8,Op-Elena,Afternoon,2026-03-05 11:29,0,None,PASS
BAT-12749,M-02,Line-1,PROD-B20,74.2,7.34,1210,2.05,40.7,Op-Alice,Morning,2026-08-08 11:29,0,None,PASS
BAT-12750,M-02,Line-1,PROD-D40,73.0,8.27,1230,1.99,43.7,Op-David,Night,2026-07-08 11:29,0,None,PASS
BAT-12751,M-03,Line-2,PROD-A10,73.2,8.57,1218,2.23,51.1,Op-Elena,Morning,2026-06-27 11:29,0,None,PASS
BAT-12752,M-03,Line-2,PROD-B20,80.9,8.23,1277,1.74,45.1,Op-Alice,Night,2026-07-15 11:29,0,None,PASS
BAT-12753,M-02,Line-1,PROD-B20,74.9,10.15,1139,1.86,46.1,Op-Elena,Night,2026-03-03 11:29,0,None,PASS
BAT-12754,M-02,Line-1,PROD-C30,70.1,8.57,1147,1.53,52.9,Op-Charlie,Afternoon,2026-06-30 11:29,0,None,PASS
BAT-12755,M-03,Line-2,PROD-A10,74.5,8.58,1244,2.03,52.9,Op-David,Afternoon,2026-04-03 11:29,0,None,PASS
BAT-12756,M-04,Line-2,PROD-A10,78.0,8.06,1490,3.9,67.1,Op-Elena,Morning,2026-07-19 11:29,1,Dimensional Deviation,REWORK
BAT-12757,M-02,Line-1,PROD-C30,72.6,8.22,1170,1.81,50.8,Op-David,Morning,2026-08-03 11:29,0,None,PASS
BAT-12758,M-06,Line-3,PROD-A10,77.9,7.9,1194,1.63,47.3,Op-Alice,Morning,2026-02-16 11:29,0,None,PASS
BAT-12759,M-01,Line-1,PROD-A10,74.5,7.85,1176,1.89,51.0,Op-Alice,Afternoon,2026-03-24 11:29,0,None,PASS
BAT-12760,M-02,Line-1,PROD-A10,72.0,8.39,1234,3.13,49.4,Op-Frank,Morning,2026-06-13 11:29,0,None,PASS
BAT-12761,M-02,Line-1,PROD-D40,73.1,8.68,1186,2.8,52.9,Op-Elena,Night,2026-05-16 11:29,0,None,PASS
BAT-12762,M-01,Line-1,PROD-B20,73.5,8.12,1160,1.83,46.0,Op-Charlie,Afternoon,2026-05-18 11:29,0,None,PASS
BAT-12763,M-05,Line-3,PROD-C30,71.5,8.33,1232,2.25,45.7,Op-Charlie,Morning,2026-03-03 11:29,0,None,PASS
BAT-12764,M-03,Line-2,PROD-D40,76.4,8.95,1217,2.43,44.8,Op-Charlie,Afternoon,2026-06-23 11:29,0,None,PASS
BAT-12765,M-02,Line-1,PROD-B20,76.3,8.34,1268,2.72,49.1,Op-Bob,Afternoon,2026-06-18 11:29,0,None,PASS
BAT-12766,M-01,Line-1,PROD-C30,71.1,8.75,1301,1.94,50.7,Op-David,Afternoon,2026-02-20 11:29,0,None,PASS
BAT-12767,M-08,Line-4,PROD-A10,75.2,8.64,1241,2.07,50.5,Op-Alice,Night,2026-02-22 11:29,1,Color Variance,SCRAP
BAT-12768,M-07,Line-4,PROD-C30,82.7,3.31,1420,3.32,54.0,Op-Frank,Afternoon,2026-03-04 11:29,1,Dimensional Deviation,REWORK
BAT-12769,M-03,Line-2,PROD-D40,76.8,8.88,1246,2.38,46.7,Op-David,Night,2026-03-13 11:29,0,None,PASS
BAT-12770,M-03,Line-2,PROD-C30,75.2,8.27,1168,2.51,50.6,Op-Elena,Morning,2026-05-03 11:29,0,None,PASS
BAT-12771,M-01,Line-1,PROD-C30,72.3,9.48,1206,2.46,41.8,Op-Charlie,Morning,2026-07-07 11:29,0,None,PASS
BAT-12772,M-01,Line-1,PROD-A10,71.8,9.56,1169,1.62,49.2,Op-Frank,Afternoon,2026-02-23 11:29,0,None,PASS
BAT-12773,M-04,Line-2,PROD-D40,93.8,8.66,1472,4.42,70.8,Op-Elena,Night,2026-07-02 11:29,1,Surface Crack,REWORK
BAT-12774,M-01,Line-1,PROD-B20,79.0,9.17,1193,2.09,48.0,Op-Bob,Morning,2026-02-25 11:29,0,None,PASS
BAT-12775,M-01,Line-1,PROD-A10,75.0,9.32,1189,1.94,42.5,Op-David,Afternoon,2026-06-25 11:29,0,None,PASS
BAT-12776,M-01,Line-1,PROD-C30,71.8,9.01,1132,1.78,46.1,Op-Frank,Night,2026-04-17 11:29,0,None,PASS
BAT-12777,M-03,Line-2,PROD-D40,74.7,8.07,1201,1.9,53.6,Op-David,Morning,2026-06-22 11:29,0,None,PASS
BAT-12778,M-04,Line-2,PROD-A10,87.8,10.94,1630,5.27,62.7,Op-David,Afternoon,2026-04-13 11:29,1,Surface Crack,REWORK
BAT-12779,M-07,Line-4,PROD-C30,81.5,7.74,1347,3.28,56.5,Op-Frank,Morning,2026-06-23 11:29,0,None,PASS
BAT-12780,M-05,Line-3,PROD-D40,75.3,8.42,1205,2.23,51.7,Op-Charlie,Morning,2026-02-15 11:29,0,None,PASS
BAT-12781,M-07,Line-4,PROD-B20,77.1,4.52,1406,3.02,55.0,Op-Charlie,Night,2026-06-25 11:29,1,Dimensional Deviation,REWORK
BAT-12782,M-05,Line-3,PROD-A10,76.3,8.5,1163,2.01,49.5,Op-David,Morning,2026-05-20 11:29,0,None,PASS
BAT-12783,M-07,Line-4,PROD-B20,78.8,4.74,1289,2.11,58.6,Op-Charlie,Afternoon,2026-04-25 11:29,0,None,PASS
BAT-12784,M-01,Line-1,PROD-B20,77.6,8.67,1236,2.91,48.4,Op-David,Morning,2026-08-01 11:29,0,None,PASS
BAT-12785,M-03,Line-2,PROD-C30,82.1,8.24,1221,2.6,54.2,Op-Bob,Night,2026-02-15 11:29,0,None,PASS
BAT-12786,M-08,Line-4,PROD-D40,73.0,8.61,1203,2.69,47.7,Op-Charlie,Afternoon,2026-04-22 11:29,0,None,PASS
BAT-12787,M-01,Line-1,PROD-B20,73.1,8.1,1309,2.38,50.9,Op-Frank,Morning,2026-05-15 11:29,0,None,PASS
BAT-12788,M-03,Line-2,PROD-C30,73.7,8.33,1172,1.99,51.9,Op-Charlie,Night,2026-03-16 11:29,0,None,PASS
BAT-12789,M-01,Line-1,PROD-C30,77.6,8.71,1204,2.29,48.8,Op-Alice,Afternoon,2026-08-04 11:29,0,None,PASS
BAT-12790,M-05,Line-3,PROD-B20,75.2,8.84,1220,2.13,47.7,Op-Bob,Morning,2026-04-04 11:29,0,None,PASS
BAT-12791,M-06,Line-3,PROD-B20,70.7,9.37,1226,2.59,49.1,Op-Elena,Afternoon,2026-07-10 11:29,0,None,PASS
BAT-12792,M-02,Line-1,PROD-D40,71.3,8.23,1292,2.5,45.1,Op-Frank,Morning,2026-03-18 11:29,0,None,PASS
BAT-12793,M-02,Line-1,PROD-A10,80.1,9.19,1270,2.06,48.5,Op-Frank,Night,2026-06-06 11:29,0,None,PASS
BAT-12794,M-02,Line-1,PROD-A10,75.8,8.4,1188,2.2,54.2,Op-Elena,Morning,2026-04-12 11:29,0,None,PASS
BAT-12795,M-04,Line-2,PROD-D40,85.6,8.86,1403,4.66,71.5,Op-Bob,Morning,2026-05-24 11:29,1,Surface Crack,SCRAP
BAT-12796,M-01,Line-1,PROD-D40,79.2,9.15,1182,2.16,50.2,Op-Alice,Night,2026-03-01 11:29,0,None,PASS
BAT-12797,M-08,Line-4,PROD-C30,73.9,9.18,1182,2.52,50.8,Op-David,Morning,2026-06-08 11:29,0,None,PASS
BAT-12798,M-07,Line-4,PROD-A10,76.9,5.44,1460,2.7,52.1,Op-Alice,Morning,2026-04-04 11:29,0,None,PASS
BAT-12799,M-01,Line-1,PROD-A10,76.3,9.21,1242,2.61,49.3,Op-Charlie,Afternoon,2026-03-10 11:29,0,None,PASS
BAT-12800,M-01,Line-1,PROD-B20,77.8,9.36,1171,1.61,52.8,Op-Frank,Afternoon,2026-05-06 11:29,0,None,PASS
BAT-12801,M-08,Line-4,PROD-C30,75.1,9.18,1203,1.97,47.7,Op-Frank,Afternoon,2026-07-12 11:29,0,None,PASS
BAT-12802,M-07,Line-4,PROD-A10,74.3,4.55,1469,3.93,52.8,Op-Elena,Night,2026-04-05 11:29,1,Dimensional Deviation,SCRAP
BAT-12803,M-06,Line-3,PROD-B20,73.6,7.83,1108,2.12,48.8,Op-Alice,Morning,2026-04-30 11:29,0,None,PASS
BAT-12804,M-02,Line-1,PROD-C30,76.7,9.48,1141,3.02,46.6,Op-Alice,Night,2026-04-25 11:29,0,None,PASS
BAT-12805,M-07,Line-4,PROD-D40,73.9,7.95,1272,2.54,64.3,Op-Charlie,Morning,2026-07-10 11:29,1,Porosity,REWORK
BAT-12806,M-03,Line-2,PROD-B20,74.7,8.68,1225,1.3,53.9,Op-Elena,Night,2026-06-19 11:29,0,None,PASS
BAT-12807,M-04,Line-2,PROD-D40,84.0,8.28,1415,5.0,64.0,Op-Charlie,Afternoon,2026-05-07 11:29,1,Surface Crack,REWORK
BAT-12808,M-01,Line-1,PROD-C30,76.6,9.01,1270,2.5,55.4,Op-Bob,Night,2026-06-27 11:29,0,None,PASS
BAT-12809,M-01,Line-1,PROD-C30,74.2,7.93,1227,2.25,55.4,Op-Frank,Morning,2026-05-07 11:29,0,None,PASS
BAT-12810,M-07,Line-4,PROD-D40,79.7,6.11,1385,3.37,53.3,Op-David,Night,2026-02-21 11:29,0,None,PASS
BAT-12811,M-02,Line-1,PROD-A10,73.6,8.43,1200,2.31,48.0,Op-Frank,Morning,2026-05-30 11:29,0,None,PASS
BAT-12812,M-01,Line-1,PROD-A10,77.0,8.05,1201,1.79,50.2,Op-Bob,Morning,2026-06-23 11:29,0,None,PASS
BAT-12813,M-06,Line-3,PROD-D40,75.8,8.24,1194,2.03,56.5,Op-David,Night,2026-03-04 11:29,0,None,PASS
BAT-12814,M-01,Line-1,PROD-D40,77.2,8.03,1179,1.6,47.6,Op-Bob,Night,2026-06-06 11:29,1,Dimensional Deviation,REWORK
BAT-12815,M-03,Line-2,PROD-B20,74.5,8.27,1164,1.96,47.5,Op-Charlie,Afternoon,2026-05-12 11:29,1,Porosity,REWORK
BAT-12816,M-03,Line-2,PROD-D40,78.2,8.65,1248,1.7,49.8,Op-Elena,Morning,2026-06-14 11:29,0,None,PASS
BAT-12817,M-08,Line-4,PROD-D40,76.3,8.36,1163,2.52,50.0,Op-Elena,Night,2026-03-18 11:29,0,None,PASS
BAT-12818,M-05,Line-3,PROD-C30,76.4,8.01,1229,1.42,49.3,Op-Frank,Morning,2026-03-11 11:29,0,None,PASS
BAT-12819,M-01,Line-1,PROD-D40,75.8,9.04,1202,1.88,42.5,Op-Bob,Afternoon,2026-04-27 11:29,0,None,PASS
BAT-12820,M-03,Line-2,PROD-D40,78.0,8.52,1225,2.02,50.1,Op-Alice,Morning,2026-04-10 11:29,0,None,PASS
BAT-12821,M-02,Line-1,PROD-A10,74.9,8.7,1192,2.66,45.7,Op-Alice,Night,2026-05-15 11:29,0,None,PASS
BAT-12822,M-01,Line-1,PROD-A10,72.0,8.24,1250,2.64,48.4,Op-Elena,Afternoon,2026-07-04 11:29,0,None,PASS
BAT-12823,M-02,Line-1,PROD-C30,73.2,8.49,1173,2.04,54.4,Op-Charlie,Night,2026-03-28 11:29,0,None,PASS
BAT-12824,M-08,Line-4,PROD-C30,72.8,9.12,1198,2.82,46.0,Op-Elena,Morning,2026-05-24 11:29,0,None,PASS
BAT-12825,M-07,Line-4,PROD-D40,77.6,4.1,1334,2.35,48.8,Op-Frank,Afternoon,2026-07-01 11:29,0,None,PASS
BAT-12826,M-08,Line-4,PROD-A10,75.0,9.01,1222,2.18,45.2,Op-Elena,Afternoon,2026-03-19 11:29,0,None,PASS
BAT-12827,M-06,Line-3,PROD-D40,74.0,8.45,1230,1.42,41.4,Op-Frank,Night,2026-04-14 11:29,0,None,PASS
BAT-12828,M-02,Line-1,PROD-C30,78.7,9.01,1270,2.08,51.0,Op-Alice,Night,2026-04-30 11:29,0,None,PASS
BAT-12829,M-04,Line-2,PROD-B20,87.2,7.56,1558,4.86,52.6,Op-Bob,Morning,2026-03-29 11:29,1,Surface Crack,SCRAP
BAT-12830,M-04,Line-2,PROD-C30,88.6,9.42,1419,3.61,74.5,Op-Bob,Afternoon,2026-05-24 11:29,1,Dimensional Deviation,SCRAP
BAT-12831,M-01,Line-1,PROD-D40,77.7,8.25,1196,2.61,45.5,Op-Elena,Night,2026-02-15 11:29,0,None,PASS
BAT-12832,M-08,Line-4,PROD-B20,76.2,8.72,1183,2.14,54.3,Op-David,Night,2026-03-12 11:29,0,None,PASS
BAT-12833,M-07,Line-4,PROD-A10,77.9,5.26,1418,3.04,64.9,Op-Frank,Afternoon,2026-03-26 11:29,1,Dimensional Deviation,REWORK
BAT-12834,M-04,Line-2,PROD-B20,86.6,12.95,1328,5.34,60.3,Op-Charlie,Night,2026-07-29 11:29,1,Surface Crack,REWORK
BAT-12835,M-04,Line-2,PROD-B20,81.7,11.9,1376,4.99,59.9,Op-Frank,Night,2026-02-14 11:29,0,None,PASS
BAT-12836,M-05,Line-3,PROD-A10,76.1,9.43,1181,2.06,49.8,Op-Charlie,Afternoon,2026-07-29 11:29,0,None,PASS
BAT-12837,M-03,Line-2,PROD-D40,74.9,9.01,1170,2.52,46.0,Op-Charlie,Morning,2026-06-30 11:29,0,None,PASS
BAT-12838,M-03,Line-2,PROD-D40,72.3,8.73,1235,2.64,43.8,Op-Elena,Afternoon,2026-06-29 11:29,0,None,PASS
BAT-12839,M-07,Line-4,PROD-C30,81.2,5.75,1388,4.22,53.2,Op-Alice,Night,2026-05-18 11:29,1,Surface Crack,REWORK
BAT-12840,M-02,Line-1,PROD-B20,71.0,9.21,1239,2.44,52.8,Op-Alice,Night,2026-06-13 11:29,0,None,PASS
BAT-12841,M-02,Line-1,PROD-B20,75.1,8.0,1162,1.93,48.5,Op-Bob,Night,2026-05-01 11:29,0,None,PASS
BAT-12842,M-02,Line-1,PROD-C30,73.5,8.08,1281,1.71,52.0,Op-Bob,Afternoon,2026-05-23 11:29,0,None,PASS
BAT-12843,M-04,Line-2,PROD-C30,90.2,10.08,1367,5.74,75.7,Op-Elena,Afternoon,2026-07-20 11:29,1,Surface Crack,SCRAP
BAT-12844,M-03,Line-2,PROD-D40,75.3,9.26,1219,2.55,46.5,Op-Bob,Morning,2026-02-11 11:29,0,None,PASS
BAT-12845,M-07,Line-4,PROD-D40,79.1,4.37,1423,2.9,51.1,Op-David,Morning,2026-02-24 11:29,1,Dimensional Deviation,SCRAP
BAT-12846,M-07,Line-4,PROD-B20,75.0,6.61,1393,3.75,56.1,Op-Alice,Morning,2026-07-31 11:29,1,Dimensional Deviation,SCRAP
BAT-12847,M-01,Line-1,PROD-A10,72.5,8.97,1197,2.38,41.1,Op-Alice,Afternoon,2026-06-25 11:29,1,Color Variance,REWORK
BAT-12848,M-02,Line-1,PROD-C30,78.2,8.19,1224,1.71,48.3,Op-Alice,Afternoon,2026-05-25 11:29,0,None,PASS
BAT-12849,M-04,Line-2,PROD-D40,81.4,9.61,1382,6.62,63.3,Op-Frank,Afternoon,2026-07-20 11:29,1,Surface Crack,SCRAP
BAT-12850,M-04,Line-2,PROD-C30,94.2,9.75,1609,2.77,67.8,Op-Charlie,Morning,2026-06-16 11:29,1,Dimensional Deviation,REWORK
BAT-12851,M-07,Line-4,PROD-B20,80.6,6.61,1322,4.03,53.8,Op-Alice,Night,2026-06-04 11:29,1,Surface Crack,SCRAP
BAT-12852,M-07,Line-4,PROD-B20,73.2,8.18,1376,2.53,59.8,Op-Elena,Morning,2026-05-09 11:29,1,Surface Crack,SCRAP
BAT-12853,M-08,Line-4,PROD-D40,72.9,8.96,1107,2.47,42.7,Op-David,Morning,2026-03-23 11:29,0,None,PASS
BAT-12854,M-02,Line-1,PROD-C30,70.3,8.54,1197,2.62,47.5,Op-Alice,Afternoon,2026-06-24 11:29,0,None,PASS
BAT-12855,M-05,Line-3,PROD-A10,73.8,9.28,1229,2.17,49.8,Op-Bob,Morning,2026-04-02 11:29,0,None,PASS
BAT-12856,M-02,Line-1,PROD-B20,76.4,7.43,1280,2.57,50.8,Op-Charlie,Afternoon,2026-03-25 11:29,0,None,PASS
BAT-12857,M-07,Line-4,PROD-A10,81.9,7.58,1408,3.14,59.0,Op-David,Night,2026-03-02 11:29,0,None,PASS
BAT-12858,M-04,Line-2,PROD-B20,80.9,10.58,1407,5.43,63.7,Op-Frank,Morning,2026-03-02 11:29,1,Surface Crack,REWORK
BAT-12859,M-02,Line-1,PROD-B20,72.0,8.27,1199,2.25,44.8,Op-David,Morning,2026-06-21 11:29,0,None,PASS
BAT-12860,M-06,Line-3,PROD-B20,72.5,8.18,1287,2.42,48.5,Op-David,Afternoon,2026-06-29 11:29,0,None,PASS
BAT-12861,M-06,Line-3,PROD-D40,73.5,8.94,1205,2.27,48.1,Op-Alice,Morning,2026-04-06 11:29,0,None,PASS
BAT-12862,M-05,Line-3,PROD-C30,73.8,8.82,1245,2.43,45.2,Op-Charlie,Night,2026-02-22 11:29,0,None,PASS
BAT-12863,M-03,Line-2,PROD-C30,74.9,8.15,1177,1.86,53.4,Op-Alice,Morning,2026-05-22 11:29,0,None,PASS
BAT-12864,M-01,Line-1,PROD-A10,73.0,8.35,1178,1.85,46.2,Op-David,Afternoon,2026-04-23 11:29,0,None,PASS
BAT-12865,M-04,Line-2,PROD-D40,84.3,10.16,1545,5.2,73.7,Op-Bob,Night,2026-04-15 11:29,1,Surface Crack,REWORK
BAT-12866,M-02,Line-1,PROD-B20,69.3,8.76,1214,2.47,48.8,Op-David,Night,2026-06-17 11:29,0,None,PASS
BAT-12867,M-03,Line-2,PROD-B20,71.6,8.67,1249,1.95,46.5,Op-Alice,Morning,2026-03-23 11:29,0,None,PASS
BAT-12868,M-08,Line-4,PROD-B20,70.6,8.89,1182,2.13,48.7,Op-Alice,Night,2026-03-31 11:29,0,None,PASS
BAT-12869,M-07,Line-4,PROD-B20,85.2,8.17,1309,2.75,63.9,Op-Elena,Night,2026-05-08 11:29,0,None,PASS
BAT-12870,M-08,Line-4,PROD-D40,77.9,9.33,1263,2.1,40.5,Op-Bob,Afternoon,2026-04-10 11:29,0,None,PASS
BAT-12871,M-04,Line-2,PROD-A10,75.5,9.85,1533,3.58,74.5,Op-Elena,Morning,2026-06-29 11:29,1,Dimensional Deviation,REWORK
BAT-12872,M-01,Line-1,PROD-C30,75.6,8.37,1191,2.31,55.3,Op-Bob,Night,2026-06-05 11:29,0,None,PASS
BAT-12873,M-01,Line-1,PROD-D40,76.5,9.42,1160,2.16,49.9,Op-Frank,Night,2026-06-29 11:29,0,None,PASS
BAT-12874,M-07,Line-4,PROD-D40,79.6,5.72,1355,3.58,51.0,Op-Frank,Morning,2026-06-06 11:29,1,Dimensional Deviation,REWORK
BAT-12875,M-08,Line-4,PROD-B20,78.7,8.27,1266,2.57,46.0,Op-David,Night,2026-03-19 11:29,0,None,PASS
BAT-12876,M-01,Line-1,PROD-C30,76.6,7.86,1183,1.88,46.4,Op-Alice,Afternoon,2026-06-28 11:29,0,None,PASS
BAT-12877,M-03,Line-2,PROD-B20,76.5,8.79,1193,2.3,51.4,Op-Bob,Night,2026-05-10 11:29,0,None,PASS
BAT-12878,M-03,Line-2,PROD-A10,72.3,8.79,1225,2.29,47.7,Op-David,Night,2026-07-28 11:29,0,None,PASS
BAT-12879,M-06,Line-3,PROD-D40,77.8,9.0,1230,1.31,34.7,Op-Alice,Night,2026-04-18 11:29,0,None,PASS
BAT-12880,M-03,Line-2,PROD-A10,78.2,8.29,1251,2.99,50.7,Op-Elena,Night,2026-03-26 11:29,1,Contamination,REWORK
BAT-12881,M-07,Line-4,PROD-D40,74.2,5.15,1417,3.49,59.2,Op-Elena,Morning,2026-07-02 11:29,0,None,PASS
BAT-12882,M-05,Line-3,PROD-B20,78.4,8.02,1258,2.63,44.5,Op-David,Night,2026-07-15 11:29,0,None,PASS
BAT-12883,M-01,Line-1,PROD-B20,73.1,8.7,1178,1.96,47.7,Op-Bob,Morning,2026-05-05 11:29,0,None,PASS
BAT-12884,M-04,Line-2,PROD-D40,82.9,9.07,1372,4.16,58.2,Op-Frank,Night,2026-08-06 11:29,1,Surface Crack,SCRAP
BAT-12885,M-03,Line-2,PROD-C30,74.5,8.41,1310,1.81,47.3,Op-Elena,Afternoon,2026-07-16 11:29,0,None,PASS
BAT-12886,M-02,Line-1,PROD-A10,71.8,8.96,1209,2.23,51.7,Op-Charlie,Afternoon,2026-06-05 11:29,0,None,PASS
BAT-12887,M-08,Line-4,PROD-A10,73.9,7.74,1246,2.22,38.6,Op-Frank,Night,2026-06-02 11:29,0,None,PASS
BAT-12888,M-03,Line-2,PROD-B20,71.6,9.52,1178,2.1,46.9,Op-Elena,Afternoon,2026-06-04 11:29,0,None,PASS
BAT-12889,M-04,Line-2,PROD-B20,84.9,8.54,1452,4.54,51.7,Op-Alice,Night,2026-06-05 11:29,1,Surface Crack,SCRAP
BAT-12890,M-02,Line-1,PROD-D40,74.2,9.44,1237,2.31,52.4,Op-David,Night,2026-06-26 11:29,0,None,PASS
BAT-12891,M-03,Line-2,PROD-D40,74.7,8.57,1150,2.37,46.9,Op-Elena,Afternoon,2026-03-21 11:29,0,None,PASS
BAT-12892,M-03,Line-2,PROD-C30,73.1,8.55,1194,2.46,50.1,Op-Elena,Night,2026-04-01 11:29,0,None,PASS
BAT-12893,M-01,Line-1,PROD-C30,75.6,8.34,1225,1.84,45.1,Op-Frank,Night,2026-02-10 11:29,0,None,PASS
BAT-12894,M-03,Line-2,PROD-B20,74.2,8.27,1193,1.85,49.2,Op-Charlie,Morning,2026-08-07 11:29,0,None,PASS
BAT-12895,M-01,Line-1,PROD-C30,72.1,9.11,1314,2.34,44.8,Op-David,Afternoon,2026-07-18 11:29,0,None,PASS
BAT-12896,M-08,Line-4,PROD-A10,77.0,8.49,1165,1.87,48.9,Op-Alice,Night,2026-03-13 11:29,0,None,PASS
BAT-12897,M-03,Line-2,PROD-C30,75.5,9.18,1220,1.94,47.9,Op-Charlie,Afternoon,2026-04-15 11:29,0,None,PASS
BAT-12898,M-07,Line-4,PROD-D40,76.3,5.83,1278,3.78,49.2,Op-Elena,Afternoon,2026-04-01 11:29,1,Dimensional Deviation,SCRAP
BAT-12899,M-05,Line-3,PROD-B20,78.6,9.69,1194,1.78,48.4,Op-Frank,Morning,2026-07-22 11:29,0,None,PASS
BAT-12900,M-05,Line-3,PROD-D40,73.7,8.53,1219,2.02,49.9,Op-Bob,Morning,2026-06-29 11:29,0,None,PASS
BAT-12901,M-02,Line-1,PROD-C30,75.2,7.95,1289,1.39,49.8,Op-David,Morning,2026-04-17 11:29,0,None,PASS
BAT-12902,M-06,Line-3,PROD-B20,75.2,8.36,1263,1.77,53.8,Op-Elena,Afternoon,2026-06-13 11:29,0,None,PASS
BAT-12903,M-06,Line-3,PROD-D40,73.3,8.64,1286,3.01,52.9,Op-Bob,Night,2026-03-25 11:29,0,None,PASS
BAT-12904,M-04,Line-2,PROD-B20,89.6,9.96,1480,4.58,72.6,Op-Charlie,Night,2026-07-15 11:29,1,Surface Crack,REWORK
BAT-12905,M-04,Line-2,PROD-A10,77.6,10.7,1238,5.76,55.9,Op-Elena,Night,2026-05-21 11:29,0,None,PASS
BAT-12906,M-01,Line-1,PROD-D40,70.2,8.79,1198,1.9,48.2,Op-Elena,Afternoon,2026-05-19 11:29,0,None,PASS
BAT-12907,M-06,Line-3,PROD-A10,71.8,8.67,1156,2.33,48.3,Op-Elena,Afternoon,2026-06-14 11:29,0,None,PASS
BAT-12908,M-05,Line-3,PROD-C30,76.0,8.64,1209,2.05,49.3,Op-Bob,Morning,2026-03-31 11:29,0,None,PASS
BAT-12909,M-02,Line-1,PROD-A10,76.2,8.98,1232,1.8,45.2,Op-Alice,Afternoon,2026-07-13 11:29,0,None,PASS
BAT-12910,M-01,Line-1,PROD-B20,74.9,7.29,1201,2.71,43.0,Op-Elena,Night,2026-05-06 11:29,0,None,PASS
BAT-12911,M-05,Line-3,PROD-A10,74.3,9.15,1236,1.47,52.4,Op-Alice,Afternoon,2026-04-04 11:29,0,None,PASS
BAT-12912,M-02,Line-1,PROD-C30,75.7,8.47,1216,1.55,51.3,Op-Charlie,Afternoon,2026-03-09 11:29,0,None,PASS
BAT-12913,M-06,Line-3,PROD-B20,72.8,8.24,1203,3.24,53.5,Op-Alice,Morning,2026-03-26 11:29,0,None,PASS
BAT-12914,M-04,Line-2,PROD-D40,81.2,9.87,1423,4.65,67.8,Op-David,Night,2026-06-24 11:29,1,Surface Crack,SCRAP
BAT-12915,M-08,Line-4,PROD-C30,71.9,8.4,1172,2.8,48.7,Op-Alice,Morning,2026-07-18 11:29,0,None,PASS
BAT-12916,M-03,Line-2,PROD-A10,74.3,8.67,1238,1.88,58.6,Op-Charlie,Morning,2026-02-19 11:29,0,None,PASS
BAT-12917,M-03,Line-2,PROD-D40,77.0,8.15,1263,2.09,51.7,Op-David,Night,2026-06-25 11:29,0,None,PASS
BAT-12918,M-02,Line-1,PROD-D40,72.5,8.31,1215,2.33,47.0,Op-Elena,Morning,2026-07-14 11:29,0,None,PASS
BAT-12919,M-03,Line-2,PROD-D40,75.3,9.65,1178,1.97,48.3,Op-Alice,Afternoon,2026-05-13 11:29,0,None,PASS
BAT-12920,M-06,Line-3,PROD-D40,73.0,8.99,1205,2.52,44.8,Op-Bob,Morning,2026-05-05 11:29,0,None,PASS
BAT-12921,M-07,Line-4,PROD-D40,76.5,7.19,1361,3.25,50.0,Op-Alice,Afternoon,2026-07-09 11:29,0,None,PASS
BAT-12922,M-08,Line-4,PROD-D40,77.3,8.2,1267,1.71,50.8,Op-Charlie,Afternoon,2026-03-24 11:29,0,None,PASS
BAT-12923,M-06,Line-3,PROD-C30,78.0,8.74,1291,2.38,47.6,Op-Frank,Night,2026-04-22 11:29,0,None,PASS
BAT-12924,M-06,Line-3,PROD-D40,75.4,9.51,1190,2.64,47.5,Op-Charlie,Afternoon,2026-07-17 11:29,0,None,PASS
BAT-12925,M-03,Line-2,PROD-C30,74.0,8.62,1151,1.51,42.1,Op-Elena,Morning,2026-03-03 11:29,0,None,PASS
BAT-12926,M-07,Line-4,PROD-C30,77.8,7.51,1538,3.54,51.6,Op-Alice,Morning,2026-02-11 11:29,0,None,PASS
BAT-12927,M-01,Line-1,PROD-B20,70.5,8.68,1205,2.55,46.9,Op-Charlie,Afternoon,2026-07-23 11:29,0,None,PASS
BAT-12928,M-04,Line-2,PROD-A10,88.4,10.14,1318,4.35,77.9,Op-Bob,Morning,2026-07-24 11:29,1,Surface Crack,SCRAP
BAT-12929,M-02,Line-1,PROD-C30,76.3,8.83,1213,2.04,47.9,Op-Charlie,Morning,2026-04-04 11:29,1,Color Variance,REWORK
BAT-12930,M-04,Line-2,PROD-D40,81.0,8.34,1379,5.48,64.3,Op-Elena,Night,2026-03-28 11:29,1,Surface Crack,REWORK
BAT-12931,M-05,Line-3,PROD-D40,72.1,8.98,1200,1.81,53.1,Op-David,Night,2026-07-18 11:29,0,None,PASS
BAT-12932,M-08,Line-4,PROD-B20,73.5,8.15,1225,1.85,48.2,Op-David,Night,2026-04-07 11:29,0,None,PASS
BAT-12933,M-08,Line-4,PROD-C30,70.3,8.74,1309,1.86,46.5,Op-Frank,Afternoon,2026-03-20 11:29,0,None,PASS
BAT-12934,M-03,Line-2,PROD-C30,75.3,8.16,1227,3.04,39.7,Op-Elena,Night,2026-03-24 11:29,0,None,PASS
BAT-12935,M-05,Line-3,PROD-B20,76.4,8.3,1158,3.29,40.7,Op-Alice,Night,2026-04-06 11:29,0,None,PASS
BAT-12936,M-03,Line-2,PROD-A10,75.6,8.6,1274,2.25,51.3,Op-Frank,Morning,2026-03-30 11:29,0,None,PASS
BAT-12937,M-03,Line-2,PROD-B20,74.7,9.02,1206,1.77,47.2,Op-Elena,Morning,2026-07-25 11:29,1,Color Variance,SCRAP
BAT-12938,M-01,Line-1,PROD-D40,75.2,8.83,1179,1.53,53.2,Op-Frank,Morning,2026-03-05 11:29,0,None,PASS
BAT-12939,M-07,Line-4,PROD-C30,74.1,9.18,1294,4.13,49.1,Op-David,Morning,2026-04-03 11:29,0,None,PASS
BAT-12940,M-08,Line-4,PROD-C30,76.7,8.63,1215,2.42,47.9,Op-Alice,Night,2026-03-24 11:29,0,None,PASS
BAT-12941,M-07,Line-4,PROD-A10,74.0,6.14,1320,3.1,52.6,Op-Frank,Afternoon,2026-03-27 11:29,0,None,PASS
BAT-12942,M-06,Line-3,PROD-D40,75.5,8.44,1202,2.23,42.7,Op-David,Afternoon,2026-04-17 11:29,0,None,PASS
BAT-12943,M-06,Line-3,PROD-C30,74.1,8.3,1150,2.61,48.6,Op-David,Morning,2026-05-18 11:29,0,None,PASS
BAT-12944,M-01,Line-1,PROD-C30,75.0,8.76,1212,2.85,52.6,Op-Bob,Night,2026-03-05 11:29,0,None,PASS
BAT-12945,M-08,Line-4,PROD-D40,74.8,7.23,1227,3.07,47.2,Op-Frank,Night,2026-04-12 11:29,0,None,PASS
BAT-12946,M-07,Line-4,PROD-A10,74.1,5.24,1298,1.92,54.8,Op-Elena,Morning,2026-06-02 11:29,0,None,PASS
BAT-12947,M-08,Line-4,PROD-B20,72.7,8.82,1211,1.62,47.7,Op-Alice,Afternoon,2026-08-04 11:29,0,None,PASS
BAT-12948,M-08,Line-4,PROD-B20,77.4,8.75,1228,3.07,46.6,Op-Elena,Night,2026-07-09 11:29,0,None,PASS
BAT-12949,M-01,Line-1,PROD-C30,74.0,10.07,1180,2.16,45.3,Op-Bob,Morning,2026-03-21 11:29,0,None,PASS
BAT-12950,M-04,Line-2,PROD-D40,85.3,9.06,1368,5.56,62.8,Op-Bob,Morning,2026-05-30 11:29,1,Surface Crack,SCRAP
BAT-12951,M-02,Line-1,PROD-C30,70.6,8.25,1202,2.75,43.3,Op-Bob,Night,2026-06-30 11:29,0,None,PASS
BAT-12952,M-03,Line-2,PROD-C30,75.7,8.98,1191,1.4,53.3,Op-Frank,Afternoon,2026-08-08 11:29,0,None,PASS
BAT-12953,M-04,Line-2,PROD-C30,84.3,8.79,1354,2.82,65.9,Op-Elena,Afternoon,2026-04-19 11:29,0,None,PASS
BAT-12954,M-08,Line-4,PROD-D40,78.1,8.75,1175,2.11,48.0,Op-Frank,Night,2026-06-16 11:29,0,None,PASS
BAT-12955,M-07,Line-4,PROD-C30,77.4,5.1,1283,2.94,58.9,Op-Bob,Morning,2026-07-06 11:29,1,Dimensional Deviation,SCRAP
BAT-12956,M-08,Line-4,PROD-A10,76.4,8.46,1161,1.67,45.7,Op-Bob,Afternoon,2026-07-14 11:29,0,None,PASS
BAT-12957,M-08,Line-4,PROD-A10,78.9,8.03,1243,1.7,44.0,Op-Bob,Night,2026-03-26 11:29,0,None,PASS
BAT-12958,M-03,Line-2,PROD-A10,75.6,8.35,1168,2.63,51.1,Op-Charlie,Morning,2026-07-30 11:29,0,None,PASS
BAT-12959,M-08,Line-4,PROD-D40,79.0,8.66,1155,1.87,47.0,Op-Frank,Morning,2026-04-05 11:29,0,None,PASS
BAT-12960,M-06,Line-3,PROD-B20,73.7,8.91,1186,1.85,51.9,Op-Elena,Night,2026-06-22 11:29,0,None,PASS
BAT-12961,M-03,Line-2,PROD-A10,70.1,9.0,1135,1.73,52.9,Op-Frank,Morning,2026-03-16 11:29,0,None,PASS
BAT-12962,M-07,Line-4,PROD-A10,76.5,5.05,1310,2.57,48.3,Op-Elena,Morning,2026-03-26 11:29,1,Dimensional Deviation,REWORK
BAT-12963,M-08,Line-4,PROD-D40,76.0,7.95,1164,2.97,52.0,Op-Elena,Night,2026-06-19 11:29,0,None,PASS
BAT-12964,M-08,Line-4,PROD-C30,75.3,8.9,1262,2.34,51.0,Op-Frank,Morning,2026-08-06 11:29,0,None,PASS
BAT-12965,M-06,Line-3,PROD-C30,73.7,8.29,1207,1.81,50.8,Op-Bob,Morning,2026-07-23 11:29,0,None,PASS
BAT-12966,M-01,Line-1,PROD-A10,76.4,8.87,1249,1.44,47.3,Op-Bob,Morning,2026-04-22 11:29,0,None,PASS
BAT-12967,M-04,Line-2,PROD-D40,85.6,8.62,1326,5.16,74.6,Op-Frank,Morning,2026-07-06 11:29,1,Surface Crack,REWORK
BAT-12968,M-02,Line-1,PROD-D40,76.3,7.74,1205,1.86,43.5,Op-Alice,Afternoon,2026-03-23 11:29,0,None,PASS
BAT-12969,M-02,Line-1,PROD-A10,73.9,8.06,1231,2.03,45.3,Op-Bob,Night,2026-07-07 11:29,0,None,PASS
BAT-12970,M-06,Line-3,PROD-A10,72.1,7.91,1227,2.49,49.8,Op-Alice,Afternoon,2026-04-01 11:29,0,None,PASS
BAT-12971,M-04,Line-2,PROD-A10,92.0,11.06,1340,5.36,74.9,Op-Elena,Morning,2026-02-11 11:29,1,Surface Crack,SCRAP
BAT-12972,M-02,Line-1,PROD-B20,73.2,9.37,1195,2.85,51.2,Op-Frank,Night,2026-06-17 11:29,0,None,PASS
BAT-12973,M-02,Line-1,PROD-B20,77.2,7.98,1258,1.99,46.0,Op-David,Morning,2026-07-22 11:29,0,None,PASS
BAT-12974,M-03,Line-2,PROD-A10,76.3,9.52,1202,1.59,46.4,Op-Bob,Morning,2026-03-12 11:29,0,None,PASS
BAT-12975,M-08,Line-4,PROD-D40,81.7,9.38,1231,3.06,46.6,Op-David,Night,2026-03-17 11:29,1,Contamination,SCRAP
BAT-12976,M-02,Line-1,PROD-A10,70.2,8.75,1255,1.78,51.7,Op-Alice,Afternoon,2026-05-24 11:29,0,None,PASS
BAT-12977,M-03,Line-2,PROD-A10,75.3,7.52,1222,2.59,44.6,Op-Alice,Night,2026-02-18 11:29,0,None,PASS
BAT-12978,M-06,Line-3,PROD-D40,73.9,8.59,1240,1.78,40.9,Op-Bob,Morning,2026-07-19 11:29,0,None,PASS
BAT-12979,M-04,Line-2,PROD-A10,81.5,9.47,1410,4.03,78.2,Op-Charlie,Night,2026-03-31 11:29,1,Surface Crack,REWORK
BAT-12980,M-01,Line-1,PROD-B20,75.3,9.34,1213,2.46,40.2,Op-David,Night,2026-07-30 11:29,0,None,PASS
BAT-12981,M-02,Line-1,PROD-B20,79.1,7.92,1238,1.87,42.4,Op-Charlie,Morning,2026-03-07 11:29,0,None,PASS
BAT-12982,M-01,Line-1,PROD-D40,72.3,8.57,1214,2.14,47.0,Op-Frank,Night,2026-03-17 11:29,0,None,PASS
BAT-12983,M-01,Line-1,PROD-C30,70.8,9.01,1184,2.48,52.4,Op-Bob,Morning,2026-07-12 11:29,0,None,PASS
BAT-12984,M-03,Line-2,PROD-A10,77.2,8.19,1160,2.23,50.2,Op-Elena,Morning,2026-08-08 11:29,0,None,PASS
BAT-12985,M-06,Line-3,PROD-D40,72.5,7.95,1162,2.54,46.3,Op-Alice,Night,2026-07-27 11:29,1,Dimensional Deviation,SCRAP
BAT-12986,M-06,Line-3,PROD-B20,75.4,9.01,1150,1.86,45.6,Op-Frank,Night,2026-06-17 11:29,0,None,PASS
BAT-12987,M-02,Line-1,PROD-B20,74.9,8.13,1307,2.08,45.8,Op-David,Morning,2026-03-18 11:29,0,None,PASS
BAT-12988,M-07,Line-4,PROD-C30,81.4,6.49,1304,3.04,52.3,Op-Elena,Afternoon,2026-06-28 11:29,1,Dimensional Deviation,REWORK
BAT-12989,M-03,Line-2,PROD-B20,72.5,7.9,1138,1.79,49.2,Op-Alice,Afternoon,2026-03-01 11:29,0,None,PASS
BAT-12990,M-03,Line-2,PROD-A10,75.5,8.62,1200,2.48,46.9,Op-Bob,Afternoon,2026-02-23 11:29,0,None,PASS
BAT-12991,M-06,Line-3,PROD-B20,71.2,8.67,1191,2.0,50.4,Op-David,Morning,2026-07-02 11:29,0,None,PASS
BAT-12992,M-01,Line-1,PROD-B20,69.8,8.89,1154,2.35,46.2,Op-Elena,Night,2026-02-25 11:29,0,None,PASS
BAT-12993,M-02,Line-1,PROD-D40,72.7,8.25,1210,2.21,45.1,Op-David,Night,2026-02-15 11:29,0,None,PASS
BAT-12994,M-03,Line-2,PROD-B20,76.9,9.23,1191,2.45,48.9,Op-Charlie,Night,2026-07-26 11:29,0,None,PASS
BAT-12995,M-02,Line-1,PROD-C30,75.7,8.24,1208,2.1,45.3,Op-Charlie,Afternoon,2026-03-22 11:29,0,None,PASS
BAT-12996,M-01,Line-1,PROD-B20,77.0,8.18,1222,2.32,47.0,Op-Frank,Night,2026-04-24 11:29,1,Surface Crack,REWORK
BAT-12997,M-06,Line-3,PROD-D40,74.4,9.16,1166,2.38,47.3,Op-David,Night,2026-07-23 11:29,0,None,PASS
BAT-12998,M-07,Line-4,PROD-C30,78.3,8.44,1339,2.22,56.3,Op-Elena,Morning,2026-05-15 11:29,0,None,PASS
BAT-12999,M-06,Line-3,PROD-C30,77.6,8.66,1186,2.71,53.5,Op-Charlie,Afternoon,2026-03-26 11:29,0,None,PASS
BAT-13000,M-05,Line-3,PROD-D40,77.3,8.96,1199,1.82,41.5,Op-Alice,Morning,2026-04-15 11:29,0,None,PASS
BAT-13001,M-01,Line-1,PROD-A10,73.9,8.74,1145,1.89,48.5,Op-Alice,Night,2026-02-25 11:29,0,None,PASS
BAT-13002,M-02,Line-1,PROD-A10,71.2,8.76,1164,2.32,55.8,Op-Bob,Morning,2026-05-26 11:29,0,None,PASS
BAT-13003,M-02,Line-1,PROD-D40,74.1,8.74,1205,2.21,49.1,Op-David,Afternoon,2026-03-05 11:29,0,None,PASS
BAT-13004,M-07,Line-4,PROD-A10,79.8,3.89,1454,2.88,57.4,Op-Elena,Morning,2026-06-22 11:29,1,Dimensional Deviation,SCRAP
BAT-13005,M-06,Line-3,PROD-D40,74.5,7.85,1198,2.42,46.7,Op-Alice,Morning,2026-07-11 11:29,1,Surface Crack,SCRAP
BAT-13006,M-01,Line-1,PROD-D40,74.5,8.15,1180,1.65,46.0,Op-Alice,Morning,2026-06-20 11:29,1,Porosity,REWORK
BAT-13007,M-01,Line-1,PROD-D40,76.9,8.16,1217,1.8,47.2,Op-Frank,Morning,2026-05-06 11:29,1,Surface Crack,SCRAP
BAT-13008,M-05,Line-3,PROD-C30,74.1,8.41,1232,2.3,57.6,Op-Elena,Afternoon,2026-06-15 11:29,0,None,PASS
BAT-13009,M-07,Line-4,PROD-B20,71.4,7.03,1363,3.11,60.3,Op-Alice,Night,2026-04-01 11:29,1,Contamination,REWORK
BAT-13010,M-06,Line-3,PROD-C30,72.0,9.62,1200,2.21,45.2,Op-David,Afternoon,2026-05-30 11:29,0,None,PASS
BAT-13011,M-08,Line-4,PROD-A10,73.4,8.82,1254,2.14,54.9,Op-Bob,Morning,2026-07-03 11:29,1,Dimensional Deviation,SCRAP
BAT-13012,M-04,Line-2,PROD-D40,93.0,9.03,1359,5.44,68.3,Op-Bob,Afternoon,2026-04-16 11:29,1,Surface Crack,SCRAP
BAT-13013,M-07,Line-4,PROD-B20,79.3,9.5,1306,2.88,55.7,Op-Alice,Afternoon,2026-07-09 11:29,0,None,PASS
BAT-13014,M-04,Line-2,PROD-B20,94.3,11.62,1454,3.76,72.4,Op-Frank,Afternoon,2026-02-14 11:29,1,Dimensional Deviation,SCRAP
BAT-13015,M-07,Line-4,PROD-D40,81.3,4.59,1377,3.33,58.9,Op-David,Morning,2026-04-30 11:29,0,None,PASS
BAT-13016,M-01,Line-1,PROD-A10,75.2,8.12,1158,1.93,52.0,Op-Alice,Morning,2026-06-04 11:29,0,None,PASS
BAT-13017,M-08,Line-4,PROD-A10,70.8,8.38,1188,1.93,49.8,Op-Charlie,Morning,2026-02-15 11:29,0,None,PASS
BAT-13018,M-05,Line-3,PROD-B20,76.2,8.54,1181,2.3,56.3,Op-Elena,Night,2026-02-27 11:29,0,None,PASS
BAT-13019,M-05,Line-3,PROD-A10,68.1,9.4,1217,2.33,53.4,Op-Charlie,Morning,2026-07-30 11:29,0,None,PASS
BAT-13020,M-02,Line-1,PROD-C30,73.7,8.82,1273,1.75,53.0,Op-Bob,Morning,2026-04-16 11:29,0,None,PASS
BAT-13021,M-01,Line-1,PROD-C30,77.4,9.58,1154,1.74,47.6,Op-Frank,Night,2026-06-17 11:29,0,None,PASS
BAT-13022,M-07,Line-4,PROD-D40,80.1,4.98,1347,3.82,51.8,Op-Frank,Morning,2026-07-25 11:29,1,Surface Crack,REWORK
BAT-13023,M-08,Line-4,PROD-A10,73.0,7.98,1203,2.73,45.1,Op-David,Afternoon,2026-07-14 11:29,0,None,PASS
BAT-13024,M-05,Line-3,PROD-A10,78.5,9.3,1203,1.56,45.4,Op-David,Afternoon,2026-03-07 11:29,0,None,PASS
BAT-13025,M-08,Line-4,PROD-C30,69.2,8.11,1129,2.37,46.1,Op-Alice,Afternoon,2026-06-12 11:29,0,None,PASS
BAT-13026,M-04,Line-2,PROD-B20,74.7,9.86,1454,5.27,79.9,Op-Bob,Afternoon,2026-06-01 11:29,1,Dimensional Deviation,SCRAP
BAT-13027,M-05,Line-3,PROD-A10,75.5,8.64,1222,2.53,42.1,Op-Elena,Afternoon,2026-02-13 11:29,0,None,PASS
BAT-13028,M-05,Line-3,PROD-B20,79.6,8.71,1288,2.41,44.4,Op-David,Night,2026-03-17 11:29,1,Porosity,REWORK
BAT-13029,M-08,Line-4,PROD-B20,71.0,8.19,1224,1.48,49.1,Op-Alice,Morning,2026-05-26 11:29,0,None,PASS
BAT-13030,M-03,Line-2,PROD-A10,72.9,8.48,1270,2.2,46.3,Op-Frank,Night,2026-07-20 11:29,0,None,PASS
BAT-13031,M-02,Line-1,PROD-B20,77.6,8.1,1182,1.92,50.6,Op-Charlie,Night,2026-08-08 11:29,0,None,PASS
BAT-13032,M-08,Line-4,PROD-B20,79.1,8.17,1264,2.58,50.2,Op-Alice,Morning,2026-06-03 11:29,0,None,PASS
BAT-13033,M-05,Line-3,PROD-A10,78.6,8.34,1299,2.12,51.1,Op-Alice,Night,2026-05-23 11:29,0,None,PASS
BAT-13034,M-05,Line-3,PROD-B20,73.1,8.4,1234,2.82,42.0,Op-Bob,Morning,2026-06-05 11:29,0,None,PASS
BAT-13035,M-06,Line-3,PROD-B20,75.8,8.36,1234,2.29,46.5,Op-Elena,Afternoon,2026-06-19 11:29,0,None,PASS
BAT-13036,M-01,Line-1,PROD-B20,76.9,8.74,1188,2.15,47.5,Op-Alice,Morning,2026-04-17 11:29,0,None,PASS
BAT-13037,M-07,Line-4,PROD-D40,79.2,4.16,1381,3.32,57.7,Op-Charlie,Afternoon,2026-07-30 11:29,1,Dimensional Deviation,SCRAP
BAT-13038,M-04,Line-2,PROD-D40,91.8,10.0,1475,4.36,76.5,Op-Elena,Morning,2026-04-27 11:29,1,Surface Crack,REWORK
BAT-13039,M-02,Line-1,PROD-B20,76.2,8.24,1223,2.32,47.3,Op-Elena,Afternoon,2026-08-01 11:29,0,None,PASS
BAT-13040,M-05,Line-3,PROD-B20,76.0,8.53,1232,2.05,50.1,Op-Elena,Night,2026-05-29 11:29,0,None,PASS
BAT-13041,M-03,Line-2,PROD-D40,72.7,8.2,1256,1.5,48.6,Op-Frank,Afternoon,2026-07-08 11:29,0,None,PASS
BAT-13042,M-08,Line-4,PROD-A10,74.2,7.71,1239,2.65,48.4,Op-Charlie,Morning,2026-07-10 11:29,0,None,PASS
BAT-13043,M-02,Line-1,PROD-C30,76.8,7.89,1236,2.76,49.2,Op-Alice,Night,2026-05-29 11:29,0,None,PASS
BAT-13044,M-07,Line-4,PROD-A10,75.2,5.94,1215,3.15,56.3,Op-David,Night,2026-07-24 11:29,1,Dimensional Deviation,REWORK
BAT-13045,M-04,Line-2,PROD-C30,81.4,10.3,1373,4.67,60.0,Op-Frank,Afternoon,2026-05-11 11:29,1,Surface Crack,SCRAP
BAT-13046,M-07,Line-4,PROD-B20,82.9,5.3,1272,3.28,52.9,Op-Charlie,Night,2026-02-21 11:29,0,None,PASS
BAT-13047,M-07,Line-4,PROD-C30,83.7,7.41,1457,2.26,57.0,Op-Elena,Afternoon,2026-05-19 11:29,0,None,PASS
BAT-13048,M-05,Line-3,PROD-D40,75.8,9.44,1220,1.26,45.3,Op-Alice,Afternoon,2026-06-05 11:29,0,None,PASS
BAT-13049,M-03,Line-2,PROD-A10,73.2,8.44,1225,2.46,47.5,Op-David,Morning,2026-03-21 11:29,0,None,PASS
BAT-13050,M-02,Line-1,PROD-D40,74.1,9.28,1244,2.46,47.3,Op-Bob,Morning,2026-05-12 11:29,0,None,PASS
BAT-13051,M-04,Line-2,PROD-D40,79.8,10.26,1387,4.14,72.0,Op-Charlie,Night,2026-06-29 11:29,1,Dimensional Deviation,REWORK
BAT-13052,M-04,Line-2,PROD-C30,79.1,10.5,1448,4.06,73.1,Op-Elena,Afternoon,2026-06-26 11:29,1,Dimensional Deviation,REWORK
BAT-13053,M-01,Line-1,PROD-D40,76.6,9.31,1153,2.2,43.8,Op-Bob,Afternoon,2026-05-22 11:29,0,None,PASS
BAT-13054,M-08,Line-4,PROD-A10,73.8,7.85,1259,1.79,45.9,Op-David,Morning,2026-07-19 11:29,0,None,PASS
BAT-13055,M-02,Line-1,PROD-C30,74.9,9.18,1204,2.16,56.2,Op-Alice,Morning,2026-03-10 11:29,0,None,PASS
BAT-13056,M-04,Line-2,PROD-C30,83.4,8.22,1321,4.64,71.0,Op-Frank,Night,2026-07-23 11:29,1,Surface Crack,SCRAP
BAT-13057,M-04,Line-2,PROD-D40,80.9,10.74,1360,5.12,79.8,Op-Alice,Morning,2026-04-05 11:29,1,Surface Crack,REWORK
BAT-13058,M-01,Line-1,PROD-C30,75.7,9.21,1207,1.7,40.5,Op-Bob,Morning,2026-02-21 11:29,0,None,PASS
BAT-13059,M-06,Line-3,PROD-A10,70.7,8.56,1266,1.97,52.0,Op-David,Afternoon,2026-08-08 11:29,1,Dimensional Deviation,REWORK
BAT-13060,M-05,Line-3,PROD-C30,75.9,8.81,1184,2.19,43.4,Op-David,Morning,2026-04-18 11:29,0,None,PASS
BAT-13061,M-02,Line-1,PROD-D40,75.4,8.0,1116,2.25,51.3,Op-Charlie,Night,2026-02-18 11:29,0,None,PASS
BAT-13062,M-05,Line-3,PROD-C30,75.2,8.3,1203,2.57,45.6,Op-Alice,Night,2026-05-27 11:29,0,None,PASS
BAT-13063,M-02,Line-1,PROD-D40,73.8,9.21,1219,2.04,55.0,Op-Frank,Afternoon,2026-02-26 11:29,0,None,PASS
BAT-13064,M-03,Line-2,PROD-C30,74.0,8.88,1210,1.88,55.0,Op-Elena,Night,2026-07-06 11:29,0,None,PASS
BAT-13065,M-01,Line-1,PROD-A10,81.0,9.12,1212,1.97,47.6,Op-David,Afternoon,2026-07-01 11:29,0,None,PASS
BAT-13066,M-05,Line-3,PROD-A10,80.8,9.66,1216,2.48,49.7,Op-David,Afternoon,2026-05-26 11:29,0,None,PASS
BAT-13067,M-02,Line-1,PROD-B20,77.3,9.15,1291,3.12,44.7,Op-Charlie,Night,2026-03-29 11:29,0,None,PASS
BAT-13068,M-07,Line-4,PROD-C30,77.9,5.23,1348,1.9,54.3,Op-Elena,Afternoon,2026-07-17 11:29,0,None,PASS
BAT-13069,M-04,Line-2,PROD-D40,84.9,9.78,1246,4.29,67.0,Op-Frank,Night,2026-06-30 11:29,1,Surface Crack,SCRAP
BAT-13070,M-07,Line-4,PROD-C30,76.2,5.14,1220,2.26,60.9,Op-Frank,Morning,2026-05-04 11:29,1,Dimensional Deviation,REWORK
BAT-13071,M-06,Line-3,PROD-A10,74.7,8.17,1222,1.88,45.1,Op-Alice,Morning,2026-07-17 11:29,0,None,PASS
BAT-13072,M-03,Line-2,PROD-A10,76.8,9.61,1170,1.88,47.3,Op-Frank,Afternoon,2026-05-13 11:29,0,None,PASS
BAT-13073,M-07,Line-4,PROD-A10,78.2,7.05,1357,3.43,45.0,Op-Charlie,Morning,2026-02-28 11:29,0,None,PASS
BAT-13074,M-07,Line-4,PROD-A10,75.8,8.21,1389,2.26,40.7,Op-Bob,Night,2026-06-27 11:29,0,None,PASS
BAT-13075,M-07,Line-4,PROD-B20,77.4,7.24,1414,4.58,52.7,Op-David,Afternoon,2026-04-14 11:29,1,Dimensional Deviation,SCRAP
BAT-13076,M-03,Line-2,PROD-A10,74.0,7.65,1228,2.72,50.1,Op-Elena,Night,2026-04-17 11:29,0,None,PASS
BAT-13077,M-01,Line-1,PROD-D40,73.2,8.18,1229,1.87,52.7,Op-David,Morning,2026-02-22 11:29,1,Contamination,REWORK
BAT-13078,M-03,Line-2,PROD-C30,76.7,8.37,1244,2.86,52.8,Op-Elena,Night,2026-04-15 11:29,0,None,PASS
BAT-13079,M-05,Line-3,PROD-D40,76.2,8.09,1203,2.8,41.4,Op-David,Night,2026-04-21 11:29,0,None,PASS
BAT-13080,M-07,Line-4,PROD-D40,78.7,8.11,1348,3.49,53.7,Op-David,Afternoon,2026-02-22 11:29,0,None,PASS
BAT-13081,M-07,Line-4,PROD-C30,76.0,7.4,1383,1.46,52.0,Op-Bob,Morning,2026-04-30 11:29,1,Dimensional Deviation,SCRAP
BAT-13082,M-08,Line-4,PROD-D40,75.3,8.09,1231,2.41,48.1,Op-Charlie,Night,2026-02-17 11:29,0,None,PASS
BAT-13083,M-05,Line-3,PROD-C30,72.7,9.05,1280,2.24,49.3,Op-Bob,Morning,2026-06-19 11:29,0,None,PASS
BAT-13084,M-01,Line-1,PROD-D40,71.7,7.84,1234,2.14,44.8,Op-Bob,Morning,2026-05-15 11:29,0,None,PASS
BAT-13085,M-07,Line-4,PROD-D40,78.6,5.22,1260,3.19,51.8,Op-Bob,Night,2026-03-29 11:29,0,None,PASS
BAT-13086,M-06,Line-3,PROD-C30,71.3,9.28,1210,1.45,47.1,Op-Alice,Morning,2026-05-22 11:29,0,None,PASS
BAT-13087,M-06,Line-3,PROD-B20,73.6,8.46,1286,2.13,49.7,Op-Alice,Morning,2026-08-06 11:29,0,None,PASS
BAT-13088,M-07,Line-4,PROD-B20,83.9,7.58,1301,4.58,50.8,Op-Bob,Morning,2026-03-26 11:29,1,Surface Crack,REWORK
BAT-13089,M-08,Line-4,PROD-D40,74.7,8.07,1191,3.02,44.8,Op-David,Night,2026-07-28 11:29,0,None,PASS
BAT-13090,M-07,Line-4,PROD-B20,83.2,5.92,1351,3.09,60.6,Op-Charlie,Night,2026-02-27 11:29,1,Dimensional Deviation,REWORK
BAT-13091,M-03,Line-2,PROD-C30,75.4,7.77,1223,2.61,51.1,Op-Frank,Morning,2026-03-05 11:29,0,None,PASS
BAT-13092,M-05,Line-3,PROD-D40,69.6,9.23,1250,1.98,46.9,Op-Alice,Morning,2026-06-27 11:29,1,Porosity,REWORK
BAT-13093,M-07,Line-4,PROD-D40,80.3,3.0,1300,2.12,51.2,Op-Frank,Afternoon,2026-07-03 11:29,1,Dimensional Deviation,SCRAP
BAT-13094,M-03,Line-2,PROD-C30,76.6,7.96,1178,1.99,40.7,Op-David,Morning,2026-04-20 11:29,0,None,PASS
BAT-13095,M-07,Line-4,PROD-C30,79.9,6.25,1317,3.51,56.7,Op-Bob,Night,2026-05-29 11:29,1,Dimensional Deviation,SCRAP
BAT-13096,M-03,Line-2,PROD-A10,77.0,9.34,1195,2.46,50.2,Op-Bob,Night,2026-04-15 11:29,0,None,PASS
BAT-13097,M-08,Line-4,PROD-C30,76.5,8.01,1175,3.21,57.1,Op-Bob,Afternoon,2026-05-09 11:29,0,None,PASS
BAT-13098,M-07,Line-4,PROD-A10,88.8,7.13,1286,3.24,58.9,Op-David,Night,2026-05-10 11:29,0,None,PASS
BAT-13099,M-03,Line-2,PROD-C30,76.3,8.47,1185,2.83,47.4,Op-Charlie,Night,2026-03-26 11:29,0,None,PASS
BAT-13100,M-02,Line-1,PROD-B20,73.2,8.47,1262,1.88,45.2,Op-Elena,Afternoon,2026-04-15 11:29,0,None,PASS
BAT-13101,M-05,Line-3,PROD-A10,76.4,9.05,1268,2.27,49.1,Op-Alice,Night,2026-05-30 11:29,0,None,PASS
BAT-13102,M-06,Line-3,PROD-C30,71.5,8.68,1192,1.67,48.9,Op-Frank,Afternoon,2026-05-07 11:29,0,None,PASS
BAT-13103,M-04,Line-2,PROD-A10,85.8,8.2,1413,5.08,61.8,Op-Alice,Morning,2026-03-31 11:29,1,Surface Crack,SCRAP
BAT-13104,M-08,Line-4,PROD-C30,76.4,8.37,1318,2.58,47.5,Op-Elena,Night,2026-06-15 11:29,0,None,PASS
BAT-13105,M-02,Line-1,PROD-D40,74.8,8.62,1191,2.09,48.1,Op-David,Afternoon,2026-04-03 11:29,0,None,PASS
BAT-13106,M-05,Line-3,PROD-B20,74.8,7.82,1173,1.32,51.6,Op-David,Morning,2026-02-17 11:29,0,None,PASS
BAT-13107,M-07,Line-4,PROD-B20,76.0,7.1,1379,3.75,57.4,Op-Alice,Afternoon,2026-05-11 11:29,0,None,PASS
BAT-13108,M-01,Line-1,PROD-A10,73.8,7.64,1279,2.11,43.6,Op-Elena,Afternoon,2026-04-14 11:29,0,None,PASS
BAT-13109,M-05,Line-3,PROD-C30,77.6,8.71,1176,2.92,52.0,Op-Frank,Night,2026-03-31 11:29,0,None,PASS
BAT-13110,M-04,Line-2,PROD-C30,82.5,8.41,1324,4.78,62.1,Op-Frank,Night,2026-06-18 11:29,1,Surface Crack,REWORK
BAT-13111,M-04,Line-2,PROD-C30,80.6,5.94,1516,4.91,56.2,Op-Bob,Afternoon,2026-02-13 11:29,1,Surface Crack,SCRAP
BAT-13112,M-02,Line-1,PROD-A10,68.7,8.62,1234,2.34,51.1,Op-Frank,Afternoon,2026-06-02 11:29,0,None,PASS
BAT-13113,M-05,Line-3,PROD-A10,74.5,8.53,1194,1.51,49.4,Op-David,Afternoon,2026-03-26 11:29,0,None,PASS
BAT-13114,M-05,Line-3,PROD-C30,74.4,8.29,1210,2.18,50.1,Op-Charlie,Afternoon,2026-05-30 11:29,0,None,PASS
BAT-13115,M-04,Line-2,PROD-C30,80.3,9.46,1409,4.01,68.2,Op-Frank,Morning,2026-06-11 11:29,1,Surface Crack,REWORK
BAT-13116,M-02,Line-1,PROD-A10,77.3,8.7,1257,2.81,48.3,Op-Frank,Night,2026-07-26 11:29,0,None,PASS
BAT-13117,M-06,Line-3,PROD-B20,80.1,8.28,1134,1.95,51.4,Op-Frank,Night,2026-03-13 11:29,0,None,PASS
BAT-13118,M-08,Line-4,PROD-C30,78.1,9.32,1145,2.29,49.2,Op-Elena,Night,2026-05-19 11:29,0,None,PASS
BAT-13119,M-07,Line-4,PROD-B20,81.3,5.68,1351,3.48,54.3,Op-Frank,Night,2026-02-25 11:29,1,Dimensional Deviation,SCRAP
BAT-13120,M-08,Line-4,PROD-B20,72.2,9.82,1215,1.86,40.1,Op-David,Morning,2026-04-21 11:29,0,None,PASS
BAT-13121,M-03,Line-2,PROD-C30,72.2,8.16,1251,2.05,41.2,Op-David,Morning,2026-02-19 11:29,0,None,PASS
BAT-13122,M-07,Line-4,PROD-C30,72.4,6.34,1392,3.53,52.3,Op-Bob,Afternoon,2026-03-15 11:29,0,None,PASS
BAT-13123,M-04,Line-2,PROD-D40,78.8,10.81,1493,6.58,78.9,Op-Bob,Night,2026-04-11 11:29,1,Dimensional Deviation,SCRAP
BAT-13124,M-03,Line-2,PROD-A10,81.4,9.31,1196,2.42,51.2,Op-Frank,Night,2026-06-30 11:29,0,None,PASS
BAT-13125,M-07,Line-4,PROD-B20,78.0,7.63,1375,3.85,53.0,Op-Elena,Morning,2026-03-26 11:29,0,None,PASS
BAT-13126,M-01,Line-1,PROD-B20,76.0,8.68,1113,2.14,46.6,Op-Bob,Morning,2026-03-13 11:29,1,Surface Crack,REWORK
BAT-13127,M-04,Line-2,PROD-B20,84.4,10.69,1373,2.2,75.2,Op-Alice,Morning,2026-02-26 11:29,0,None,PASS
BAT-13128,M-07,Line-4,PROD-D40,72.4,5.26,1346,3.24,50.3,Op-David,Afternoon,2026-03-11 11:29,1,Dimensional Deviation,REWORK
BAT-13129,M-08,Line-4,PROD-D40,75.7,8.91,1207,2.86,51.5,Op-Alice,Morning,2026-06-30 11:29,0,None,PASS
BAT-13130,M-05,Line-3,PROD-B20,77.5,9.42,1184,1.97,45.5,Op-Charlie,Afternoon,2026-03-05 11:29,0,None,PASS
BAT-13131,M-04,Line-2,PROD-C30,97.2,10.56,1426,7.36,61.4,Op-Charlie,Night,2026-04-13 11:29,1,Surface Crack,REWORK
BAT-13132,M-01,Line-1,PROD-D40,71.7,9.43,1225,2.46,45.6,Op-Charlie,Afternoon,2026-06-30 11:29,0,None,PASS
BAT-13133,M-04,Line-2,PROD-C30,87.6,8.6,1344,3.81,67.2,Op-Charlie,Afternoon,2026-07-10 11:29,1,Surface Crack,SCRAP
BAT-13134,M-02,Line-1,PROD-A10,73.6,9.29,1243,1.88,49.9,Op-Alice,Morning,2026-02-14 11:29,0,None,PASS
BAT-13135,M-07,Line-4,PROD-B20,83.2,6.96,1173,3.14,60.9,Op-Alice,Afternoon,2026-04-22 11:29,0,None,PASS
BAT-13136,M-07,Line-4,PROD-D40,81.0,6.41,1393,3.84,49.9,Op-Alice,Afternoon,2026-02-15 11:29,1,Surface Crack,REWORK
BAT-13137,M-07,Line-4,PROD-D40,77.9,6.97,1392,3.19,38.3,Op-David,Afternoon,2026-03-05 11:29,1,Dimensional Deviation,SCRAP
BAT-13138,M-07,Line-4,PROD-C30,78.5,4.09,1348,2.75,53.5,Op-Charlie,Morning,2026-03-05 11:29,0,None,PASS
BAT-13139,M-04,Line-2,PROD-C30,90.8,10.52,1299,6.03,76.8,Op-Alice,Afternoon,2026-06-28 11:29,1,Surface Crack,REWORK
BAT-13140,M-05,Line-3,PROD-D40,77.3,8.59,1203,2.73,49.3,Op-Alice,Night,2026-07-17 11:29,1,Contamination,SCRAP
BAT-13141,M-07,Line-4,PROD-D40,77.6,6.18,1468,4.28,51.7,Op-Elena,Morning,2026-04-26 11:29,0,None,PASS
BAT-13142,M-07,Line-4,PROD-D40,80.2,6.05,1521,3.77,55.1,Op-Bob,Afternoon,2026-07-15 11:29,1,Dimensional Deviation,REWORK
BAT-13143,M-04,Line-2,PROD-D40,80.8,9.48,1313,4.69,66.5,Op-Elena,Night,2026-06-23 11:29,1,Surface Crack,REWORK
BAT-13144,M-08,Line-4,PROD-D40,75.8,8.25,1206,1.96,48.7,Op-Elena,Morning,2026-05-14 11:29,1,Contamination,REWORK
BAT-13145,M-06,Line-3,PROD-D40,74.9,9.12,1236,2.45,48.5,Op-Alice,Night,2026-06-06 11:29,0,None,PASS
BAT-13146,M-01,Line-1,PROD-B20,78.2,8.93,1213,1.88,46.1,Op-Bob,Morning,2026-03-04 11:29,0,None,PASS
BAT-13147,M-06,Line-3,PROD-D40,73.7,8.31,1127,2.48,53.5,Op-Frank,Night,2026-07-07 11:29,0,None,PASS
BAT-13148,M-03,Line-2,PROD-D40,71.8,9.03,1342,1.58,50.0,Op-Alice,Afternoon,2026-03-02 11:29,0,None,PASS
BAT-13149,M-01,Line-1,PROD-C30,73.4,9.11,1243,1.39,45.3,Op-Bob,Morning,2026-06-08 11:29,0,None,PASS
BAT-13150,M-06,Line-3,PROD-A10,75.9,8.25,1151,1.46,49.9,Op-David,Afternoon,2026-06-06 11:29,0,None,PASS
BAT-13151,M-02,Line-1,PROD-B20,75.4,9.21,1154,1.89,42.0,Op-David,Afternoon,2026-05-19 11:29,0,None,PASS
BAT-13152,M-02,Line-1,PROD-A10,77.2,8.18,1226,3.4,43.7,Op-Elena,Night,2026-07-25 11:29,0,None,PASS
BAT-13153,M-05,Line-3,PROD-A10,75.7,8.83,1220,2.13,42.9,Op-Elena,Night,2026-07-11 11:29,0,None,PASS
BAT-13154,M-03,Line-2,PROD-D40,72.1,8.61,1195,2.23,42.1,Op-Charlie,Morning,2026-03-23 11:29,0,None,PASS
BAT-13155,M-08,Line-4,PROD-C30,77.2,8.54,1179,3.13,36.5,Op-Elena,Night,2026-03-01 11:29,0,None,PASS
BAT-13156,M-05,Line-3,PROD-C30,73.7,8.95,1189,1.81,52.8,Op-Charlie,Morning,2026-03-08 11:29,0,None,PASS
BAT-13157,M-06,Line-3,PROD-C30,71.5,8.07,1239,1.75,45.0,Op-Charlie,Afternoon,2026-02-21 11:29,0,None,PASS
BAT-13158,M-03,Line-2,PROD-A10,74.8,8.96,1217,1.69,53.1,Op-Elena,Morning,2026-03-14 11:29,0,None,PASS
BAT-13159,M-06,Line-3,PROD-D40,73.6,8.05,1179,2.37,56.1,Op-Alice,Night,2026-07-07 11:29,1,Surface Crack,REWORK
BAT-13160,M-07,Line-4,PROD-B20,81.4,4.3,1368,2.91,60.5,Op-Frank,Afternoon,2026-05-25 11:29,1,Dimensional Deviation,REWORK
BAT-13161,M-03,Line-2,PROD-B20,70.0,8.77,1222,2.79,44.3,Op-Bob,Afternoon,2026-06-10 11:29,0,None,PASS
BAT-13162,M-03,Line-2,PROD-C30,73.3,9.11,1229,2.33,41.4,Op-Frank,Afternoon,2026-02-11 11:29,0,None,PASS
BAT-13163,M-08,Line-4,PROD-B20,81.6,9.0,1230,2.24,45.7,Op-Bob,Night,2026-04-18 11:29,0,None,PASS
BAT-13164,M-04,Line-2,PROD-A10,91.4,8.61,1472,3.65,67.3,Op-Bob,Afternoon,2026-02-28 11:29,1,Dimensional Deviation,SCRAP
BAT-13165,M-06,Line-3,PROD-A10,74.5,8.67,1194,2.99,44.3,Op-David,Morning,2026-02-25 11:29,0,None,PASS
BAT-13166,M-01,Line-1,PROD-A10,75.6,9.01,1198,2.87,48.3,Op-Alice,Night,2026-05-16 11:29,0,None,PASS
BAT-13167,M-03,Line-2,PROD-D40,77.3,8.96,1203,1.95,51.6,Op-Alice,Night,2026-03-04 11:29,0,None,PASS
BAT-13168,M-07,Line-4,PROD-A10,77.4,5.54,1248,3.3,63.4,Op-Frank,Morning,2026-05-13 11:29,1,Dimensional Deviation,SCRAP
BAT-13169,M-08,Line-4,PROD-A10,71.3,8.19,1252,1.03,45.2,Op-Elena,Morning,2026-04-02 11:29,0,None,PASS
BAT-13170,M-08,Line-4,PROD-A10,74.4,9.81,1158,1.98,42.0,Op-David,Night,2026-05-01 11:29,0,None,PASS
BAT-13171,M-01,Line-1,PROD-D40,77.0,8.99,1259,2.51,53.0,Op-Charlie,Night,2026-07-27 11:29,0,None,PASS
BAT-13172,M-05,Line-3,PROD-C30,75.7,9.01,1196,1.25,43.0,Op-Frank,Afternoon,2026-04-09 11:29,0,None,PASS
BAT-13173,M-03,Line-2,PROD-D40,76.8,8.67,1170,2.5,51.0,Op-David,Night,2026-07-02 11:29,0,None,PASS
BAT-13174,M-07,Line-4,PROD-C30,76.5,3.7,1318,3.78,59.0,Op-Bob,Night,2026-04-16 11:29,1,Dimensional Deviation,REWORK
BAT-13175,M-02,Line-1,PROD-D40,72.5,7.15,1263,2.21,55.2,Op-Frank,Morning,2026-07-19 11:29,0,None,PASS
BAT-13176,M-03,Line-2,PROD-D40,72.1,8.54,1306,1.86,49.7,Op-Bob,Afternoon,2026-06-27 11:29,0,None,PASS
BAT-13177,M-02,Line-1,PROD-A10,76.7,8.12,1292,2.34,41.0,Op-Charlie,Afternoon,2026-02-21 11:29,0,None,PASS
BAT-13178,M-07,Line-4,PROD-B20,77.0,8.04,1432,3.7,46.9,Op-Frank,Morning,2026-02-27 11:29,1,Dimensional Deviation,REWORK
BAT-13179,M-06,Line-3,PROD-D40,73.8,8.65,1233,2.14,53.0,Op-Charlie,Night,2026-04-12 11:29,0,None,PASS
BAT-13180,M-03,Line-2,PROD-D40,76.6,8.45,1154,1.92,50.2,Op-Elena,Morning,2026-05-24 11:29,0,None,PASS
BAT-13181,M-07,Line-4,PROD-A10,77.1,8.64,1408,2.62,60.4,Op-Frank,Afternoon,2026-06-04 11:29,1,Dimensional Deviation,REWORK
BAT-13182,M-05,Line-3,PROD-C30,80.6,8.76,1257,2.94,53.2,Op-Elena,Night,2026-03-31 11:29,0,None,PASS
BAT-13183,M-03,Line-2,PROD-C30,73.5,8.76,1280,2.23,46.1,Op-Bob,Afternoon,2026-07-21 11:29,0,None,PASS
BAT-13184,M-05,Line-3,PROD-D40,75.3,9.3,1262,2.26,44.6,Op-Bob,Night,2026-02-22 11:29,0,None,PASS
BAT-13185,M-01,Line-1,PROD-D40,71.1,8.62,1116,1.64,46.2,Op-David,Afternoon,2026-02-22 11:29,0,None,PASS
BAT-13186,M-08,Line-4,PROD-C30,75.6,9.35,1158,1.41,50.4,Op-Charlie,Morning,2026-05-14 11:29,0,None,PASS
BAT-13187,M-03,Line-2,PROD-B20,73.7,8.77,1175,2.02,51.0,Op-Elena,Morning,2026-02-12 11:29,0,None,PASS
BAT-13188,M-06,Line-3,PROD-C30,72.5,8.47,1246,2.21,47.3,Op-Alice,Morning,2026-06-16 11:29,0,None,PASS
BAT-13189,M-05,Line-3,PROD-A10,79.3,8.53,1255,2.39,48.9,Op-Frank,Night,2026-03-08 11:29,0,None,PASS
BAT-13190,M-02,Line-1,PROD-A10,77.8,9.38,1249,2.0,44.3,Op-Alice,Afternoon,2026-06-19 11:29,0,None,PASS
BAT-13191,M-02,Line-1,PROD-A10,75.9,8.96,1245,2.16,44.6,Op-Bob,Afternoon,2026-04-26 11:29,0,None,PASS
BAT-13192,M-08,Line-4,PROD-D40,73.5,8.57,1205,1.98,43.7,Op-Alice,Night,2026-08-08 11:29,0,None,PASS
BAT-13193,M-01,Line-1,PROD-D40,74.5,8.41,1194,1.5,47.3,Op-Frank,Night,2026-05-15 11:29,0,None,PASS
BAT-13194,M-06,Line-3,PROD-C30,66.8,8.87,1268,2.68,38.8,Op-Frank,Morning,2026-08-03 11:29,0,None,PASS
BAT-13195,M-01,Line-1,PROD-A10,73.1,9.61,1172,2.02,51.7,Op-Frank,Morning,2026-03-28 11:29,0,None,PASS
BAT-13196,M-06,Line-3,PROD-C30,74.6,8.49,1082,2.1,43.6,Op-Alice,Morning,2026-03-22 11:29,0,None,PASS
BAT-13197,M-01,Line-1,PROD-A10,74.9,8.6,1219,2.42,45.2,Op-Charlie,Morning,2026-05-07 11:29,0,None,PASS
BAT-13198,M-03,Line-2,PROD-C30,73.4,8.87,1094,2.23,40.6,Op-Frank,Night,2026-08-04 11:29,0,None,PASS
BAT-13199,M-08,Line-4,PROD-C30,79.0,8.89,1233,2.05,41.4,Op-Alice,Afternoon,2026-04-23 11:29,0,None,PASS
BAT-13200,M-08,Line-4,PROD-A10,72.4,8.0,1293,2.14,44.4,Op-David,Night,2026-03-30 11:29,0,None,PASS
BAT-13201,M-08,Line-4,PROD-A10,78.5,8.6,1234,2.41,44.6,Op-Charlie,Night,2026-07-11 11:29,0,None,PASS
BAT-13202,M-01,Line-1,PROD-B20,76.1,9.06,1104,1.85,50.8,Op-Frank,Morning,2026-02-22 11:29,1,Porosity,REWORK
BAT-13203,M-04,Line-2,PROD-C30,85.6,8.01,1339,3.64,63.1,Op-Frank,Morning,2026-04-03 11:29,0,None,PASS
BAT-13204,M-02,Line-1,PROD-A10,73.0,8.07,1203,2.0,48.8,Op-Charlie,Afternoon,2026-03-14 11:29,0,None,PASS
BAT-13205,M-04,Line-2,PROD-D40,82.7,8.71,1439,6.06,62.6,Op-Alice,Night,2026-07-16 11:29,1,Surface Crack,SCRAP
BAT-13206,M-02,Line-1,PROD-A10,70.4,9.17,1136,1.89,49.4,Op-Elena,Afternoon,2026-07-20 11:29,0,None,PASS
BAT-13207,M-02,Line-1,PROD-B20,75.0,9.12,1225,1.72,47.1,Op-Frank,Afternoon,2026-07-17 11:29,0,None,PASS
BAT-13208,M-03,Line-2,PROD-C30,71.8,8.67,1242,1.85,48.4,Op-Charlie,Morning,2026-05-16 11:29,0,None,PASS
BAT-13209,M-06,Line-3,PROD-B20,75.9,8.02,1188,2.24,49.6,Op-Alice,Afternoon,2026-05-20 11:29,0,None,PASS
BAT-13210,M-01,Line-1,PROD-D40,78.5,8.49,1180,2.96,47.0,Op-David,Night,2026-07-07 11:29,1,Surface Crack,REWORK
BAT-13211,M-07,Line-4,PROD-A10,78.9,7.03,1257,3.61,53.4,Op-Alice,Night,2026-05-20 11:29,0,None,PASS
BAT-13212,M-08,Line-4,PROD-C30,75.0,8.79,1263,2.74,46.4,Op-Alice,Night,2026-04-12 11:29,0,None,PASS
BAT-13213,M-05,Line-3,PROD-B20,71.0,7.97,1151,2.67,44.4,Op-Frank,Morning,2026-07-29 11:29,0,None,PASS
BAT-13214,M-05,Line-3,PROD-C30,76.8,8.87,1363,2.85,46.8,Op-Elena,Night,2026-05-16 11:29,0,None,PASS
BAT-13215,M-01,Line-1,PROD-A10,74.6,8.96,1226,2.47,43.1,Op-David,Afternoon,2026-06-07 11:29,0,None,PASS
BAT-13216,M-03,Line-2,PROD-C30,77.9,8.21,1229,1.75,45.6,Op-Charlie,Morning,2026-04-06 11:29,0,None,PASS
BAT-13217,M-06,Line-3,PROD-A10,69.6,8.92,1306,2.08,50.8,Op-Alice,Afternoon,2026-04-05 11:29,0,None,PASS
BAT-13218,M-06,Line-3,PROD-C30,73.4,7.71,1232,1.78,48.8,Op-Bob,Afternoon,2026-03-29 11:29,0,None,PASS
BAT-13219,M-08,Line-4,PROD-C30,75.2,8.44,1280,2.19,43.9,Op-Bob,Night,2026-02-25 11:29,0,None,PASS
BAT-13220,M-03,Line-2,PROD-B20,74.1,8.19,1233,2.57,53.6,Op-Bob,Afternoon,2026-05-05 11:29,0,None,PASS
BAT-13221,M-02,Line-1,PROD-A10,69.9,9.38,1221,2.06,43.3,Op-Frank,Morning,2026-07-06 11:29,1,Porosity,SCRAP
BAT-13222,M-01,Line-1,PROD-C30,75.9,8.5,1203,1.27,52.7,Op-Bob,Morning,2026-07-23 11:29,0,None,PASS
BAT-13223,M-07,Line-4,PROD-C30,76.4,6.88,1311,2.77,57.7,Op-Bob,Morning,2026-03-20 11:29,0,None,PASS
BAT-13224,M-02,Line-1,PROD-A10,75.1,8.59,1234,2.14,51.1,Op-David,Afternoon,2026-06-03 11:29,0,None,PASS
BAT-13225,M-03,Line-2,PROD-A10,77.9,9.77,1239,2.13,54.0,Op-Charlie,Night,2026-05-06 11:29,0,None,PASS
BAT-13226,M-08,Line-4,PROD-C30,73.0,9.1,1176,2.61,46.5,Op-Elena,Night,2026-06-29 11:29,0,None,PASS
BAT-13227,M-03,Line-2,PROD-A10,75.4,9.09,1196,3.12,43.4,Op-Bob,Night,2026-07-11 11:29,0,None,PASS
BAT-13228,M-05,Line-3,PROD-B20,74.5,8.49,1209,1.58,54.1,Op-David,Morning,2026-04-10 11:29,0,None,PASS
BAT-13229,M-04,Line-2,PROD-D40,85.9,10.28,1314,3.67,74.8,Op-Frank,Morning,2026-02-12 11:29,0,None,PASS
BAT-13230,M-03,Line-2,PROD-D40,68.4,9.26,1202,3.04,49.0,Op-Charlie,Afternoon,2026-06-23 11:29,0,None,PASS
BAT-13231,M-05,Line-3,PROD-D40,74.6,8.03,1124,1.8,48.9,Op-David,Morning,2026-08-06 11:29,0,None,PASS
BAT-13232,M-01,Line-1,PROD-D40,71.6,8.44,1277,2.11,50.8,Op-Alice,Morning,2026-05-09 11:29,0,None,PASS
BAT-13233,M-04,Line-2,PROD-A10,77.4,8.53,1433,5.52,58.4,Op-Bob,Morning,2026-05-31 11:29,0,None,PASS
BAT-13234,M-03,Line-2,PROD-A10,76.0,8.95,1224,1.67,50.1,Op-Frank,Night,2026-07-29 11:29,0,None,PASS
BAT-13235,M-06,Line-3,PROD-A10,79.3,8.35,1164,2.51,43.5,Op-Elena,Night,2026-06-15 11:29,0,None,PASS
BAT-13236,M-06,Line-3,PROD-A10,75.8,8.86,1200,1.75,51.8,Op-David,Morning,2026-03-10 11:29,0,None,PASS
BAT-13237,M-04,Line-2,PROD-C30,84.5,10.32,1407,5.07,76.9,Op-Charlie,Night,2026-06-30 11:29,1,Surface Crack,REWORK
BAT-13238,M-06,Line-3,PROD-D40,74.0,8.66,1196,1.97,53.5,Op-Frank,Afternoon,2026-03-24 11:29,0,None,PASS
BAT-13239,M-02,Line-1,PROD-D40,73.3,8.39,1254,1.82,52.8,Op-Elena,Night,2026-02-21 11:29,0,None,PASS
BAT-13240,M-06,Line-3,PROD-B20,78.0,9.01,1208,2.19,42.2,Op-David,Night,2026-08-08 11:29,0,None,PASS
BAT-13241,M-04,Line-2,PROD-A10,82.5,9.97,1317,6.05,60.3,Op-Elena,Afternoon,2026-07-15 11:29,0,None,PASS
BAT-13242,M-08,Line-4,PROD-B20,74.1,9.04,1227,2.39,43.8,Op-Elena,Afternoon,2026-05-05 11:29,0,None,PASS
BAT-13243,M-05,Line-3,PROD-A10,69.9,9.02,1197,1.97,51.8,Op-Frank,Morning,2026-06-21 11:29,0,None,PASS
BAT-13244,M-08,Line-4,PROD-B20,73.8,8.16,1188,2.21,50.0,Op-Alice,Morning,2026-03-27 11:29,0,None,PASS
BAT-13245,M-05,Line-3,PROD-B20,70.0,8.21,1191,1.69,51.3,Op-Frank,Morning,2026-03-16 11:29,0,None,PASS
BAT-13246,M-03,Line-2,PROD-A10,75.5,9.7,1137,1.65,49.3,Op-Charlie,Morning,2026-04-22 11:29,0,None,PASS
BAT-13247,M-05,Line-3,PROD-B20,73.0,7.96,1223,2.08,44.7,Op-Frank,Morning,2026-06-24 11:29,0,None,PASS
BAT-13248,M-02,Line-1,PROD-D40,74.6,7.54,1267,2.2,53.3,Op-Charlie,Night,2026-07-14 11:29,0,None,PASS
BAT-13249,M-01,Line-1,PROD-B20,76.0,8.71,1212,2.85,47.4,Op-Frank,Night,2026-02-13 11:29,0,None,PASS
BAT-13250,M-04,Line-2,PROD-A10,84.1,10.43,1448,3.93,71.9,Op-Charlie,Night,2026-08-07 11:29,1,Surface Crack,SCRAP
BAT-13251,M-03,Line-2,PROD-D40,74.5,9.1,1178,2.01,50.4,Op-David,Afternoon,2026-03-14 11:29,0,None,PASS
BAT-13252,M-02,Line-1,PROD-B20,75.5,9.62,1203,2.28,50.4,Op-Charlie,Night,2026-03-31 11:29,1,Dimensional Deviation,REWORK
BAT-13253,M-07,Line-4,PROD-C30,77.9,4.67,1359,1.65,62.8,Op-Alice,Afternoon,2026-04-15 11:29,1,Dimensional Deviation,REWORK
BAT-13254,M-01,Line-1,PROD-C30,74.6,8.96,1198,2.53,48.6,Op-Frank,Night,2026-04-10 11:29,0,None,PASS
BAT-13255,M-08,Line-4,PROD-D40,71.7,7.95,1271,1.83,39.6,Op-David,Afternoon,2026-05-22 11:29,0,None,PASS
BAT-13256,M-02,Line-1,PROD-B20,74.4,8.31,1182,2.65,52.4,Op-Bob,Morning,2026-08-04 11:29,1,Dimensional Deviation,SCRAP
BAT-13257,M-02,Line-1,PROD-D40,76.4,8.6,1163,2.19,52.6,Op-Frank,Night,2026-02-28 11:29,0,None,PASS
BAT-13258,M-07,Line-4,PROD-A10,81.9,5.1,1321,4.51,58.3,Op-Bob,Night,2026-06-25 11:29,1,Surface Crack,SCRAP
BAT-13259,M-01,Line-1,PROD-C30,70.2,8.56,1225,2.42,45.7,Op-Bob,Night,2026-06-28 11:29,0,None,PASS
BAT-13260,M-02,Line-1,PROD-D40,80.8,9.29,1272,1.91,43.9,Op-David,Morning,2026-03-20 11:29,0,None,PASS
BAT-13261,M-04,Line-2,PROD-A10,79.8,9.6,1457,3.49,54.3,Op-David,Afternoon,2026-02-13 11:29,0,None,PASS
BAT-13262,M-06,Line-3,PROD-D40,72.8,8.35,1174,1.77,54.6,Op-Elena,Afternoon,2026-05-27 11:29,0,None,PASS
BAT-13263,M-07,Line-4,PROD-D40,80.1,8.45,1381,2.57,61.3,Op-Alice,Afternoon,2026-04-10 11:29,0,None,PASS
BAT-13264,M-03,Line-2,PROD-A10,76.0,8.6,1233,2.94,41.4,Op-Elena,Night,2026-05-21 11:29,0,None,PASS
BAT-13265,M-01,Line-1,PROD-C30,75.4,8.75,1232,2.57,48.2,Op-Elena,Afternoon,2026-04-16 11:29,0,None,PASS
BAT-13266,M-01,Line-1,PROD-D40,75.8,8.69,1173,2.08,44.8,Op-David,Afternoon,2026-04-01 11:29,0,None,PASS
BAT-13267,M-04,Line-2,PROD-B20,91.7,9.05,1610,4.43,76.2,Op-Elena,Afternoon,2026-05-09 11:29,1,Surface Crack,SCRAP
BAT-13268,M-07,Line-4,PROD-B20,81.5,7.15,1206,3.48,52.1,Op-David,Morning,2026-03-15 11:29,0,None,PASS
BAT-13269,M-07,Line-4,PROD-B20,81.7,4.27,1260,2.77,64.5,Op-David,Morning,2026-03-04 11:29,1,Dimensional Deviation,REWORK
BAT-13270,M-04,Line-2,PROD-D40,91.8,8.73,1332,4.79,75.4,Op-Frank,Morning,2026-05-08 11:29,1,Surface Crack,REWORK
BAT-13271,M-06,Line-3,PROD-C30,75.7,8.35,1217,2.22,49.1,Op-Frank,Morning,2026-03-07 11:29,0,None,PASS
BAT-13272,M-01,Line-1,PROD-D40,73.8,8.97,1190,2.95,48.4,Op-Elena,Night,2026-07-18 11:29,0,None,PASS
BAT-13273,M-07,Line-4,PROD-B20,81.2,6.34,1329,3.6,55.3,Op-Frank,Morning,2026-04-30 11:29,0,None,PASS
BAT-13274,M-02,Line-1,PROD-D40,74.3,8.58,1224,2.18,42.1,Op-Charlie,Morning,2026-04-02 11:29,0,None,PASS
BAT-13275,M-04,Line-2,PROD-B20,85.7,11.07,1307,5.35,55.9,Op-Frank,Afternoon,2026-06-07 11:29,0,None,PASS
BAT-13276,M-03,Line-2,PROD-C30,71.0,8.67,1197,2.25,45.2,Op-Frank,Morning,2026-05-14 11:29,0,None,PASS
BAT-13277,M-04,Line-2,PROD-B20,81.2,9.1,1470,2.11,66.9,Op-Charlie,Morning,2026-02-18 11:29,1,Dimensional Deviation,REWORK
BAT-13278,M-02,Line-1,PROD-C30,71.0,8.31,1196,2.63,50.9,Op-Frank,Night,2026-06-17 11:29,0,None,PASS
BAT-13279,M-06,Line-3,PROD-C30,76.5,9.18,1256,1.81,56.2,Op-Charlie,Afternoon,2026-05-20 11:29,0,None,PASS
BAT-13280,M-05,Line-3,PROD-D40,74.6,8.3,1096,2.61,43.0,Op-Charlie,Afternoon,2026-05-23 11:29,0,None,PASS
BAT-13281,M-05,Line-3,PROD-C30,70.9,8.73,1167,2.45,41.2,Op-Bob,Afternoon,2026-04-12 11:29,0,None,PASS
BAT-13282,M-08,Line-4,PROD-C30,73.2,8.76,1123,2.41,46.0,Op-David,Afternoon,2026-07-12 11:29,0,None,PASS
BAT-13283,M-07,Line-4,PROD-A10,81.8,7.68,1226,3.04,51.5,Op-David,Morning,2026-04-22 11:29,0,None,PASS
BAT-13284,M-03,Line-2,PROD-C30,69.9,8.24,1211,1.81,45.3,Op-Charlie,Afternoon,2026-02-15 11:29,0,None,PASS
BAT-13285,M-01,Line-1,PROD-C30,75.4,9.13,1223,1.93,50.8,Op-Elena,Afternoon,2026-06-20 11:29,1,Color Variance,REWORK
BAT-13286,M-07,Line-4,PROD-B20,75.6,5.06,1313,3.1,52.4,Op-Charlie,Afternoon,2026-07-07 11:29,1,Dimensional Deviation,REWORK
BAT-13287,M-08,Line-4,PROD-B20,79.0,9.4,1150,2.65,42.3,Op-Alice,Morning,2026-02-13 11:29,0,None,PASS
BAT-13288,M-05,Line-3,PROD-B20,78.1,8.61,1137,1.62,43.9,Op-Bob,Afternoon,2026-07-10 11:29,0,None,PASS
BAT-13289,M-05,Line-3,PROD-B20,75.4,9.07,1186,1.93,47.1,Op-David,Morning,2026-04-24 11:29,0,None,PASS
BAT-13290,M-05,Line-3,PROD-B20,72.8,8.37,1278,1.87,46.2,Op-Bob,Morning,2026-05-27 11:29,0,None,PASS
BAT-13291,M-05,Line-3,PROD-C30,72.1,7.61,1231,2.38,45.3,Op-Charlie,Morning,2026-02-24 11:29,0,None,PASS
BAT-13292,M-07,Line-4,PROD-B20,77.1,7.83,1413,2.58,60.9,Op-Frank,Afternoon,2026-04-08 11:29,1,Dimensional Deviation,SCRAP
BAT-13293,M-01,Line-1,PROD-A10,70.1,8.93,1305,2.42,37.6,Op-Elena,Night,2026-08-04 11:29,0,None,PASS
BAT-13294,M-08,Line-4,PROD-C30,74.7,9.02,1240,1.61,54.2,Op-Bob,Morning,2026-03-12 11:29,0,None,PASS
BAT-13295,M-08,Line-4,PROD-A10,74.2,8.17,1199,1.94,48.2,Op-Elena,Afternoon,2026-05-02 11:29,0,None,PASS
BAT-13296,M-06,Line-3,PROD-C30,72.4,9.02,1171,2.07,44.6,Op-Frank,Morning,2026-05-31 11:29,0,None,PASS
BAT-13297,M-08,Line-4,PROD-C30,78.3,8.75,1206,2.24,47.9,Op-Charlie,Night,2026-07-26 11:29,0,None,PASS
BAT-13298,M-08,Line-4,PROD-A10,77.0,8.81,1320,1.69,50.1,Op-Alice,Afternoon,2026-03-31 11:29,0,None,PASS
BAT-13299,M-03,Line-2,PROD-A10,72.5,8.03,1233,2.97,42.6,Op-Frank,Night,2026-05-26 11:29,0,None,PASS
BAT-13300,M-03,Line-2,PROD-B20,72.2,8.71,1168,1.98,46.3,Op-David,Afternoon,2026-06-05 11:29,0,None,PASS
BAT-13301,M-07,Line-4,PROD-D40,78.0,6.16,1356,3.08,50.8,Op-Frank,Afternoon,2026-05-25 11:29,1,Dimensional Deviation,REWORK
BAT-13302,M-02,Line-1,PROD-C30,78.3,8.47,1150,2.18,53.7,Op-Alice,Night,2026-02-21 11:29,0,None,PASS
BAT-13303,M-06,Line-3,PROD-B20,75.7,9.47,1208,2.63,47.0,Op-David,Night,2026-02-26 11:29,1,Color Variance,REWORK
BAT-13304,M-01,Line-1,PROD-A10,71.4,7.46,1220,1.94,55.5,Op-Alice,Morning,2026-06-13 11:29,0,None,PASS
BAT-13305,M-03,Line-2,PROD-B20,72.2,8.8,1245,2.17,44.2,Op-Alice,Afternoon,2026-03-29 11:29,0,None,PASS
BAT-13306,M-04,Line-2,PROD-A10,83.3,10.39,1364,4.47,79.0,Op-David,Morning,2026-07-14 11:29,1,Surface Crack,SCRAP
BAT-13307,M-02,Line-1,PROD-B20,76.1,9.21,1148,1.69,48.3,Op-David,Night,2026-07-20 11:29,0,None,PASS
BAT-13308,M-08,Line-4,PROD-B20,76.0,9.25,1259,1.95,54.6,Op-Alice,Morning,2026-03-13 11:29,0,None,PASS
BAT-13309,M-06,Line-3,PROD-C30,71.5,8.43,1162,2.19,47.8,Op-Frank,Morning,2026-06-22 11:29,0,None,PASS
BAT-13310,M-03,Line-2,PROD-A10,75.1,9.34,1199,2.24,44.8,Op-Elena,Night,2026-03-29 11:29,0,None,PASS
BAT-13311,M-08,Line-4,PROD-B20,76.3,8.5,1244,2.44,36.1,Op-Charlie,Morning,2026-05-16 11:29,0,None,PASS
BAT-13312,M-06,Line-3,PROD-B20,75.5,8.85,1224,2.63,46.4,Op-Bob,Morning,2026-03-25 11:29,0,None,PASS
BAT-13313,M-08,Line-4,PROD-B20,79.7,8.8,1238,1.96,46.7,Op-Frank,Night,2026-03-30 11:29,0,None,PASS
BAT-13314,M-03,Line-2,PROD-A10,75.4,8.91,1211,1.58,37.4,Op-Charlie,Afternoon,2026-06-11 11:29,0,None,PASS
BAT-13315,M-04,Line-2,PROD-C30,87.9,9.55,1473,3.97,66.2,Op-Bob,Morning,2026-04-09 11:29,1,Surface Crack,REWORK
BAT-13316,M-06,Line-3,PROD-A10,72.8,8.24,1257,2.73,43.6,Op-David,Afternoon,2026-03-05 11:29,0,None,PASS
BAT-13317,M-08,Line-4,PROD-A10,74.4,9.05,1251,2.06,37.2,Op-Elena,Morning,2026-05-20 11:29,0,None,PASS
BAT-13318,M-02,Line-1,PROD-B20,75.4,8.51,1233,1.99,47.8,Op-Bob,Afternoon,2026-02-19 11:29,0,None,PASS
BAT-13319,M-08,Line-4,PROD-A10,74.7,9.05,1143,1.67,58.1,Op-Bob,Afternoon,2026-03-07 11:29,0,None,PASS
BAT-13320,M-04,Line-2,PROD-B20,92.8,9.81,1528,6.11,69.9,Op-Frank,Morning,2026-06-16 11:29,1,Surface Crack,SCRAP
BAT-13321,M-07,Line-4,PROD-C30,76.6,6.73,1401,2.3,51.2,Op-Elena,Afternoon,2026-05-24 11:29,1,Dimensional Deviation,REWORK
BAT-13322,M-05,Line-3,PROD-B20,75.1,8.68,1216,1.92,49.6,Op-Bob,Morning,2026-04-06 11:29,0,None,PASS
BAT-13323,M-03,Line-2,PROD-B20,70.4,9.86,1209,2.53,46.7,Op-Bob,Night,2026-06-20 11:29,1,Surface Crack,SCRAP
BAT-13324,M-05,Line-3,PROD-C30,76.2,9.2,1145,1.89,47.5,Op-Bob,Afternoon,2026-07-03 11:29,0,None,PASS
BAT-13325,M-03,Line-2,PROD-B20,76.3,9.12,1249,2.12,47.0,Op-Bob,Night,2026-05-11 11:29,0,None,PASS
BAT-13326,M-07,Line-4,PROD-B20,74.7,8.74,1423,3.45,54.7,Op-Elena,Afternoon,2026-04-05 11:29,1,Dimensional Deviation,REWORK
BAT-13327,M-07,Line-4,PROD-B20,79.6,5.83,1357,2.57,52.3,Op-Frank,Night,2026-06-12 11:29,0,None,PASS
BAT-13328,M-04,Line-2,PROD-A10,90.0,11.07,1356,6.22,51.9,Op-Frank,Morning,2026-06-26 11:29,1,Surface Crack,REWORK
BAT-13329,M-08,Line-4,PROD-C30,74.2,8.56,1180,1.9,45.8,Op-Alice,Morning,2026-02-11 11:29,0,None,PASS
BAT-13330,M-06,Line-3,PROD-B20,69.7,8.23,1184,1.95,40.5,Op-Elena,Afternoon,2026-03-13 11:29,0,None,PASS
BAT-13331,M-06,Line-3,PROD-B20,75.9,7.21,1290,2.49,50.7,Op-Alice,Night,2026-02-28 11:29,0,None,PASS
BAT-13332,M-07,Line-4,PROD-B20,81.6,6.53,1408,2.92,52.0,Op-David,Night,2026-02-24 11:29,1,Dimensional Deviation,REWORK
BAT-13333,M-07,Line-4,PROD-B20,80.0,4.83,1531,3.75,61.8,Op-Elena,Night,2026-06-11 11:29,0,None,PASS
BAT-13334,M-07,Line-4,PROD-A10,74.3,8.25,1430,3.44,61.4,Op-Charlie,Night,2026-04-21 11:29,0,None,PASS
BAT-13335,M-01,Line-1,PROD-C30,74.0,8.77,1208,2.71,45.9,Op-Charlie,Afternoon,2026-07-05 11:29,0,None,PASS
BAT-13336,M-03,Line-2,PROD-A10,68.8,8.89,1244,1.99,43.4,Op-Charlie,Morning,2026-05-30 11:29,0,None,PASS
BAT-13337,M-05,Line-3,PROD-A10,77.5,8.28,1270,2.96,41.6,Op-Alice,Night,2026-08-01 11:29,0,None,PASS
BAT-13338,M-07,Line-4,PROD-C30,83.5,3.42,1253,5.0,61.0,Op-Alice,Night,2026-07-31 11:29,1,Surface Crack,SCRAP
BAT-13339,M-04,Line-2,PROD-C30,80.0,10.88,1430,5.38,61.3,Op-David,Night,2026-06-17 11:29,1,Dimensional Deviation,REWORK
BAT-13340,M-08,Line-4,PROD-A10,74.2,8.33,1193,1.36,45.0,Op-Bob,Morning,2026-04-15 11:29,0,None,PASS
BAT-13341,M-03,Line-2,PROD-A10,73.0,9.09,1269,2.05,48.6,Op-Alice,Night,2026-07-26 11:29,0,None,PASS
BAT-13342,M-03,Line-2,PROD-A10,75.2,8.32,1256,1.76,47.2,Op-Bob,Afternoon,2026-02-28 11:29,0,None,PASS
BAT-13343,M-04,Line-2,PROD-D40,77.8,9.96,1367,4.71,58.6,Op-Elena,Afternoon,2026-06-08 11:29,0,None,PASS
BAT-13344,M-08,Line-4,PROD-D40,75.3,8.55,1203,2.56,47.0,Op-Alice,Night,2026-06-23 11:29,0,None,PASS
BAT-13345,M-02,Line-1,PROD-B20,70.6,8.34,1270,2.71,47.1,Op-David,Afternoon,2026-06-13 11:29,0,None,PASS
BAT-13346,M-03,Line-2,PROD-B20,73.7,8.96,1197,1.74,50.2,Op-David,Night,2026-05-20 11:29,0,None,PASS
BAT-13347,M-01,Line-1,PROD-D40,73.5,8.31,1156,3.01,50.4,Op-Charlie,Night,2026-07-07 11:29,0,None,PASS
BAT-13348,M-08,Line-4,PROD-D40,70.4,8.86,1234,2.58,51.6,Op-Charlie,Morning,2026-07-23 11:29,0,None,PASS
BAT-13349,M-05,Line-3,PROD-B20,76.5,7.98,1189,2.71,52.8,Op-Alice,Night,2026-03-05 11:29,0,None,PASS
BAT-13350,M-07,Line-4,PROD-C30,83.8,7.79,1280,3.43,56.7,Op-Charlie,Morning,2026-02-17 11:29,0,None,PASS
BAT-13351,M-06,Line-3,PROD-B20,74.1,9.32,1262,2.04,50.2,Op-Bob,Morning,2026-03-19 11:29,1,Surface Crack,REWORK
BAT-13352,M-06,Line-3,PROD-A10,73.3,7.76,1203,1.53,51.4,Op-Charlie,Afternoon,2026-05-17 11:29,0,None,PASS
BAT-13353,M-05,Line-3,PROD-D40,72.3,8.25,1233,1.62,46.3,Op-Charlie,Afternoon,2026-02-11 11:29,0,None,PASS
BAT-13354,M-01,Line-1,PROD-B20,71.5,9.07,1255,1.85,46.8,Op-David,Night,2026-06-08 11:29,0,None,PASS
BAT-13355,M-05,Line-3,PROD-D40,76.3,9.32,1222,2.87,44.1,Op-David,Afternoon,2026-04-27 11:29,0,None,PASS
BAT-13356,M-08,Line-4,PROD-C30,75.7,8.88,1182,2.15,44.7,Op-Alice,Afternoon,2026-04-02 11:29,0,None,PASS
BAT-13357,M-06,Line-3,PROD-D40,74.1,8.01,1190,1.65,51.6,Op-Frank,Morning,2026-04-16 11:29,0,None,PASS
BAT-13358,M-01,Line-1,PROD-A10,74.1,8.41,1256,1.69,51.6,Op-David,Morning,2026-05-11 11:29,0,None,PASS
BAT-13359,M-04,Line-2,PROD-D40,83.6,9.29,1358,6.05,70.1,Op-Bob,Morning,2026-07-10 11:29,1,Surface Crack,SCRAP
BAT-13360,M-07,Line-4,PROD-B20,79.3,4.73,1392,2.94,64.0,Op-David,Afternoon,2026-03-02 11:29,1,Dimensional Deviation,SCRAP
BAT-13361,M-06,Line-3,PROD-B20,74.1,9.56,1210,2.76,41.8,Op-Elena,Night,2026-05-18 11:29,0,None,PASS
BAT-13362,M-04,Line-2,PROD-A10,75.8,8.86,1400,4.49,69.9,Op-Frank,Afternoon,2026-07-11 11:29,1,Dimensional Deviation,REWORK
BAT-13363,M-06,Line-3,PROD-C30,75.6,9.42,1243,1.81,53.2,Op-Alice,Morning,2026-06-25 11:29,0,None,PASS
BAT-13364,M-07,Line-4,PROD-B20,77.7,6.59,1342,3.88,54.8,Op-David,Afternoon,2026-04-11 11:29,0,None,PASS
BAT-13365,M-06,Line-3,PROD-C30,76.0,8.96,1229,2.37,47.4,Op-Elena,Night,2026-07-03 11:29,0,None,PASS
BAT-13366,M-06,Line-3,PROD-D40,73.4,7.58,1192,2.12,50.3,Op-Charlie,Afternoon,2026-05-26 11:29,0,None,PASS
BAT-13367,M-04,Line-2,PROD-C30,86.7,8.69,1422,4.51,69.7,Op-Charlie,Afternoon,2026-04-25 11:29,1,Surface Crack,REWORK
BAT-13368,M-05,Line-3,PROD-A10,73.7,8.88,1203,2.54,40.2,Op-Charlie,Night,2026-03-13 11:29,0,None,PASS
BAT-13369,M-04,Line-2,PROD-B20,81.4,8.8,1308,6.56,79.2,Op-Frank,Afternoon,2026-04-21 11:29,1,Surface Crack,REWORK
BAT-13370,M-05,Line-3,PROD-D40,66.8,8.32,1178,1.68,44.0,Op-Charlie,Morning,2026-06-24 11:29,0,None,PASS
BAT-13371,M-03,Line-2,PROD-B20,72.3,9.6,1229,1.72,51.7,Op-Bob,Morning,2026-07-11 11:29,0,None,PASS
BAT-13372,M-07,Line-4,PROD-B20,84.1,5.46,1365,3.89,59.1,Op-Elena,Night,2026-06-12 11:29,1,Surface Crack,REWORK
BAT-13373,M-05,Line-3,PROD-A10,70.8,7.42,1167,1.97,55.2,Op-Bob,Morning,2026-03-08 11:29,0,None,PASS
BAT-13374,M-08,Line-4,PROD-B20,71.2,8.82,1265,2.22,41.7,Op-Alice,Night,2026-03-26 11:29,0,None,PASS
BAT-13375,M-08,Line-4,PROD-A10,77.4,9.64,1205,2.0,45.8,Op-David,Afternoon,2026-04-28 11:29,0,None,PASS
BAT-13376,M-06,Line-3,PROD-B20,75.0,8.38,1228,1.94,48.4,Op-Charlie,Night,2026-05-26 11:29,0,None,PASS
BAT-13377,M-08,Line-4,PROD-B20,74.8,8.86,1236,1.93,49.6,Op-Bob,Morning,2026-04-13 11:29,1,Color Variance,REWORK
BAT-13378,M-07,Line-4,PROD-C30,68.2,7.37,1417,3.61,52.5,Op-David,Morning,2026-03-19 11:29,0,None,PASS
BAT-13379,M-04,Line-2,PROD-A10,83.1,10.19,1395,4.69,73.7,Op-Alice,Morning,2026-05-12 11:29,1,Surface Crack,SCRAP
BAT-13380,M-04,Line-2,PROD-D40,90.0,10.54,1482,6.98,68.6,Op-Charlie,Afternoon,2026-05-12 11:29,1,Surface Crack,REWORK
BAT-13381,M-04,Line-2,PROD-C30,87.3,8.66,1392,4.64,76.1,Op-Elena,Afternoon,2026-07-20 11:29,1,Surface Crack,REWORK
BAT-13382,M-01,Line-1,PROD-D40,82.6,8.16,1239,2.11,48.6,Op-Alice,Night,2026-07-16 11:29,0,None,PASS
BAT-13383,M-02,Line-1,PROD-C30,75.8,9.14,1264,1.89,39.0,Op-Frank,Afternoon,2026-07-01 11:29,0,None,PASS
BAT-13384,M-05,Line-3,PROD-C30,73.7,8.09,1295,1.86,39.1,Op-David,Afternoon,2026-04-07 11:29,0,None,PASS
BAT-13385,M-04,Line-2,PROD-C30,85.7,9.95,1509,4.93,63.6,Op-Alice,Morning,2026-04-26 11:29,1,Surface Crack,REWORK
BAT-13386,M-07,Line-4,PROD-B20,73.7,8.17,1365,3.7,62.0,Op-Frank,Night,2026-03-16 11:29,0,None,PASS
BAT-13387,M-04,Line-2,PROD-B20,79.0,8.72,1338,6.6,68.9,Op-Charlie,Afternoon,2026-04-25 11:29,1,Porosity,REWORK
BAT-13388,M-02,Line-1,PROD-A10,68.9,9.69,1144,2.72,48.1,Op-Charlie,Morning,2026-07-29 11:29,0,None,PASS
BAT-13389,M-07,Line-4,PROD-D40,81.9,6.14,1356,3.76,55.4,Op-Elena,Morning,2026-02-18 11:29,0,None,PASS
BAT-13390,M-06,Line-3,PROD-B20,73.8,9.02,1196,1.79,50.4,Op-Elena,Afternoon,2026-05-18 11:29,0,None,PASS
BAT-13391,M-01,Line-1,PROD-B20,77.3,8.37,1225,1.35,55.1,Op-Frank,Morning,2026-07-25 11:29,0,None,PASS
BAT-13392,M-08,Line-4,PROD-D40,74.3,8.45,1196,1.87,48.0,Op-Charlie,Morning,2026-06-09 11:29,0,None,PASS
BAT-13393,M-01,Line-1,PROD-C30,75.6,9.32,1201,2.73,49.2,Op-Bob,Afternoon,2026-02-24 11:29,0,None,PASS
BAT-13394,M-06,Line-3,PROD-A10,74.5,7.56,1316,1.98,48.0,Op-Bob,Morning,2026-07-03 11:29,0,None,PASS
BAT-13395,M-05,Line-3,PROD-D40,73.5,8.55,1179,1.89,44.1,Op-David,Afternoon,2026-03-28 11:29,0,None,PASS
BAT-13396,M-06,Line-3,PROD-B20,73.8,7.35,1199,1.46,43.7,Op-Bob,Morning,2026-03-16 11:29,0,None,PASS
BAT-13397,M-03,Line-2,PROD-B20,73.6,7.71,1255,2.06,44.2,Op-Alice,Morning,2026-02-14 11:29,0,None,PASS
BAT-13398,M-07,Line-4,PROD-A10,72.2,7.94,1375,3.03,49.1,Op-Bob,Morning,2026-02-12 11:29,0,None,PASS
BAT-13399,M-04,Line-2,PROD-B20,79.0,9.42,1404,5.54,62.0,Op-Charlie,Afternoon,2026-06-09 11:29,1,Dimensional Deviation,SCRAP
BAT-13400,M-02,Line-1,PROD-D40,77.1,8.39,1184,1.43,48.1,Op-David,Afternoon,2026-02-12 11:29,0,None,PASS
BAT-13401,M-07,Line-4,PROD-B20,77.1,7.99,1365,3.64,59.8,Op-David,Night,2026-07-16 11:29,0,None,PASS
BAT-13402,M-06,Line-3,PROD-B20,75.1,8.67,1235,1.67,47.8,Op-Frank,Morning,2026-03-26 11:29,0,None,PASS
BAT-13403,M-06,Line-3,PROD-B20,75.5,9.11,1180,2.19,43.4,Op-Alice,Morning,2026-03-26 11:29,0,None,PASS
BAT-13404,M-05,Line-3,PROD-D40,77.2,8.08,1210,2.08,40.5,Op-Bob,Morning,2026-02-17 11:29,0,None,PASS
BAT-13405,M-03,Line-2,PROD-A10,73.1,8.33,1191,2.39,53.8,Op-Bob,Night,2026-04-26 11:29,0,None,PASS
BAT-13406,M-01,Line-1,PROD-A10,75.6,8.95,1168,2.23,53.0,Op-David,Night,2026-03-23 11:29,0,None,PASS
BAT-13407,M-03,Line-2,PROD-C30,69.6,9.11,1250,2.23,50.0,Op-Alice,Afternoon,2026-02-24 11:29,0,None,PASS
BAT-13408,M-07,Line-4,PROD-C30,75.3,8.37,1366,3.11,63.8,Op-Frank,Night,2026-06-08 11:29,0,None,PASS
BAT-13409,M-02,Line-1,PROD-D40,71.3,8.46,1162,2.72,47.3,Op-Frank,Night,2026-08-05 11:29,0,None,PASS
BAT-13410,M-05,Line-3,PROD-D40,76.1,9.67,1215,1.94,47.7,Op-Alice,Night,2026-07-13 11:29,0,None,PASS
BAT-13411,M-03,Line-2,PROD-C30,73.1,9.12,1201,1.48,44.4,Op-Alice,Afternoon,2026-05-13 11:29,0,None,PASS
BAT-13412,M-04,Line-2,PROD-D40,84.8,10.23,1493,3.35,66.7,Op-Bob,Night,2026-06-10 11:29,1,Dimensional Deviation,REWORK
BAT-13413,M-02,Line-1,PROD-B20,74.0,7.79,1227,2.44,47.8,Op-Bob,Afternoon,2026-07-13 11:29,1,Contamination,SCRAP
BAT-13414,M-06,Line-3,PROD-D40,76.2,8.36,1277,2.15,48.5,Op-David,Night,2026-04-23 11:29,0,None,PASS
BAT-13415,M-03,Line-2,PROD-B20,73.8,8.67,1155,2.24,49.2,Op-David,Morning,2026-07-20 11:29,0,None,PASS
BAT-13416,M-02,Line-1,PROD-B20,74.6,8.27,1267,1.3,50.5,Op-Alice,Morning,2026-03-03 11:29,0,None,PASS
BAT-13417,M-01,Line-1,PROD-A10,70.7,8.8,1172,2.49,47.3,Op-Elena,Afternoon,2026-06-21 11:29,1,Color Variance,SCRAP
BAT-13418,M-07,Line-4,PROD-A10,80.3,7.91,1379,2.88,58.5,Op-Frank,Morning,2026-06-06 11:29,0,None,PASS
BAT-13419,M-08,Line-4,PROD-C30,78.2,8.46,1235,1.49,46.7,Op-Frank,Morning,2026-07-21 11:29,0,None,PASS
BAT-13420,M-03,Line-2,PROD-C30,72.7,8.83,1210,2.07,53.9,Op-Alice,Night,2026-07-18 11:29,0,None,PASS
BAT-13421,M-06,Line-3,PROD-B20,73.3,9.14,1165,1.85,43.7,Op-Elena,Afternoon,2026-03-10 11:29,0,None,PASS
BAT-13422,M-03,Line-2,PROD-B20,77.2,9.18,1256,2.32,46.4,Op-Bob,Afternoon,2026-05-20 11:29,0,None,PASS
BAT-13423,M-04,Line-2,PROD-B20,77.5,8.51,1387,5.19,73.1,Op-Elena,Afternoon,2026-03-28 11:29,1,Dimensional Deviation,REWORK
BAT-13424,M-05,Line-3,PROD-B20,73.7,8.45,1265,2.34,50.1,Op-Bob,Morning,2026-05-17 11:29,0,None,PASS
BAT-13425,M-06,Line-3,PROD-C30,76.1,9.77,1237,2.8,52.2,Op-Elena,Night,2026-05-18 11:29,0,None,PASS
BAT-13426,M-04,Line-2,PROD-B20,83.9,11.04,1438,4.98,50.8,Op-Frank,Night,2026-02-10 11:29,1,Surface Crack,SCRAP
BAT-13427,M-04,Line-2,PROD-C30,78.0,10.39,1399,3.14,67.5,Op-Charlie,Afternoon,2026-06-03 11:29,0,None,PASS
BAT-13428,M-01,Line-1,PROD-C30,70.8,7.8,1199,2.15,49.3,Op-Elena,Night,2026-06-17 11:29,0,None,PASS
BAT-13429,M-06,Line-3,PROD-A10,77.2,7.65,1173,2.79,49.9,Op-Charlie,Afternoon,2026-02-15 11:29,0,None,PASS
BAT-13430,M-01,Line-1,PROD-C30,77.9,8.45,1154,1.81,41.9,Op-Elena,Night,2026-05-17 11:29,0,None,PASS
BAT-13431,M-06,Line-3,PROD-A10,68.5,8.98,1121,3.1,55.0,Op-Elena,Afternoon,2026-03-30 11:29,0,None,PASS
BAT-13432,M-08,Line-4,PROD-D40,77.3,8.23,1223,2.55,46.0,Op-Charlie,Night,2026-08-08 11:29,0,None,PASS
BAT-13433,M-07,Line-4,PROD-D40,81.3,4.22,1297,4.17,66.7,Op-Frank,Night,2026-04-04 11:29,1,Surface Crack,SCRAP
BAT-13434,M-06,Line-3,PROD-D40,78.6,8.37,1225,2.24,40.1,Op-Bob,Afternoon,2026-03-29 11:29,0,None,PASS
BAT-13435,M-08,Line-4,PROD-D40,74.8,9.17,1160,2.19,50.3,Op-Charlie,Morning,2026-03-22 11:29,0,None,PASS
BAT-13436,M-03,Line-2,PROD-A10,72.6,8.14,1271,2.4,51.2,Op-David,Morning,2026-05-23 11:29,0,None,PASS
BAT-13437,M-02,Line-1,PROD-B20,75.2,8.99,1163,2.06,55.3,Op-Elena,Morning,2026-02-17 11:29,0,None,PASS
BAT-13438,M-03,Line-2,PROD-B20,78.2,8.87,1202,2.3,52.9,Op-Elena,Afternoon,2026-03-11 11:29,1,Porosity,REWORK
BAT-13439,M-03,Line-2,PROD-C30,73.5,8.35,1159,1.83,53.2,Op-Charlie,Night,2026-08-08 11:29,0,None,PASS
BAT-13440,M-04,Line-2,PROD-D40,80.2,8.05,1357,6.26,64.9,Op-Bob,Afternoon,2026-07-31 11:29,1,Surface Crack,REWORK
BAT-13441,M-07,Line-4,PROD-B20,80.8,8.61,1364,3.33,56.0,Op-Elena,Night,2026-04-26 11:29,0,None,PASS
BAT-13442,M-03,Line-2,PROD-A10,72.3,8.42,1179,2.17,42.3,Op-David,Afternoon,2026-03-01 11:29,0,None,PASS
BAT-13443,M-05,Line-3,PROD-A10,74.5,8.21,1211,2.9,55.0,Op-Frank,Night,2026-07-01 11:29,0,None,PASS
BAT-13444,M-04,Line-2,PROD-B20,76.0,10.43,1339,4.25,78.2,Op-Frank,Morning,2026-04-08 11:29,0,None,PASS
BAT-13445,M-01,Line-1,PROD-A10,72.6,8.3,1183,2.69,51.8,Op-Charlie,Night,2026-06-26 11:29,0,None,PASS
BAT-13446,M-04,Line-2,PROD-B20,76.9,8.59,1298,5.53,65.4,Op-Alice,Night,2026-03-03 11:29,1,Color Variance,REWORK
BAT-13447,M-03,Line-2,PROD-A10,75.7,8.08,1256,2.22,44.9,Op-Charlie,Night,2026-04-26 11:29,0,None,PASS
BAT-13448,M-02,Line-1,PROD-C30,71.0,8.05,1199,1.64,48.3,Op-Elena,Morning,2026-06-01 11:29,0,None,PASS
BAT-13449,M-08,Line-4,PROD-D40,73.9,8.39,1228,2.28,47.5,Op-Charlie,Morning,2026-03-08 11:29,0,None,PASS
BAT-13450,M-02,Line-1,PROD-C30,76.1,9.52,1213,3.11,47.0,Op-Charlie,Night,2026-06-27 11:29,0,None,PASS
BAT-13451,M-05,Line-3,PROD-C30,75.5,9.75,1234,2.02,41.6,Op-Bob,Night,2026-02-10 11:29,0,None,PASS
BAT-13452,M-07,Line-4,PROD-B20,76.0,5.44,1408,2.84,52.2,Op-Elena,Night,2026-06-17 11:29,1,Dimensional Deviation,REWORK
BAT-13453,M-04,Line-2,PROD-C30,74.6,8.74,1405,5.38,69.0,Op-Elena,Afternoon,2026-05-20 11:29,1,Dimensional Deviation,REWORK
BAT-13454,M-07,Line-4,PROD-C30,76.4,5.68,1365,3.8,55.9,Op-Frank,Morning,2026-07-12 11:29,1,Dimensional Deviation,REWORK
BAT-13455,M-05,Line-3,PROD-B20,75.0,8.58,1268,2.27,43.6,Op-Alice,Night,2026-03-18 11:29,0,None,PASS
BAT-13456,M-07,Line-4,PROD-B20,74.5,8.15,1362,4.44,52.0,Op-Bob,Morning,2026-03-31 11:29,0,None,PASS
BAT-13457,M-05,Line-3,PROD-A10,73.4,7.39,1213,2.6,49.4,Op-Alice,Afternoon,2026-03-23 11:29,0,None,PASS
BAT-13458,M-04,Line-2,PROD-A10,86.9,9.09,1536,4.75,65.8,Op-Charlie,Night,2026-06-14 11:29,1,Surface Crack,SCRAP
BAT-13459,M-02,Line-1,PROD-A10,73.3,8.59,1283,2.3,51.5,Op-David,Night,2026-06-04 11:29,0,None,PASS
BAT-13460,M-07,Line-4,PROD-C30,80.1,6.62,1428,3.65,57.2,Op-Elena,Night,2026-06-24 11:29,1,Dimensional Deviation,REWORK
BAT-13461,M-04,Line-2,PROD-A10,81.6,8.19,1337,4.39,61.4,Op-Frank,Night,2026-02-15 11:29,1,Surface Crack,SCRAP
BAT-13462,M-07,Line-4,PROD-D40,81.0,6.74,1325,3.16,61.2,Op-Alice,Night,2026-08-05 11:29,0,None,PASS
BAT-13463,M-01,Line-1,PROD-A10,77.4,8.84,1265,2.55,48.7,Op-Alice,Afternoon,2026-04-01 11:29,0,None,PASS
BAT-13464,M-06,Line-3,PROD-B20,75.5,8.93,1190,2.03,47.2,Op-Elena,Afternoon,2026-03-30 11:29,0,None,PASS
BAT-13465,M-01,Line-1,PROD-C30,73.2,9.05,1206,2.02,49.6,Op-Frank,Morning,2026-05-04 11:29,0,None,PASS
BAT-13466,M-05,Line-3,PROD-B20,77.2,8.04,1222,2.36,46.7,Op-Elena,Morning,2026-06-30 11:29,0,None,PASS
BAT-13467,M-06,Line-3,PROD-B20,73.1,8.82,1172,2.93,52.1,Op-David,Night,2026-03-25 11:29,0,None,PASS
BAT-13468,M-01,Line-1,PROD-A10,74.5,8.73,1239,2.5,55.0,Op-David,Afternoon,2026-06-26 11:29,0,None,PASS
BAT-13469,M-03,Line-2,PROD-D40,73.0,8.83,1265,2.25,46.3,Op-David,Morning,2026-04-09 11:29,0,None,PASS
BAT-13470,M-04,Line-2,PROD-D40,81.7,7.14,1215,4.74,70.3,Op-Frank,Morning,2026-04-05 11:29,1,Surface Crack,REWORK
BAT-13471,M-02,Line-1,PROD-C30,76.7,8.6,1211,2.03,48.8,Op-Frank,Morning,2026-07-21 11:29,0,None,PASS
BAT-13472,M-07,Line-4,PROD-B20,80.0,6.45,1297,2.33,59.4,Op-David,Afternoon,2026-03-08 11:29,1,Dimensional Deviation,REWORK
BAT-13473,M-02,Line-1,PROD-A10,73.1,8.6,1169,2.03,52.0,Op-Alice,Morning,2026-03-21 11:29,0,None,PASS
BAT-13474,M-03,Line-2,PROD-B20,72.5,8.12,1197,2.62,44.8,Op-Bob,Night,2026-07-15 11:29,0,None,PASS
BAT-13475,M-04,Line-2,PROD-C30,82.6,9.44,1383,6.6,65.8,Op-Bob,Afternoon,2026-07-13 11:29,1,Surface Crack,REWORK
BAT-13476,M-08,Line-4,PROD-C30,78.6,7.65,1261,2.16,49.7,Op-Frank,Night,2026-08-08 11:29,1,Porosity,REWORK
BAT-13477,M-02,Line-1,PROD-A10,76.1,8.91,1165,2.26,46.9,Op-David,Night,2026-05-15 11:29,0,None,PASS
BAT-13478,M-03,Line-2,PROD-A10,77.1,8.51,1198,2.7,40.7,Op-Frank,Night,2026-06-23 11:29,0,None,PASS
BAT-13479,M-05,Line-3,PROD-B20,73.9,8.2,1248,2.79,49.5,Op-Alice,Night,2026-03-14 11:29,0,None,PASS
BAT-13480,M-08,Line-4,PROD-D40,74.6,8.82,1208,1.63,40.9,Op-Alice,Afternoon,2026-06-18 11:29,0,None,PASS
BAT-13481,M-06,Line-3,PROD-D40,69.9,7.87,1213,2.49,45.1,Op-Elena,Night,2026-07-24 11:29,0,None,PASS
BAT-13482,M-05,Line-3,PROD-C30,75.4,7.99,1197,2.5,47.8,Op-Frank,Afternoon,2026-03-27 11:29,0,None,PASS
BAT-13483,M-01,Line-1,PROD-B20,73.7,7.74,1281,1.56,49.6,Op-Frank,Afternoon,2026-05-17 11:29,0,None,PASS
BAT-13484,M-07,Line-4,PROD-D40,82.1,7.29,1230,3.68,50.4,Op-Bob,Night,2026-05-11 11:29,0,None,PASS
BAT-13485,M-02,Line-1,PROD-B20,76.5,8.69,1151,1.84,53.0,Op-Charlie,Afternoon,2026-04-03 11:29,0,None,PASS
BAT-13486,M-03,Line-2,PROD-C30,72.6,9.08,1147,2.2,49.4,Op-Charlie,Morning,2026-07-14 11:29,0,None,PASS
BAT-13487,M-07,Line-4,PROD-A10,81.4,5.35,1414,3.23,50.7,Op-David,Night,2026-04-27 11:29,0,None,PASS
BAT-13488,M-01,Line-1,PROD-D40,69.2,8.28,1203,2.61,49.4,Op-Charlie,Night,2026-06-11 11:29,0,None,PASS
BAT-13489,M-07,Line-4,PROD-D40,78.8,5.7,1398,3.53,63.2,Op-Elena,Afternoon,2026-02-26 11:29,1,Dimensional Deviation,REWORK
BAT-13490,M-07,Line-4,PROD-D40,77.7,3.46,1329,3.24,58.8,Op-Alice,Night,2026-02-10 11:29,0,None,PASS
BAT-13491,M-08,Line-4,PROD-C30,72.5,8.94,1199,2.1,46.9,Op-Frank,Night,2026-06-17 11:29,0,None,PASS
BAT-13492,M-06,Line-3,PROD-C30,72.9,9.82,1179,2.1,54.5,Op-David,Afternoon,2026-03-01 11:29,0,None,PASS
BAT-13493,M-04,Line-2,PROD-C30,81.1,10.32,1351,3.84,66.9,Op-Alice,Afternoon,2026-06-08 11:29,1,Surface Crack,SCRAP
BAT-13494,M-06,Line-3,PROD-B20,79.0,8.9,1255,1.81,41.4,Op-David,Night,2026-07-08 11:29,0,None,PASS
BAT-13495,M-02,Line-1,PROD-D40,74.9,7.84,1221,2.07,48.2,Op-Charlie,Night,2026-06-26 11:29,0,None,PASS
BAT-13496,M-05,Line-3,PROD-C30,79.0,8.6,1175,1.92,48.2,Op-Alice,Night,2026-03-24 11:29,0,None,PASS
BAT-13497,M-07,Line-4,PROD-A10,73.6,7.49,1252,3.64,58.2,Op-Charlie,Morning,2026-03-12 11:29,0,None,PASS
BAT-13498,M-01,Line-1,PROD-B20,72.8,8.7,1229,1.84,46.6,Op-David,Morning,2026-06-07 11:29,0,None,PASS
BAT-13499,M-07,Line-4,PROD-C30,75.4,4.94,1295,3.45,45.5,Op-Elena,Night,2026-02-25 11:29,1,Dimensional Deviation,REWORK
BAT-13500,M-05,Line-3,PROD-C30,73.9,8.74,1162,2.77,56.1,Op-Charlie,Night,2026-03-08 11:29,0,None,PASS
BAT-13501,M-01,Line-1,PROD-B20,76.2,8.77,1216,1.92,40.0,Op-Frank,Morning,2026-05-05 11:29,0,None,PASS
BAT-13502,M-04,Line-2,PROD-D40,86.7,10.25,1345,6.55,80.9,Op-Charlie,Night,2026-03-09 11:29,1,Surface Crack,REWORK
BAT-13503,M-04,Line-2,PROD-A10,93.3,9.83,1324,3.3,59.4,Op-Bob,Afternoon,2026-05-15 11:29,0,None,PASS
BAT-13504,M-01,Line-1,PROD-A10,75.1,8.01,1192,1.59,47.0,Op-Bob,Morning,2026-08-02 11:29,0,None,PASS
BAT-13505,M-07,Line-4,PROD-D40,78.3,4.4,1327,3.54,52.9,Op-Alice,Night,2026-07-12 11:29,1,Dimensional Deviation,REWORK
BAT-13506,M-06,Line-3,PROD-D40,69.6,8.4,1205,2.23,55.1,Op-Charlie,Morning,2026-07-02 11:29,0,None,PASS
BAT-13507,M-04,Line-2,PROD-D40,82.6,9.26,1384,5.32,77.9,Op-Elena,Night,2026-04-26 11:29,1,Surface Crack,REWORK
BAT-13508,M-08,Line-4,PROD-A10,74.9,8.08,1202,2.1,46.3,Op-Frank,Morning,2026-06-25 11:29,0,None,PASS
BAT-13509,M-07,Line-4,PROD-A10,74.0,5.55,1394,3.71,59.4,Op-Alice,Morning,2026-07-21 11:29,0,None,PASS
BAT-13510,M-07,Line-4,PROD-C30,77.0,5.71,1453,3.06,52.7,Op-Frank,Morning,2026-02-22 11:29,1,Dimensional Deviation,SCRAP
BAT-13511,M-05,Line-3,PROD-C30,76.6,8.57,1168,3.39,40.5,Op-Bob,Night,2026-07-12 11:29,0,None,PASS
BAT-13512,M-07,Line-4,PROD-D40,78.0,7.67,1327,3.66,55.0,Op-Charlie,Night,2026-05-08 11:29,0,None,PASS
BAT-13513,M-07,Line-4,PROD-C30,76.9,5.7,1296,2.71,55.1,Op-Bob,Afternoon,2026-02-19 11:29,1,Dimensional Deviation,SCRAP
BAT-13514,M-03,Line-2,PROD-A10,71.1,8.63,1297,1.88,42.4,Op-Charlie,Afternoon,2026-07-16 11:29,0,None,PASS
BAT-13515,M-08,Line-4,PROD-B20,71.9,8.88,1146,1.46,55.1,Op-Charlie,Afternoon,2026-03-27 11:29,0,None,PASS
BAT-13516,M-03,Line-2,PROD-A10,71.7,8.26,1117,2.58,56.5,Op-Elena,Morning,2026-05-05 11:29,0,None,PASS
BAT-13517,M-05,Line-3,PROD-D40,74.2,8.29,1267,2.05,42.0,Op-Alice,Afternoon,2026-06-17 11:29,0,None,PASS
BAT-13518,M-07,Line-4,PROD-C30,80.1,9.29,1328,2.4,53.5,Op-Elena,Afternoon,2026-08-04 11:29,0,None,PASS
BAT-13519,M-06,Line-3,PROD-B20,73.7,8.25,1171,1.68,39.6,Op-Elena,Afternoon,2026-05-04 11:29,0,None,PASS
BAT-13520,M-04,Line-2,PROD-B20,81.6,8.85,1476,4.95,62.9,Op-Charlie,Morning,2026-06-15 11:29,1,Surface Crack,SCRAP
BAT-13521,M-05,Line-3,PROD-C30,73.4,9.02,1231,1.36,44.1,Op-Frank,Afternoon,2026-04-06 11:29,0,None,PASS
BAT-13522,M-01,Line-1,PROD-A10,75.3,8.03,1220,1.78,44.9,Op-Frank,Morning,2026-05-21 11:29,0,None,PASS
BAT-13523,M-03,Line-2,PROD-A10,74.1,7.87,1197,2.35,47.5,Op-Alice,Night,2026-06-10 11:29,0,None,PASS
BAT-13524,M-03,Line-2,PROD-D40,76.3,7.76,1253,1.22,44.3,Op-David,Morning,2026-05-29 11:29,0,None,PASS
BAT-13525,M-04,Line-2,PROD-C30,85.5,9.13,1293,3.08,65.1,Op-Elena,Afternoon,2026-08-01 11:29,1,Porosity,REWORK
BAT-13526,M-05,Line-3,PROD-B20,72.8,9.09,1238,1.74,46.0,Op-Frank,Afternoon,2026-03-17 11:29,0,None,PASS
BAT-13527,M-06,Line-3,PROD-A10,73.8,9.1,1241,1.95,48.2,Op-David,Morning,2026-06-18 11:29,0,None,PASS
BAT-13528,M-06,Line-3,PROD-A10,77.4,8.26,1291,2.0,45.0,Op-David,Morning,2026-02-24 11:29,0,None,PASS
BAT-13529,M-01,Line-1,PROD-A10,70.4,8.29,1202,2.34,44.5,Op-Charlie,Afternoon,2026-07-13 11:29,0,None,PASS
BAT-13530,M-08,Line-4,PROD-D40,74.0,9.12,1198,1.95,47.2,Op-Charlie,Afternoon,2026-06-10 11:29,0,None,PASS
BAT-13531,M-06,Line-3,PROD-B20,74.2,8.19,1136,2.88,48.2,Op-Charlie,Morning,2026-04-27 11:29,0,None,PASS
BAT-13532,M-05,Line-3,PROD-A10,74.6,8.93,1142,2.0,45.4,Op-David,Morning,2026-05-12 11:29,0,None,PASS
BAT-13533,M-08,Line-4,PROD-B20,75.2,7.89,1217,2.17,46.2,Op-Charlie,Afternoon,2026-07-14 11:29,0,None,PASS
BAT-13534,M-06,Line-3,PROD-B20,75.1,8.41,1215,2.59,50.1,Op-David,Night,2026-06-26 11:29,0,None,PASS
BAT-13535,M-04,Line-2,PROD-A10,89.6,9.73,1356,1.17,60.9,Op-Elena,Morning,2026-05-28 11:29,0,None,PASS
BAT-13536,M-02,Line-1,PROD-B20,73.2,7.92,1215,2.11,50.8,Op-Bob,Night,2026-06-23 11:29,0,None,PASS
BAT-13537,M-03,Line-2,PROD-D40,75.0,7.95,1232,2.52,44.0,Op-Alice,Night,2026-06-11 11:29,0,None,PASS
BAT-13538,M-03,Line-2,PROD-A10,72.7,8.47,1215,2.36,44.6,Op-Charlie,Morning,2026-06-12 11:29,0,None,PASS
BAT-13539,M-04,Line-2,PROD-A10,76.0,8.76,1322,7.25,55.6,Op-Charlie,Night,2026-06-01 11:29,0,None,PASS
BAT-13540,M-02,Line-1,PROD-C30,75.1,8.81,1160,1.81,51.7,Op-Bob,Morning,2026-06-03 11:29,0,None,PASS
BAT-13541,M-07,Line-4,PROD-C30,76.4,7.1,1224,2.64,52.7,Op-Frank,Morning,2026-05-04 11:29,0,None,PASS
BAT-13542,M-08,Line-4,PROD-A10,80.7,8.36,1174,2.81,52.6,Op-Alice,Night,2026-07-04 11:29,0,None,PASS
BAT-13543,M-06,Line-3,PROD-D40,72.2,9.07,1201,1.9,49.9,Op-Frank,Afternoon,2026-03-30 11:29,0,None,PASS
BAT-13544,M-07,Line-4,PROD-D40,71.5,4.58,1442,3.61,57.0,Op-Alice,Night,2026-06-12 11:29,1,Dimensional Deviation,REWORK
BAT-13545,M-03,Line-2,PROD-D40,75.3,9.48,1207,2.05,43.7,Op-Elena,Morning,2026-04-30 11:29,0,None,PASS
BAT-13546,M-07,Line-4,PROD-B20,78.7,4.26,1356,3.13,53.1,Op-Elena,Night,2026-07-07 11:29,1,Dimensional Deviation,REWORK
BAT-13547,M-07,Line-4,PROD-C30,78.9,6.79,1345,3.08,63.8,Op-Charlie,Morning,2026-07-16 11:29,1,Dimensional Deviation,REWORK
BAT-13548,M-01,Line-1,PROD-A10,73.4,9.39,1203,2.13,42.8,Op-Alice,Morning,2026-06-26 11:29,0,None,PASS
BAT-13549,M-06,Line-3,PROD-D40,75.9,8.37,1174,1.98,46.1,Op-Bob,Night,2026-02-14 11:29,0,None,PASS
BAT-13550,M-04,Line-2,PROD-C30,87.9,9.71,1504,6.38,59.2,Op-Bob,Morning,2026-03-03 11:29,1,Surface Crack,REWORK
BAT-13551,M-05,Line-3,PROD-C30,74.5,8.83,1146,2.82,56.1,Op-Bob,Night,2026-04-26 11:29,0,None,PASS
BAT-13552,M-05,Line-3,PROD-D40,73.4,8.45,1209,2.21,53.8,Op-Elena,Afternoon,2026-06-02 11:29,0,None,PASS
BAT-13553,M-06,Line-3,PROD-D40,76.7,8.34,1175,2.23,48.0,Op-Charlie,Night,2026-07-06 11:29,0,None,PASS
BAT-13554,M-03,Line-2,PROD-A10,75.8,9.08,1197,1.46,47.1,Op-Elena,Morning,2026-03-27 11:29,0,None,PASS
BAT-13555,M-08,Line-4,PROD-D40,76.6,8.2,1259,1.56,48.1,Op-Frank,Night,2026-07-15 11:29,0,None,PASS
BAT-13556,M-02,Line-1,PROD-B20,70.3,8.46,1190,1.97,47.3,Op-Charlie,Night,2026-06-28 11:29,0,None,PASS
BAT-13557,M-08,Line-4,PROD-A10,75.4,8.7,1267,2.35,46.7,Op-David,Morning,2026-05-05 11:29,0,None,PASS
BAT-13558,M-05,Line-3,PROD-C30,76.2,7.58,1323,1.98,47.8,Op-Charlie,Morning,2026-04-19 11:29,0,None,PASS
BAT-13559,M-04,Line-2,PROD-D40,78.7,10.16,1423,5.4,65.9,Op-David,Morning,2026-06-23 11:29,0,None,PASS
BAT-13560,M-02,Line-1,PROD-A10,74.4,8.15,1243,2.81,53.7,Op-Bob,Night,2026-04-06 11:29,0,None,PASS
BAT-13561,M-04,Line-2,PROD-C30,82.7,8.24,1543,5.98,60.3,Op-David,Night,2026-03-11 11:29,1,Surface Crack,REWORK
BAT-13562,M-08,Line-4,PROD-A10,76.2,8.35,1163,3.08,52.9,Op-Charlie,Afternoon,2026-07-07 11:29,1,Surface Crack,SCRAP
BAT-13563,M-03,Line-2,PROD-A10,73.9,8.71,1188,1.58,49.1,Op-David,Afternoon,2026-07-07 11:29,1,Color Variance,REWORK
BAT-13564,M-07,Line-4,PROD-D40,81.2,5.63,1381,3.43,62.5,Op-Elena,Morning,2026-04-07 11:29,0,None,PASS
BAT-13565,M-06,Line-3,PROD-A10,76.5,8.86,1196,2.8,47.7,Op-Frank,Night,2026-05-01 11:29,0,None,PASS
BAT-13566,M-01,Line-1,PROD-D40,74.4,9.31,1272,2.08,47.6,Op-Frank,Morning,2026-07-31 11:29,0,None,PASS
BAT-13567,M-03,Line-2,PROD-D40,77.3,8.5,1222,2.88,42.9,Op-Alice,Night,2026-03-13 11:29,0,None,PASS
BAT-13568,M-04,Line-2,PROD-A10,86.4,10.47,1521,6.99,65.2,Op-Alice,Morning,2026-06-26 11:29,1,Surface Crack,REWORK
BAT-13569,M-08,Line-4,PROD-C30,76.3,8.4,1257,2.83,46.1,Op-Bob,Night,2026-05-01 11:29,0,None,PASS
BAT-13570,M-04,Line-2,PROD-D40,86.9,9.05,1615,6.84,74.9,Op-Alice,Night,2026-02-25 11:29,1,Surface Crack,REWORK
BAT-13571,M-02,Line-1,PROD-A10,72.7,8.75,1168,2.34,49.5,Op-Alice,Afternoon,2026-05-04 11:29,0,None,PASS
BAT-13572,M-03,Line-2,PROD-C30,73.8,7.77,1174,2.44,48.6,Op-Bob,Night,2026-06-08 11:29,0,None,PASS
BAT-13573,M-02,Line-1,PROD-C30,76.6,8.33,1210,2.32,38.8,Op-Frank,Night,2026-06-17 11:29,0,None,PASS
BAT-13574,M-07,Line-4,PROD-B20,78.0,4.5,1329,3.79,62.1,Op-David,Morning,2026-04-06 11:29,1,Dimensional Deviation,REWORK
BAT-13575,M-07,Line-4,PROD-B20,75.7,5.77,1280,2.48,51.1,Op-Bob,Afternoon,2026-04-12 11:29,0,None,PASS
BAT-13576,M-01,Line-1,PROD-A10,72.7,8.98,1151,2.13,48.7,Op-Frank,Afternoon,2026-06-29 11:29,0,None,PASS
BAT-13577,M-07,Line-4,PROD-A10,81.7,5.44,1396,4.0,50.8,Op-Charlie,Night,2026-04-25 11:29,1,Surface Crack,REWORK
BAT-13578,M-06,Line-3,PROD-D40,69.7,8.31,1204,2.63,53.5,Op-David,Morning,2026-07-09 11:29,0,None,PASS
BAT-13579,M-03,Line-2,PROD-C30,77.4,9.23,1177,1.75,46.5,Op-Charlie,Morning,2026-03-07 11:29,0,None,PASS
BAT-13580,M-04,Line-2,PROD-D40,90.1,8.57,1380,4.56,71.3,Op-Frank,Night,2026-02-20 11:29,1,Surface Crack,SCRAP
BAT-13581,M-04,Line-2,PROD-D40,85.2,8.45,1565,5.73,55.4,Op-David,Morning,2026-06-06 11:29,1,Surface Crack,REWORK
BAT-13582,M-07,Line-4,PROD-D40,73.3,5.58,1249,3.57,58.4,Op-David,Morning,2026-05-08 11:29,0,None,PASS
BAT-13583,M-05,Line-3,PROD-B20,71.3,8.29,1238,0.96,48.3,Op-Elena,Morning,2026-05-17 11:29,0,None,PASS
BAT-13584,M-05,Line-3,PROD-A10,74.7,8.19,1239,2.25,40.3,Op-Frank,Night,2026-05-26 11:29,0,None,PASS
BAT-13585,M-02,Line-1,PROD-D40,75.1,8.95,1187,2.23,42.7,Op-Charlie,Night,2026-04-03 11:29,0,None,PASS
BAT-13586,M-05,Line-3,PROD-D40,74.9,9.12,1104,2.33,48.1,Op-Charlie,Morning,2026-05-16 11:29,0,None,PASS
BAT-13587,M-01,Line-1,PROD-B20,76.1,8.98,1217,2.78,53.5,Op-Frank,Night,2026-06-29 11:29,1,Porosity,SCRAP
BAT-13588,M-01,Line-1,PROD-C30,72.8,8.4,1098,1.7,43.7,Op-Bob,Afternoon,2026-05-28 11:29,0,None,PASS
BAT-13589,M-03,Line-2,PROD-A10,78.2,8.49,1246,2.78,51.8,Op-Charlie,Night,2026-04-17 11:29,0,None,PASS
BAT-13590,M-08,Line-4,PROD-A10,76.1,8.77,1171,2.45,51.8,Op-Elena,Night,2026-04-09 11:29,0,None,PASS
BAT-13591,M-04,Line-2,PROD-A10,83.0,10.23,1287,5.62,77.8,Op-Elena,Afternoon,2026-07-07 11:29,1,Surface Crack,REWORK
BAT-13592,M-07,Line-4,PROD-C30,82.2,5.17,1269,2.61,52.9,Op-Frank,Night,2026-07-15 11:29,0,None,PASS
BAT-13593,M-01,Line-1,PROD-B20,74.4,8.33,1211,2.62,51.5,Op-Bob,Night,2026-06-27 11:29,0,None,PASS
BAT-13594,M-05,Line-3,PROD-D40,76.1,8.57,1147,1.55,45.7,Op-Charlie,Afternoon,2026-05-10 11:29,0,None,PASS
BAT-13595,M-04,Line-2,PROD-C30,89.4,8.72,1270,3.07,75.2,Op-Elena,Night,2026-06-06 11:29,1,Porosity,REWORK
BAT-13596,M-05,Line-3,PROD-B20,72.1,8.17,1199,1.89,46.4,Op-Alice,Night,2026-05-29 11:29,0,None,PASS
BAT-13597,M-02,Line-1,PROD-A10,73.7,8.74,1251,2.33,44.0,Op-David,Afternoon,2026-02-18 11:29,0,None,PASS
BAT-13598,M-04,Line-2,PROD-A10,84.8,12.33,1372,5.09,80.8,Op-Elena,Afternoon,2026-04-03 11:29,1,Surface Crack,REWORK
BAT-13599,M-06,Line-3,PROD-B20,72.2,8.48,1229,2.72,47.4,Op-Frank,Morning,2026-04-05 11:29,0,None,PASS
BAT-13600,M-08,Line-4,PROD-D40,75.8,9.25,1288,2.18,44.7,Op-Alice,Afternoon,2026-03-06 11:29,0,None,PASS
BAT-13601,M-01,Line-1,PROD-A10,70.7,8.92,1165,2.45,48.0,Op-Elena,Morning,2026-05-10 11:29,0,None,PASS
BAT-13602,M-07,Line-4,PROD-A10,80.3,3.51,1372,3.5,55.5,Op-Bob,Night,2026-03-14 11:29,1,Dimensional Deviation,REWORK
BAT-13603,M-03,Line-2,PROD-A10,73.8,9.1,1191,1.94,45.0,Op-Charlie,Morning,2026-07-27 11:29,0,None,PASS
BAT-13604,M-04,Line-2,PROD-A10,83.0,9.69,1332,2.32,83.0,Op-Elena,Morning,2026-07-27 11:29,1,Porosity,REWORK
BAT-13605,M-05,Line-3,PROD-C30,74.5,9.0,1243,2.66,39.1,Op-Alice,Morning,2026-02-24 11:29,0,None,PASS
BAT-13606,M-08,Line-4,PROD-C30,80.1,7.95,1177,2.32,59.2,Op-Alice,Night,2026-04-06 11:29,0,None,PASS
BAT-13607,M-06,Line-3,PROD-B20,73.7,8.94,1283,2.24,58.6,Op-Elena,Night,2026-03-01 11:29,0,None,PASS
BAT-13608,M-08,Line-4,PROD-C30,76.2,9.03,1194,2.13,55.5,Op-Alice,Night,2026-03-18 11:29,0,None,PASS
BAT-13609,M-05,Line-3,PROD-D40,77.2,9.08,1257,2.17,50.0,Op-Alice,Night,2026-07-02 11:29,0,None,PASS
BAT-13610,M-07,Line-4,PROD-C30,80.3,8.01,1476,3.37,62.6,Op-Elena,Afternoon,2026-04-03 11:29,1,Dimensional Deviation,REWORK
BAT-13611,M-08,Line-4,PROD-C30,73.9,8.91,1234,1.8,49.9,Op-Bob,Morning,2026-04-25 11:29,1,Dimensional Deviation,REWORK
BAT-13612,M-02,Line-1,PROD-A10,75.9,8.25,1156,2.48,51.2,Op-Elena,Night,2026-02-23 11:29,1,Color Variance,REWORK
BAT-13613,M-07,Line-4,PROD-A10,76.1,8.94,1371,2.46,65.6,Op-Frank,Afternoon,2026-04-06 11:29,1,Color Variance,REWORK
BAT-13614,M-07,Line-4,PROD-D40,86.4,5.1,1374,3.38,48.5,Op-Frank,Night,2026-03-25 11:29,1,Dimensional Deviation,SCRAP
BAT-13615,M-01,Line-1,PROD-A10,76.8,9.01,1170,1.79,44.4,Op-Elena,Afternoon,2026-04-11 11:29,0,None,PASS
BAT-13616,M-07,Line-4,PROD-B20,75.7,8.04,1473,4.03,52.4,Op-Alice,Night,2026-05-13 11:29,1,Dimensional Deviation,SCRAP
BAT-13617,M-01,Line-1,PROD-A10,76.1,7.9,1219,3.01,51.5,Op-Charlie,Afternoon,2026-06-11 11:29,0,None,PASS
BAT-13618,M-01,Line-1,PROD-A10,71.8,9.54,1182,1.13,43.5,Op-Alice,Afternoon,2026-04-13 11:29,0,None,PASS
BAT-13619,M-01,Line-1,PROD-A10,74.3,8.32,1170,1.93,51.0,Op-David,Morning,2026-07-17 11:29,0,None,PASS
BAT-13620,M-04,Line-2,PROD-A10,85.3,8.51,1402,5.21,77.6,Op-Frank,Afternoon,2026-03-25 11:29,1,Surface Crack,REWORK
BAT-13621,M-07,Line-4,PROD-A10,79.0,5.81,1165,2.51,57.7,Op-Frank,Night,2026-06-10 11:29,0,None,PASS
BAT-13622,M-07,Line-4,PROD-D40,77.9,9.18,1286,3.07,53.4,Op-Bob,Morning,2026-03-12 11:29,1,Color Variance,REWORK
BAT-13623,M-05,Line-3,PROD-D40,68.6,8.39,1250,2.4,46.2,Op-Alice,Afternoon,2026-03-10 11:29,0,None,PASS
BAT-13624,M-02,Line-1,PROD-D40,72.8,8.13,1263,1.81,47.5,Op-Alice,Afternoon,2026-04-16 11:29,0,None,PASS
BAT-13625,M-07,Line-4,PROD-A10,77.6,5.82,1329,3.7,55.1,Op-Bob,Morning,2026-04-28 11:29,1,Dimensional Deviation,SCRAP
BAT-13626,M-03,Line-2,PROD-B20,77.8,8.57,1219,2.36,48.8,Op-Charlie,Morning,2026-03-05 11:29,0,None,PASS
BAT-13627,M-01,Line-1,PROD-B20,76.8,9.3,1236,2.11,45.0,Op-Charlie,Morning,2026-04-05 11:29,0,None,PASS
BAT-13628,M-05,Line-3,PROD-A10,72.9,8.84,1189,2.16,44.9,Op-Bob,Night,2026-07-30 11:29,0,None,PASS
BAT-13629,M-05,Line-3,PROD-C30,72.2,8.9,1202,2.25,44.4,Op-Frank,Afternoon,2026-06-11 11:29,0,None,PASS
BAT-13630,M-07,Line-4,PROD-A10,79.9,6.42,1425,2.86,57.5,Op-Bob,Night,2026-03-28 11:29,1,Dimensional Deviation,SCRAP
BAT-13631,M-06,Line-3,PROD-A10,76.1,8.55,1265,2.24,56.8,Op-Bob,Morning,2026-06-10 11:29,0,None,PASS
BAT-13632,M-08,Line-4,PROD-C30,71.2,7.72,1192,2.49,48.1,Op-Frank,Night,2026-02-16 11:29,0,None,PASS
BAT-13633,M-03,Line-2,PROD-C30,73.7,8.97,1284,2.19,44.6,Op-Charlie,Night,2026-05-12 11:29,0,None,PASS
BAT-13634,M-06,Line-3,PROD-A10,71.1,9.29,1317,1.54,41.8,Op-David,Morning,2026-03-15 11:29,0,None,PASS
BAT-13635,M-02,Line-1,PROD-C30,71.7,7.98,1228,2.03,43.6,Op-Elena,Night,2026-03-05 11:29,0,None,PASS
BAT-13636,M-07,Line-4,PROD-D40,82.1,8.14,1377,3.27,50.1,Op-Frank,Afternoon,2026-07-15 11:29,0,None,PASS
BAT-13637,M-07,Line-4,PROD-C30,79.2,4.94,1318,4.37,53.5,Op-David,Night,2026-05-30 11:29,0,None,PASS
BAT-13638,M-07,Line-4,PROD-B20,76.1,6.91,1284,3.47,53.3,Op-Bob,Afternoon,2026-05-18 11:29,0,None,PASS
BAT-13639,M-01,Line-1,PROD-C30,71.2,8.87,1206,2.51,45.8,Op-Charlie,Afternoon,2026-04-17 11:29,1,Dimensional Deviation,REWORK
BAT-13640,M-02,Line-1,PROD-A10,71.9,8.8,1196,2.06,47.5,Op-Elena,Morning,2026-06-15 11:29,0,None,PASS
BAT-13641,M-03,Line-2,PROD-A10,71.4,9.42,1221,1.39,48.8,Op-David,Afternoon,2026-02-21 11:29,0,None,PASS
BAT-13642,M-04,Line-2,PROD-D40,95.6,8.43,1427,4.64,71.8,Op-Elena,Night,2026-07-20 11:29,1,Surface Crack,REWORK
BAT-13643,M-06,Line-3,PROD-B20,75.8,8.0,1210,1.66,50.3,Op-Charlie,Night,2026-04-19 11:29,0,None,PASS
BAT-13644,M-05,Line-3,PROD-D40,74.2,8.55,1147,3.07,53.8,Op-Alice,Night,2026-03-22 11:29,0,None,PASS
BAT-13645,M-07,Line-4,PROD-C30,74.5,5.31,1420,3.7,62.4,Op-Charlie,Afternoon,2026-03-29 11:29,1,Dimensional Deviation,SCRAP
BAT-13646,M-03,Line-2,PROD-A10,73.4,8.58,1163,2.09,48.7,Op-Bob,Morning,2026-06-15 11:29,0,None,PASS
BAT-13647,M-03,Line-2,PROD-A10,71.1,9.22,1279,2.44,44.3,Op-Charlie,Afternoon,2026-02-10 11:29,0,None,PASS
BAT-13648,M-04,Line-2,PROD-A10,89.7,10.21,1543,3.8,59.1,Op-Alice,Morning,2026-02-14 11:29,0,None,PASS
BAT-13649,M-07,Line-4,PROD-B20,76.8,6.27,1338,3.6,54.3,Op-Charlie,Night,2026-05-24 11:29,1,Dimensional Deviation,REWORK
BAT-13650,M-01,Line-1,PROD-A10,73.2,7.93,1108,2.36,47.5,Op-Elena,Night,2026-07-06 11:29,0,None,PASS
BAT-13651,M-02,Line-1,PROD-A10,75.3,9.7,1215,1.94,40.1,Op-Charlie,Morning,2026-05-24 11:29,0,None,PASS
BAT-13652,M-01,Line-1,PROD-A10,75.5,8.46,1192,2.73,48.1,Op-David,Night,2026-07-20 11:29,0,None,PASS
BAT-13653,M-04,Line-2,PROD-B20,90.1,10.25,1280,3.01,68.4,Op-Frank,Afternoon,2026-04-02 11:29,0,None,PASS
BAT-13654,M-08,Line-4,PROD-A10,70.9,7.81,1255,2.51,43.8,Op-David,Morning,2026-06-28 11:29,0,None,PASS
BAT-13655,M-06,Line-3,PROD-C30,71.1,8.82,1239,1.9,50.7,Op-Elena,Morning,2026-06-30 11:29,0,None,PASS
BAT-13656,M-05,Line-3,PROD-D40,76.6,9.43,1270,1.99,52.2,Op-Bob,Morning,2026-02-22 11:29,1,Contamination,SCRAP
BAT-13657,M-05,Line-3,PROD-B20,70.9,8.92,1215,2.31,53.1,Op-Bob,Afternoon,2026-03-12 11:29,0,None,PASS
BAT-13658,M-04,Line-2,PROD-D40,80.8,9.91,1340,5.69,66.9,Op-Alice,Morning,2026-06-23 11:29,1,Surface Crack,REWORK
BAT-13659,M-06,Line-3,PROD-C30,76.9,8.38,1215,2.16,41.9,Op-Charlie,Night,2026-03-18 11:29,0,None,PASS
BAT-13660,M-05,Line-3,PROD-B20,75.0,9.04,1224,1.77,48.6,Op-Alice,Morning,2026-07-22 11:29,0,None,PASS
BAT-13661,M-01,Line-1,PROD-A10,81.5,9.22,1167,1.99,51.0,Op-Charlie,Morning,2026-05-03 11:29,0,None,PASS
BAT-13662,M-05,Line-3,PROD-D40,71.2,8.03,1107,2.13,42.4,Op-David,Morning,2026-06-04 11:29,0,None,PASS
BAT-13663,M-05,Line-3,PROD-C30,69.7,8.61,1176,2.44,53.6,Op-Elena,Night,2026-04-20 11:29,0,None,PASS
BAT-13664,M-07,Line-4,PROD-D40,79.3,6.19,1306,5.58,54.0,Op-Bob,Night,2026-02-23 11:29,1,Dimensional Deviation,REWORK
BAT-13665,M-05,Line-3,PROD-A10,74.6,8.94,1221,2.71,49.0,Op-Bob,Night,2026-06-28 11:29,0,None,PASS
BAT-13666,M-03,Line-2,PROD-B20,70.8,8.45,1218,1.48,50.2,Op-Frank,Morning,2026-06-21 11:29,0,None,PASS
BAT-13667,M-05,Line-3,PROD-A10,76.0,8.07,1117,1.4,55.3,Op-Bob,Afternoon,2026-03-18 11:29,1,Color Variance,REWORK
BAT-13668,M-02,Line-1,PROD-D40,76.6,8.49,1208,2.03,46.9,Op-Charlie,Night,2026-05-04 11:29,0,None,PASS
BAT-13669,M-08,Line-4,PROD-B20,79.1,8.06,1273,2.71,45.2,Op-Charlie,Night,2026-03-31 11:29,0,None,PASS
BAT-13670,M-03,Line-2,PROD-B20,71.7,8.39,1274,2.23,52.4,Op-Charlie,Afternoon,2026-02-14 11:29,1,Surface Crack,REWORK
BAT-13671,M-02,Line-1,PROD-B20,75.0,8.85,1244,2.81,51.3,Op-Elena,Night,2026-05-05 11:29,0,None,PASS
BAT-13672,M-02,Line-1,PROD-D40,75.1,8.67,1223,1.95,52.1,Op-Alice,Night,2026-03-27 11:29,0,None,PASS
BAT-13673,M-06,Line-3,PROD-C30,75.9,8.42,1150,1.39,44.2,Op-Elena,Morning,2026-04-24 11:29,0,None,PASS
BAT-13674,M-07,Line-4,PROD-A10,79.5,5.54,1345,2.31,49.2,Op-Alice,Morning,2026-06-08 11:29,0,None,PASS
BAT-13675,M-04,Line-2,PROD-A10,82.8,10.99,1412,2.33,78.7,Op-Charlie,Afternoon,2026-05-25 11:29,1,Dimensional Deviation,REWORK
BAT-13676,M-04,Line-2,PROD-B20,87.6,9.34,1554,5.3,80.7,Op-David,Morning,2026-02-17 11:29,1,Surface Crack,SCRAP
BAT-13677,M-03,Line-2,PROD-B20,77.6,8.52,1144,2.66,48.2,Op-Bob,Night,2026-07-20 11:29,0,None,PASS
BAT-13678,M-06,Line-3,PROD-A10,70.7,8.09,1168,2.25,55.8,Op-Bob,Morning,2026-07-27 11:29,0,None,PASS
BAT-13679,M-06,Line-3,PROD-A10,78.0,8.57,1295,2.16,44.6,Op-David,Night,2026-05-30 11:29,0,None,PASS
BAT-13680,M-06,Line-3,PROD-B20,71.1,8.29,1157,1.41,48.6,Op-Frank,Afternoon,2026-04-30 11:29,0,None,PASS
BAT-13681,M-01,Line-1,PROD-C30,70.5,9.25,1201,2.3,51.1,Op-Frank,Morning,2026-03-18 11:29,0,None,PASS
BAT-13682,M-07,Line-4,PROD-B20,79.0,5.27,1413,3.87,51.5,Op-Frank,Afternoon,2026-05-19 11:29,0,None,PASS
BAT-13683,M-01,Line-1,PROD-A10,70.6,9.58,1260,1.53,56.3,Op-Elena,Morning,2026-05-06 11:29,0,None,PASS
BAT-13684,M-06,Line-3,PROD-D40,73.9,8.67,1220,2.17,48.0,Op-Frank,Night,2026-07-20 11:29,0,None,PASS
BAT-13685,M-05,Line-3,PROD-D40,71.3,8.8,1205,1.67,51.7,Op-Bob,Afternoon,2026-04-11 11:29,0,None,PASS
BAT-13686,M-07,Line-4,PROD-A10,74.9,5.7,1381,2.9,52.1,Op-David,Afternoon,2026-06-26 11:29,1,Dimensional Deviation,SCRAP
BAT-13687,M-02,Line-1,PROD-B20,74.2,8.29,1200,2.07,55.1,Op-David,Night,2026-03-28 11:29,0,None,PASS
BAT-13688,M-01,Line-1,PROD-D40,80.9,8.69,1165,1.75,53.2,Op-David,Night,2026-05-20 11:29,0,None,PASS
BAT-13689,M-07,Line-4,PROD-B20,70.5,7.81,1325,3.63,55.6,Op-Bob,Afternoon,2026-03-01 11:29,0,None,PASS
BAT-13690,M-08,Line-4,PROD-D40,70.8,7.67,1181,1.8,51.5,Op-Elena,Afternoon,2026-06-20 11:29,0,None,PASS
BAT-13691,M-05,Line-3,PROD-C30,75.9,8.88,1270,2.22,50.1,Op-David,Afternoon,2026-03-02 11:29,0,None,PASS
BAT-13692,M-01,Line-1,PROD-B20,72.8,8.21,1156,2.11,49.7,Op-Charlie,Morning,2026-02-19 11:29,0,None,PASS
BAT-13693,M-02,Line-1,PROD-C30,75.0,8.19,1160,2.76,50.7,Op-Elena,Night,2026-06-13 11:29,0,None,PASS
BAT-13694,M-03,Line-2,PROD-B20,74.0,8.29,1180,2.09,53.5,Op-Bob,Afternoon,2026-04-20 11:29,0,None,PASS
BAT-13695,M-05,Line-3,PROD-A10,74.5,8.82,1229,2.49,44.1,Op-Charlie,Night,2026-05-28 11:29,0,None,PASS
BAT-13696,M-07,Line-4,PROD-B20,82.3,5.34,1336,2.57,56.5,Op-Alice,Morning,2026-03-04 11:29,1,Dimensional Deviation,SCRAP
BAT-13697,M-05,Line-3,PROD-C30,70.8,8.62,1145,1.76,48.4,Op-Bob,Afternoon,2026-04-16 11:29,0,None,PASS
BAT-13698,M-03,Line-2,PROD-A10,76.9,7.81,1284,2.71,55.2,Op-David,Night,2026-08-05 11:29,0,None,PASS
BAT-13699,M-05,Line-3,PROD-A10,74.2,8.72,1240,2.83,52.8,Op-Alice,Morning,2026-07-31 11:29,0,None,PASS
BAT-13700,M-08,Line-4,PROD-B20,78.3,8.74,1236,2.76,46.8,Op-Elena,Night,2026-03-02 11:29,0,None,PASS
BAT-13701,M-08,Line-4,PROD-B20,74.2,9.07,1208,2.95,56.5,Op-Alice,Night,2026-05-30 11:29,0,None,PASS
BAT-13702,M-04,Line-2,PROD-C30,85.5,9.66,1477,5.3,69.0,Op-Frank,Night,2026-04-24 11:29,1,Surface Crack,SCRAP
BAT-13703,M-03,Line-2,PROD-A10,82.1,8.54,1205,2.64,45.6,Op-Elena,Night,2026-04-21 11:29,0,None,PASS
BAT-13704,M-07,Line-4,PROD-A10,78.5,6.22,1254,3.26,48.6,Op-David,Afternoon,2026-04-17 11:29,0,None,PASS
BAT-13705,M-01,Line-1,PROD-C30,77.4,8.56,1167,2.56,47.7,Op-Alice,Morning,2026-02-21 11:29,0,None,PASS
BAT-13706,M-03,Line-2,PROD-C30,75.4,9.08,1256,2.94,49.4,Op-Charlie,Morning,2026-07-28 11:29,0,None,PASS
BAT-13707,M-02,Line-1,PROD-B20,73.0,8.34,1236,1.64,48.6,Op-Bob,Morning,2026-03-12 11:29,0,None,PASS
BAT-13708,M-01,Line-1,PROD-C30,74.2,8.17,1298,2.71,46.0,Op-Elena,Night,2026-06-25 11:29,0,None,PASS
BAT-13709,M-04,Line-2,PROD-D40,86.5,9.07,1472,6.72,67.7,Op-Bob,Morning,2026-07-24 11:29,1,Surface Crack,REWORK
BAT-13710,M-01,Line-1,PROD-B20,73.7,8.74,1218,1.16,54.4,Op-Bob,Morning,2026-08-07 11:29,0,None,PASS
BAT-13711,M-08,Line-4,PROD-A10,74.2,8.61,1161,2.25,47.4,Op-Alice,Morning,2026-04-21 11:29,1,Surface Crack,REWORK
BAT-13712,M-08,Line-4,PROD-A10,75.2,8.97,1249,1.96,47.7,Op-Bob,Morning,2026-08-05 11:29,0,None,PASS
BAT-13713,M-02,Line-1,PROD-D40,79.9,8.64,1215,2.33,47.4,Op-Frank,Night,2026-05-27 11:29,1,Surface Crack,SCRAP
BAT-13714,M-07,Line-4,PROD-B20,78.9,6.2,1285,3.69,49.2,Op-Charlie,Night,2026-07-17 11:29,0,None,PASS
BAT-13715,M-01,Line-1,PROD-C30,74.3,8.81,1236,1.7,53.4,Op-Alice,Night,2026-07-25 11:29,0,None,PASS
BAT-13716,M-08,Line-4,PROD-C30,75.2,8.43,1157,1.66,51.8,Op-Charlie,Morning,2026-07-20 11:29,0,None,PASS
BAT-13717,M-04,Line-2,PROD-D40,85.0,9.07,1569,2.84,70.9,Op-Charlie,Morning,2026-05-07 11:29,1,Dimensional Deviation,SCRAP
BAT-13718,M-01,Line-1,PROD-D40,71.9,7.89,1175,2.22,45.2,Op-Bob,Night,2026-06-25 11:29,0,None,PASS
BAT-13719,M-08,Line-4,PROD-A10,78.8,7.73,1212,1.92,47.1,Op-David,Morning,2026-06-09 11:29,0,None,PASS
BAT-13720,M-01,Line-1,PROD-B20,72.1,7.92,1168,1.88,47.0,Op-David,Morning,2026-05-27 11:29,0,None,PASS
BAT-13721,M-01,Line-1,PROD-A10,73.7,8.34,1200,2.02,44.6,Op-Elena,Afternoon,2026-03-21 11:29,0,None,PASS
BAT-13722,M-04,Line-2,PROD-D40,82.4,9.35,1292,6.48,72.7,Op-Charlie,Afternoon,2026-06-15 11:29,1,Surface Crack,REWORK
BAT-13723,M-08,Line-4,PROD-C30,75.0,9.63,1170,1.81,49.6,Op-Bob,Morning,2026-06-04 11:29,0,None,PASS
BAT-13724,M-02,Line-1,PROD-A10,72.4,9.21,1171,2.12,45.9,Op-Bob,Afternoon,2026-06-30 11:29,1,Contamination,REWORK
BAT-13725,M-06,Line-3,PROD-D40,76.8,8.65,1250,1.86,53.9,Op-Elena,Morning,2026-02-13 11:29,0,None,PASS
BAT-13726,M-05,Line-3,PROD-C30,72.2,8.99,1241,2.03,41.8,Op-Bob,Morning,2026-04-05 11:29,0,None,PASS
BAT-13727,M-03,Line-2,PROD-B20,76.4,8.23,1247,2.84,46.8,Op-Alice,Afternoon,2026-07-09 11:29,0,None,PASS
BAT-13728,M-07,Line-4,PROD-D40,73.6,5.17,1293,4.05,50.3,Op-Elena,Afternoon,2026-06-06 11:29,1,Dimensional Deviation,SCRAP
BAT-13729,M-01,Line-1,PROD-D40,79.7,7.93,1266,2.71,46.1,Op-David,Night,2026-08-03 11:29,0,None,PASS
BAT-13730,M-07,Line-4,PROD-A10,82.9,5.3,1372,3.6,57.4,Op-Bob,Night,2026-05-14 11:29,0,None,PASS
BAT-13731,M-03,Line-2,PROD-A10,73.8,8.86,1204,2.37,48.9,Op-Charlie,Morning,2026-03-11 11:29,0,None,PASS
BAT-13732,M-05,Line-3,PROD-B20,76.0,8.5,1204,2.33,48.6,Op-David,Morning,2026-02-11 11:29,0,None,PASS
BAT-13733,M-01,Line-1,PROD-B20,77.0,8.75,1224,2.21,47.8,Op-Bob,Afternoon,2026-02-21 11:29,0,None,PASS
BAT-13734,M-05,Line-3,PROD-B20,71.2,7.93,1237,2.4,51.2,Op-Charlie,Morning,2026-08-08 11:29,0,None,PASS
BAT-13735,M-02,Line-1,PROD-B20,70.9,8.61,1200,2.33,46.0,Op-Elena,Morning,2026-04-24 11:29,0,None,PASS
BAT-13736,M-05,Line-3,PROD-A10,73.1,7.89,1188,2.16,50.7,Op-Bob,Morning,2026-02-12 11:29,0,None,PASS
BAT-13737,M-02,Line-1,PROD-D40,70.1,8.78,1175,1.61,50.7,Op-Elena,Morning,2026-02-13 11:29,0,None,PASS
BAT-13738,M-04,Line-2,PROD-A10,88.9,9.48,1358,3.34,71.3,Op-Bob,Morning,2026-05-15 11:29,0,None,PASS
BAT-13739,M-07,Line-4,PROD-D40,78.8,3.84,1331,2.68,62.6,Op-Frank,Afternoon,2026-06-30 11:29,0,None,PASS
BAT-13740,M-05,Line-3,PROD-D40,73.1,8.3,1207,2.03,46.9,Op-Frank,Morning,2026-04-10 11:29,0,None,PASS
BAT-13741,M-06,Line-3,PROD-B20,80.6,9.43,1242,2.15,46.6,Op-Charlie,Night,2026-03-05 11:29,0,None,PASS
BAT-13742,M-06,Line-3,PROD-A10,71.9,9.32,1223,2.58,45.1,Op-Alice,Afternoon,2026-06-17 11:29,0,None,PASS
BAT-13743,M-03,Line-2,PROD-D40,77.4,9.51,1177,2.23,47.4,Op-Elena,Night,2026-05-29 11:29,0,None,PASS
BAT-13744,M-02,Line-1,PROD-C30,75.1,8.05,1215,2.73,47.8,Op-David,Morning,2026-07-01 11:29,0,None,PASS
BAT-13745,M-02,Line-1,PROD-B20,73.8,7.57,1216,1.76,52.7,Op-Elena,Morning,2026-06-04 11:29,0,None,PASS
BAT-13746,M-06,Line-3,PROD-A10,75.1,9.33,1199,1.53,50.8,Op-Bob,Morning,2026-07-11 11:29,0,None,PASS
BAT-13747,M-08,Line-4,PROD-A10,74.2,9.26,1225,2.26,45.2,Op-Charlie,Afternoon,2026-04-17 11:29,0,None,PASS
BAT-13748,M-01,Line-1,PROD-D40,76.1,7.91,1193,2.14,44.1,Op-Bob,Morning,2026-05-19 11:29,1,Color Variance,SCRAP
BAT-13749,M-07,Line-4,PROD-C30,76.7,3.92,1381,1.81,46.6,Op-Charlie,Afternoon,2026-06-08 11:29,1,Dimensional Deviation,REWORK
BAT-13750,M-02,Line-1,PROD-D40,74.2,8.66,1219,1.7,36.4,Op-Alice,Morning,2026-06-07 11:29,0,None,PASS
BAT-13751,M-08,Line-4,PROD-A10,77.7,8.99,1259,2.33,51.5,Op-Charlie,Afternoon,2026-04-18 11:29,0,None,PASS
BAT-13752,M-08,Line-4,PROD-B20,75.5,8.81,1151,1.77,52.3,Op-David,Night,2026-02-25 11:29,0,None,PASS
BAT-13753,M-08,Line-4,PROD-C30,75.9,8.57,1195,1.78,42.9,Op-Charlie,Morning,2026-06-25 11:29,1,Dimensional Deviation,SCRAP
BAT-13754,M-05,Line-3,PROD-A10,76.5,8.1,1214,2.22,44.7,Op-Charlie,Night,2026-05-04 11:29,0,None,PASS
BAT-13755,M-03,Line-2,PROD-D40,71.1,8.5,1215,1.57,49.1,Op-Alice,Morning,2026-07-04 11:29,0,None,PASS
BAT-13756,M-05,Line-3,PROD-D40,78.4,8.33,1201,2.34,47.3,Op-Frank,Night,2026-05-24 11:29,0,None,PASS
BAT-13757,M-08,Line-4,PROD-B20,76.2,8.6,1246,2.33,44.7,Op-Elena,Night,2026-04-27 11:29,0,None,PASS
BAT-13758,M-08,Line-4,PROD-D40,74.1,8.2,1193,1.39,45.3,Op-David,Afternoon,2026-03-16 11:29,1,Porosity,SCRAP
BAT-13759,M-03,Line-2,PROD-D40,76.6,8.88,1236,2.11,41.6,Op-Alice,Night,2026-04-03 11:29,0,None,PASS
BAT-13760,M-04,Line-2,PROD-D40,87.0,9.84,1442,4.79,59.9,Op-David,Afternoon,2026-08-06 11:29,1,Surface Crack,SCRAP
BAT-13761,M-04,Line-2,PROD-D40,90.1,7.58,1414,4.36,55.7,Op-Frank,Night,2026-06-11 11:29,1,Surface Crack,REWORK
BAT-13762,M-01,Line-1,PROD-C30,73.4,8.56,1186,1.87,49.9,Op-Elena,Night,2026-05-21 11:29,0,None,PASS
BAT-13763,M-04,Line-2,PROD-B20,83.5,10.37,1540,4.9,60.0,Op-Alice,Night,2026-05-06 11:29,1,Surface Crack,SCRAP
BAT-13764,M-05,Line-3,PROD-A10,74.2,9.28,1234,1.9,49.2,Op-Charlie,Morning,2026-08-04 11:29,0,None,PASS
BAT-13765,M-03,Line-2,PROD-D40,77.8,8.72,1245,2.2,51.8,Op-Bob,Night,2026-05-28 11:29,0,None,PASS
BAT-13766,M-06,Line-3,PROD-D40,72.2,7.8,1243,2.27,58.7,Op-David,Afternoon,2026-02-12 11:29,0,None,PASS
BAT-13767,M-06,Line-3,PROD-D40,71.9,8.84,1281,1.75,39.9,Op-David,Morning,2026-06-11 11:29,0,None,PASS
BAT-13768,M-08,Line-4,PROD-D40,75.8,8.8,1268,2.03,48.6,Op-Frank,Afternoon,2026-05-09 11:29,0,None,PASS
BAT-13769,M-07,Line-4,PROD-A10,80.3,4.5,1417,3.11,54.4,Op-Elena,Night,2026-02-17 11:29,1,Dimensional Deviation,SCRAP
BAT-13770,M-05,Line-3,PROD-B20,72.1,8.37,1201,2.24,57.0,Op-Bob,Afternoon,2026-04-04 11:29,0,None,PASS
BAT-13771,M-03,Line-2,PROD-D40,78.7,8.75,1255,2.36,41.5,Op-Frank,Morning,2026-03-28 11:29,0,None,PASS
BAT-13772,M-03,Line-2,PROD-B20,79.0,8.26,1133,2.91,45.9,Op-Frank,Morning,2026-06-13 11:29,0,None,PASS
BAT-13773,M-02,Line-1,PROD-D40,73.1,8.61,1259,1.95,45.6,Op-Charlie,Night,2026-06-15 11:29,0,None,PASS
BAT-13774,M-02,Line-1,PROD-D40,72.7,8.95,1138,1.55,51.6,Op-Alice,Afternoon,2026-03-24 11:29,0,None,PASS
BAT-13775,M-05,Line-3,PROD-B20,77.1,9.03,1188,2.09,53.2,Op-Elena,Night,2026-05-16 11:29,0,None,PASS
BAT-13776,M-05,Line-3,PROD-D40,75.9,8.71,1195,2.32,53.0,Op-Elena,Night,2026-04-10 11:29,0,None,PASS
BAT-13777,M-03,Line-2,PROD-A10,73.3,8.33,1265,2.11,42.4,Op-David,Night,2026-02-12 11:29,0,None,PASS
BAT-13778,M-03,Line-2,PROD-B20,73.0,8.65,1134,1.84,48.7,Op-Alice,Morning,2026-05-26 11:29,0,None,PASS
BAT-13779,M-01,Line-1,PROD-A10,73.8,8.76,1216,2.41,49.8,Op-Charlie,Morning,2026-08-02 11:29,0,None,PASS
BAT-13780,M-08,Line-4,PROD-A10,71.6,7.9,1157,2.0,44.8,Op-Alice,Afternoon,2026-06-29 11:29,1,Surface Crack,REWORK
BAT-13781,M-01,Line-1,PROD-B20,76.6,8.71,1189,1.55,57.1,Op-Alice,Afternoon,2026-03-31 11:29,0,None,PASS
BAT-13782,M-01,Line-1,PROD-C30,74.4,9.08,1210,1.44,51.3,Op-Frank,Morning,2026-02-18 11:29,0,None,PASS
BAT-13783,M-04,Line-2,PROD-B20,73.5,11.74,1448,5.17,72.7,Op-Bob,Afternoon,2026-06-07 11:29,1,Dimensional Deviation,SCRAP
BAT-13784,M-07,Line-4,PROD-B20,77.3,9.03,1401,2.38,50.4,Op-Alice,Afternoon,2026-03-22 11:29,0,None,PASS
BAT-13785,M-08,Line-4,PROD-D40,74.7,8.91,1178,2.12,50.6,Op-Bob,Night,2026-02-11 11:29,0,None,PASS
BAT-13786,M-01,Line-1,PROD-D40,68.0,9.66,1169,2.32,50.8,Op-Charlie,Afternoon,2026-02-25 11:29,0,None,PASS
BAT-13787,M-06,Line-3,PROD-C30,75.6,7.92,1167,1.85,50.4,Op-Alice,Night,2026-07-14 11:29,0,None,PASS
BAT-13788,M-04,Line-2,PROD-B20,86.6,10.73,1505,4.58,78.6,Op-David,Night,2026-03-22 11:29,0,None,PASS
BAT-13789,M-08,Line-4,PROD-B20,74.5,8.7,1234,2.37,45.3,Op-Elena,Morning,2026-03-22 11:29,0,None,PASS
BAT-13790,M-02,Line-1,PROD-D40,69.8,8.91,1239,1.81,45.1,Op-Bob,Afternoon,2026-07-26 11:29,1,Contamination,SCRAP
BAT-13791,M-01,Line-1,PROD-B20,77.0,8.94,1250,2.69,47.0,Op-David,Night,2026-05-28 11:29,0,None,PASS
BAT-13792,M-06,Line-3,PROD-B20,75.2,8.64,1239,2.23,51.8,Op-David,Morning,2026-07-01 11:29,0,None,PASS
BAT-13793,M-06,Line-3,PROD-B20,73.3,8.94,1179,2.18,53.3,Op-Elena,Afternoon,2026-04-18 11:29,0,None,PASS
BAT-13794,M-06,Line-3,PROD-A10,73.0,8.27,1177,2.63,47.4,Op-David,Night,2026-02-10 11:29,0,None,PASS
BAT-13795,M-07,Line-4,PROD-C30,76.2,6.59,1188,1.96,55.4,Op-Alice,Afternoon,2026-06-16 11:29,0,None,PASS
BAT-13796,M-07,Line-4,PROD-A10,77.2,5.88,1482,3.31,55.1,Op-Bob,Morning,2026-06-29 11:29,1,Dimensional Deviation,SCRAP
BAT-13797,M-02,Line-1,PROD-B20,73.5,8.96,1200,1.98,40.3,Op-Elena,Morning,2026-03-24 11:29,0,None,PASS
BAT-13798,M-02,Line-1,PROD-C30,73.8,8.05,1152,2.29,48.0,Op-Charlie,Morning,2026-07-18 11:29,1,Color Variance,REWORK
BAT-13799,M-01,Line-1,PROD-B20,74.1,8.74,1223,2.08,58.3,Op-Bob,Morning,2026-05-10 11:29,0,None,PASS
BAT-13800,M-04,Line-2,PROD-B20,82.2,11.36,1556,3.51,69.8,Op-Bob,Morning,2026-03-24 11:29,1,Dimensional Deviation,REWORK
BAT-13801,M-03,Line-2,PROD-C30,78.0,7.84,1159,1.95,45.9,Op-Frank,Afternoon,2026-05-09 11:29,0,None,PASS
BAT-13802,M-01,Line-1,PROD-A10,77.5,7.86,1144,2.5,51.0,Op-Elena,Night,2026-04-08 11:29,0,None,PASS
BAT-13803,M-05,Line-3,PROD-C30,76.2,8.93,1212,1.55,47.7,Op-Frank,Night,2026-02-18 11:29,0,None,PASS
BAT-13804,M-07,Line-4,PROD-C30,73.2,4.74,1455,2.64,47.2,Op-Frank,Morning,2026-07-19 11:29,1,Dimensional Deviation,SCRAP
BAT-13805,M-04,Line-2,PROD-B20,91.0,9.81,1261,5.25,66.3,Op-Charlie,Morning,2026-05-21 11:29,1,Surface Crack,REWORK
BAT-13806,M-03,Line-2,PROD-A10,76.2,8.76,1253,1.55,46.0,Op-Elena,Morning,2026-05-09 11:29,0,None,PASS
BAT-13807,M-04,Line-2,PROD-A10,83.0,10.01,1418,5.18,79.2,Op-Bob,Afternoon,2026-04-20 11:29,1,Surface Crack,SCRAP
BAT-13808,M-01,Line-1,PROD-D40,79.7,8.59,1186,2.42,49.8,Op-Charlie,Night,2026-05-21 11:29,0,None,PASS
BAT-13809,M-03,Line-2,PROD-A10,73.4,8.3,1130,2.64,54.1,Op-Alice,Morning,2026-04-13 11:29,0,None,PASS
BAT-13810,M-07,Line-4,PROD-B20,81.5,7.52,1354,3.6,51.5,Op-Alice,Afternoon,2026-06-07 11:29,0,None,PASS
BAT-13811,M-06,Line-3,PROD-C30,76.2,8.92,1204,2.34,47.9,Op-Bob,Morning,2026-02-13 11:29,0,None,PASS
BAT-13812,M-05,Line-3,PROD-A10,76.6,8.88,1187,2.41,49.6,Op-Elena,Morning,2026-06-04 11:29,0,None,PASS
BAT-13813,M-02,Line-1,PROD-B20,72.6,8.59,1272,2.41,52.9,Op-Bob,Afternoon,2026-06-04 11:29,0,None,PASS
BAT-13814,M-04,Line-2,PROD-A10,83.9,9.15,1367,5.13,66.7,Op-David,Afternoon,2026-04-10 11:29,1,Surface Crack,REWORK
BAT-13815,M-07,Line-4,PROD-C30,81.4,4.79,1334,3.54,53.8,Op-David,Afternoon,2026-03-20 11:29,0,None,PASS
BAT-13816,M-07,Line-4,PROD-C30,82.1,8.3,1376,3.52,48.5,Op-David,Morning,2026-03-18 11:29,0,None,PASS
BAT-13817,M-07,Line-4,PROD-A10,78.6,8.51,1577,3.11,46.8,Op-David,Morning,2026-02-16 11:29,1,Dimensional Deviation,REWORK
BAT-13818,M-05,Line-3,PROD-C30,78.5,8.35,1171,2.49,49.2,Op-Bob,Afternoon,2026-02-25 11:29,0,None,PASS
BAT-13819,M-02,Line-1,PROD-A10,75.4,8.48,1188,2.77,52.0,Op-Charlie,Night,2026-04-09 11:29,0,None,PASS
BAT-13820,M-06,Line-3,PROD-A10,71.8,8.52,1123,2.74,53.5,Op-Charlie,Morning,2026-04-20 11:29,0,None,PASS
BAT-13821,M-03,Line-2,PROD-A10,73.3,7.94,1192,2.07,45.1,Op-Elena,Night,2026-03-08 11:29,0,None,PASS
BAT-13822,M-01,Line-1,PROD-D40,76.5,9.06,1185,2.42,45.1,Op-David,Night,2026-06-08 11:29,0,None,PASS
BAT-13823,M-05,Line-3,PROD-D40,73.2,8.9,1145,2.07,48.0,Op-Elena,Morning,2026-05-16 11:29,0,None,PASS
BAT-13824,M-05,Line-3,PROD-B20,77.1,8.31,1131,2.24,44.9,Op-Bob,Morning,2026-06-18 11:29,0,None,PASS
BAT-13825,M-05,Line-3,PROD-C30,76.6,8.06,1138,2.5,48.3,Op-Frank,Night,2026-03-10 11:29,0,None,PASS
BAT-13826,M-01,Line-1,PROD-C30,76.4,8.8,1293,1.61,55.9,Op-Elena,Afternoon,2026-06-16 11:29,1,Porosity,SCRAP
BAT-13827,M-04,Line-2,PROD-B20,86.5,11.31,1433,3.46,63.8,Op-Bob,Morning,2026-07-10 11:29,1,Dimensional Deviation,REWORK
BAT-13828,M-06,Line-3,PROD-A10,77.0,9.35,1192,1.86,42.3,Op-Charlie,Night,2026-02-24 11:29,0,None,PASS
BAT-13829,M-08,Line-4,PROD-C30,74.7,8.62,1191,1.83,47.9,Op-David,Afternoon,2026-02-24 11:29,0,None,PASS
BAT-13830,M-06,Line-3,PROD-C30,78.2,9.04,1160,3.09,44.5,Op-Frank,Night,2026-06-25 11:29,0,None,PASS
BAT-13831,M-03,Line-2,PROD-C30,74.3,8.87,1216,1.48,47.6,Op-Frank,Afternoon,2026-06-12 11:29,0,None,PASS
BAT-13832,M-03,Line-2,PROD-A10,76.2,10.0,1215,2.36,48.8,Op-Frank,Night,2026-04-19 11:29,0,None,PASS
BAT-13833,M-03,Line-2,PROD-B20,72.5,8.58,1140,1.54,50.0,Op-Charlie,Afternoon,2026-04-06 11:29,0,None,PASS
BAT-13834,M-06,Line-3,PROD-C30,75.0,7.62,1158,2.03,48.5,Op-Alice,Night,2026-05-21 11:29,0,None,PASS
BAT-13835,M-03,Line-2,PROD-B20,72.3,7.92,1237,2.32,50.2,Op-Bob,Afternoon,2026-02-12 11:29,0,None,PASS
BAT-13836,M-03,Line-2,PROD-C30,75.0,9.27,1218,2.35,46.7,Op-Frank,Night,2026-07-22 11:29,0,None,PASS
BAT-13837,M-05,Line-3,PROD-D40,74.0,8.54,1150,3.02,47.2,Op-Bob,Night,2026-05-26 11:29,0,None,PASS
BAT-13838,M-05,Line-3,PROD-B20,77.9,8.97,1231,2.31,45.0,Op-Frank,Morning,2026-03-05 11:29,0,None,PASS
BAT-13839,M-03,Line-2,PROD-B20,75.8,8.93,1159,1.67,50.2,Op-Bob,Afternoon,2026-03-04 11:29,0,None,PASS
BAT-13840,M-03,Line-2,PROD-A10,72.3,8.16,1210,1.95,50.7,Op-Alice,Night,2026-08-08 11:29,0,None,PASS
BAT-13841,M-07,Line-4,PROD-B20,81.3,6.71,1373,2.89,51.9,Op-Frank,Afternoon,2026-02-20 11:29,1,Dimensional Deviation,REWORK
BAT-13842,M-05,Line-3,PROD-C30,75.8,8.41,1234,1.61,41.4,Op-Alice,Night,2026-05-13 11:29,0,None,PASS
BAT-13843,M-03,Line-2,PROD-A10,77.8,7.87,1215,2.03,51.2,Op-David,Afternoon,2026-07-25 11:29,0,None,PASS
BAT-13844,M-04,Line-2,PROD-A10,88.9,8.72,1320,7.47,58.9,Op-Alice,Night,2026-03-03 11:29,1,Surface Crack,REWORK
BAT-13845,M-04,Line-2,PROD-B20,88.1,8.19,1474,6.07,56.3,Op-Bob,Morning,2026-04-27 11:29,1,Surface Crack,REWORK
BAT-13846,M-04,Line-2,PROD-D40,84.7,11.39,1424,5.06,71.6,Op-Alice,Night,2026-02-21 11:29,1,Surface Crack,REWORK
BAT-13847,M-03,Line-2,PROD-D40,79.9,9.22,1241,1.78,45.3,Op-David,Night,2026-02-19 11:29,0,None,PASS
BAT-13848,M-05,Line-3,PROD-D40,76.7,8.72,1271,1.46,40.8,Op-Alice,Night,2026-05-28 11:29,0,None,PASS
BAT-13849,M-01,Line-1,PROD-D40,71.9,8.81,1168,2.37,53.3,Op-David,Morning,2026-05-21 11:29,0,None,PASS
BAT-13850,M-06,Line-3,PROD-A10,76.0,8.45,1140,2.71,44.0,Op-Alice,Night,2026-05-04 11:29,0,None,PASS
BAT-13851,M-03,Line-2,PROD-B20,74.4,8.98,1265,2.72,48.0,Op-Charlie,Afternoon,2026-03-05 11:29,0,None,PASS
BAT-13852,M-07,Line-4,PROD-B20,77.5,7.91,1386,3.36,54.8,Op-Bob,Night,2026-03-10 11:29,1,Dimensional Deviation,SCRAP
BAT-13853,M-04,Line-2,PROD-D40,79.8,9.23,1493,3.71,75.3,Op-Alice,Morning,2026-07-24 11:29,0,None,PASS
BAT-13854,M-05,Line-3,PROD-C30,73.8,8.63,1199,2.3,46.0,Op-Frank,Morning,2026-06-01 11:29,0,None,PASS
BAT-13855,M-04,Line-2,PROD-A10,84.0,8.0,1465,2.05,53.3,Op-David,Afternoon,2026-04-21 11:29,0,None,PASS
BAT-13856,M-05,Line-3,PROD-A10,77.3,9.18,1213,2.03,48.3,Op-Frank,Morning,2026-06-07 11:29,0,None,PASS
BAT-13857,M-08,Line-4,PROD-D40,74.4,8.61,1209,1.96,45.3,Op-Elena,Afternoon,2026-06-12 11:29,0,None,PASS
BAT-13858,M-01,Line-1,PROD-D40,75.5,8.27,1194,1.6,41.4,Op-Frank,Morning,2026-04-15 11:29,0,None,PASS
BAT-13859,M-03,Line-2,PROD-A10,76.3,9.21,1183,2.57,51.1,Op-Charlie,Afternoon,2026-02-27 11:29,0,None,PASS
BAT-13860,M-06,Line-3,PROD-A10,74.5,8.39,1168,2.05,41.0,Op-Elena,Night,2026-06-02 11:29,1,Surface Crack,SCRAP
BAT-13861,M-08,Line-4,PROD-B20,74.4,8.63,1214,2.18,46.8,Op-Bob,Afternoon,2026-08-07 11:29,0,None,PASS
BAT-13862,M-03,Line-2,PROD-C30,73.6,8.91,1267,2.67,49.2,Op-Elena,Morning,2026-06-03 11:29,0,None,PASS
BAT-13863,M-05,Line-3,PROD-A10,75.6,9.16,1143,1.55,47.3,Op-David,Morning,2026-04-07 11:29,0,None,PASS
BAT-13864,M-07,Line-4,PROD-C30,83.8,4.19,1383,2.83,57.7,Op-Bob,Night,2026-05-20 11:29,0,None,PASS
BAT-13865,M-08,Line-4,PROD-A10,70.9,7.74,1128,2.78,39.7,Op-Bob,Afternoon,2026-04-26 11:29,0,None,PASS
BAT-13866,M-06,Line-3,PROD-B20,77.6,9.1,1161,2.37,50.3,Op-David,Morning,2026-05-28 11:29,0,None,PASS
BAT-13867,M-01,Line-1,PROD-C30,77.3,8.33,1160,3.13,47.6,Op-Frank,Afternoon,2026-03-26 11:29,0,None,PASS
BAT-13868,M-07,Line-4,PROD-C30,75.6,7.23,1188,3.72,59.8,Op-Alice,Night,2026-02-13 11:29,0,None,PASS
BAT-13869,M-01,Line-1,PROD-C30,70.8,7.94,1134,2.91,49.0,Op-Bob,Night,2026-05-07 11:29,0,None,PASS
BAT-13870,M-06,Line-3,PROD-D40,76.1,8.58,1162,1.63,48.9,Op-Frank,Afternoon,2026-03-26 11:29,0,None,PASS
BAT-13871,M-05,Line-3,PROD-B20,74.3,8.55,1223,2.51,40.2,Op-Charlie,Night,2026-07-14 11:29,1,Surface Crack,REWORK
BAT-13872,M-04,Line-2,PROD-D40,90.9,8.29,1399,3.03,63.7,Op-Elena,Morning,2026-04-18 11:29,1,Dimensional Deviation,REWORK
BAT-13873,M-08,Line-4,PROD-D40,73.9,8.97,1215,2.47,47.9,Op-Frank,Morning,2026-04-26 11:29,0,None,PASS
BAT-13874,M-05,Line-3,PROD-C30,72.8,8.89,1221,2.24,52.2,Op-Bob,Afternoon,2026-02-23 11:29,0,None,PASS
BAT-13875,M-07,Line-4,PROD-A10,77.6,7.57,1304,3.25,46.1,Op-Elena,Afternoon,2026-07-26 11:29,0,None,PASS
BAT-13876,M-06,Line-3,PROD-D40,77.5,7.96,1280,2.13,51.7,Op-Charlie,Afternoon,2026-06-09 11:29,0,None,PASS
BAT-13877,M-07,Line-4,PROD-B20,79.1,6.92,1343,3.78,60.1,Op-David,Night,2026-02-27 11:29,1,Dimensional Deviation,REWORK
BAT-13878,M-02,Line-1,PROD-C30,74.3,8.74,1249,2.54,49.2,Op-Elena,Night,2026-07-15 11:29,0,None,PASS
BAT-13879,M-01,Line-1,PROD-B20,73.3,8.52,1212,1.78,40.9,Op-David,Afternoon,2026-08-07 11:29,0,None,PASS
BAT-13880,M-02,Line-1,PROD-A10,74.1,8.55,1141,2.05,49.4,Op-Elena,Afternoon,2026-05-06 11:29,1,Porosity,SCRAP
BAT-13881,M-07,Line-4,PROD-A10,80.1,6.88,1424,2.96,54.5,Op-Charlie,Morning,2026-05-14 11:29,1,Dimensional Deviation,SCRAP
BAT-13882,M-01,Line-1,PROD-C30,71.7,9.1,1174,1.95,47.0,Op-Alice,Morning,2026-04-14 11:29,0,None,PASS
BAT-13883,M-07,Line-4,PROD-B20,65.8,7.28,1418,2.15,57.1,Op-Bob,Morning,2026-05-22 11:29,0,None,PASS
BAT-13884,M-08,Line-4,PROD-B20,77.5,8.33,1261,1.58,46.6,Op-Alice,Afternoon,2026-06-10 11:29,0,None,PASS
BAT-13885,M-02,Line-1,PROD-B20,76.8,9.2,1227,2.02,53.0,Op-Bob,Night,2026-03-28 11:29,0,None,PASS
BAT-13886,M-08,Line-4,PROD-C30,76.1,9.03,1214,2.68,50.4,Op-Alice,Night,2026-02-14 11:29,0,None,PASS
BAT-13887,M-08,Line-4,PROD-D40,70.6,7.86,1209,2.13,44.9,Op-Charlie,Morning,2026-06-18 11:29,0,None,PASS
BAT-13888,M-01,Line-1,PROD-D40,70.6,7.73,1158,2.24,44.6,Op-David,Morning,2026-07-06 11:29,0,None,PASS
BAT-13889,M-05,Line-3,PROD-B20,72.4,8.52,1220,2.17,44.7,Op-Frank,Night,2026-08-06 11:29,0,None,PASS
BAT-13890,M-08,Line-4,PROD-D40,79.7,8.26,1163,2.65,49.2,Op-Alice,Night,2026-05-01 11:29,0,None,PASS
BAT-13891,M-06,Line-3,PROD-A10,73.0,8.71,1175,1.79,52.9,Op-Frank,Night,2026-04-28 11:29,0,None,PASS
BAT-13892,M-03,Line-2,PROD-A10,77.2,9.07,1189,1.52,45.5,Op-Frank,Afternoon,2026-02-25 11:29,0,None,PASS
BAT-13893,M-07,Line-4,PROD-A10,84.2,5.34,1353,2.63,54.0,Op-Elena,Afternoon,2026-08-03 11:29,0,None,PASS
BAT-13894,M-01,Line-1,PROD-D40,77.1,9.14,1235,2.19,55.7,Op-David,Morning,2026-03-29 11:29,0,None,PASS
BAT-13895,M-02,Line-1,PROD-D40,76.1,8.4,1198,1.16,40.4,Op-Bob,Night,2026-08-02 11:29,0,None,PASS
BAT-13896,M-01,Line-1,PROD-D40,73.1,8.97,1275,2.62,51.6,Op-Bob,Night,2026-07-08 11:29,0,None,PASS
BAT-13897,M-02,Line-1,PROD-B20,73.0,9.16,1215,1.54,41.8,Op-David,Morning,2026-07-03 11:29,0,None,PASS
BAT-13898,M-06,Line-3,PROD-B20,74.7,9.05,1186,1.65,52.9,Op-Bob,Afternoon,2026-03-05 11:29,0,None,PASS
BAT-13899,M-01,Line-1,PROD-D40,71.2,8.52,1320,2.23,41.6,Op-Charlie,Night,2026-04-18 11:29,0,None,PASS
BAT-13900,M-05,Line-3,PROD-B20,73.4,8.67,1198,2.03,43.6,Op-Alice,Morning,2026-08-07 11:29,0,None,PASS
BAT-13901,M-04,Line-2,PROD-A10,89.3,9.18,1402,5.07,61.4,Op-Frank,Morning,2026-05-04 11:29,1,Surface Crack,SCRAP
BAT-13902,M-01,Line-1,PROD-A10,74.5,9.29,1227,2.19,46.1,Op-Charlie,Afternoon,2026-07-04 11:29,0,None,PASS
BAT-13903,M-07,Line-4,PROD-D40,72.7,5.89,1384,3.09,56.2,Op-Alice,Afternoon,2026-07-13 11:29,1,Dimensional Deviation,SCRAP
BAT-13904,M-08,Line-4,PROD-B20,72.0,8.4,1154,1.9,44.3,Op-Alice,Afternoon,2026-04-17 11:29,0,None,PASS
BAT-13905,M-03,Line-2,PROD-C30,75.4,9.07,1259,2.34,50.8,Op-Bob,Night,2026-06-21 11:29,0,None,PASS
BAT-13906,M-05,Line-3,PROD-B20,75.7,8.54,1125,2.57,49.3,Op-Alice,Night,2026-03-19 11:29,0,None,PASS
BAT-13907,M-02,Line-1,PROD-D40,73.5,9.19,1212,2.33,48.1,Op-Frank,Night,2026-03-10 11:29,0,None,PASS
BAT-13908,M-01,Line-1,PROD-D40,76.3,8.87,1235,1.78,50.5,Op-Frank,Afternoon,2026-07-24 11:29,0,None,PASS
BAT-13909,M-04,Line-2,PROD-A10,84.8,9.81,1425,5.24,68.9,Op-Charlie,Night,2026-06-25 11:29,1,Surface Crack,SCRAP
BAT-13910,M-01,Line-1,PROD-A10,75.3,9.26,1209,2.23,49.5,Op-David,Night,2026-04-15 11:29,0,None,PASS
BAT-13911,M-03,Line-2,PROD-A10,77.1,8.72,1172,2.17,46.1,Op-Charlie,Morning,2026-04-02 11:29,0,None,PASS
BAT-13912,M-01,Line-1,PROD-A10,76.0,8.47,1075,2.34,49.0,Op-David,Morning,2026-07-13 11:29,0,None,PASS
BAT-13913,M-07,Line-4,PROD-C30,78.3,4.06,1349,3.94,51.9,Op-Alice,Afternoon,2026-02-22 11:29,1,Dimensional Deviation,REWORK
BAT-13914,M-01,Line-1,PROD-A10,72.3,8.34,1180,2.47,48.0,Op-David,Morning,2026-05-23 11:29,0,None,PASS
BAT-13915,M-03,Line-2,PROD-D40,73.9,7.39,1186,1.5,48.9,Op-Elena,Morning,2026-07-26 11:29,0,None,PASS
BAT-13916,M-05,Line-3,PROD-C30,71.6,9.41,1209,1.68,43.5,Op-Elena,Afternoon,2026-02-17 11:29,0,None,PASS
BAT-13917,M-01,Line-1,PROD-D40,75.2,8.17,1259,1.7,50.4,Op-Bob,Night,2026-06-19 11:29,0,None,PASS
BAT-13918,M-06,Line-3,PROD-B20,74.8,8.55,1222,2.23,47.2,Op-Frank,Night,2026-06-09 11:29,0,None,PASS
BAT-13919,M-02,Line-1,PROD-A10,74.8,9.42,1253,1.46,53.3,Op-David,Night,2026-02-10 11:29,0,None,PASS
BAT-13920,M-02,Line-1,PROD-D40,73.1,7.81,1214,2.1,49.5,Op-Alice,Morning,2026-06-10 11:29,0,None,PASS
BAT-13921,M-03,Line-2,PROD-A10,76.4,8.07,1222,2.48,41.3,Op-Elena,Morning,2026-06-25 11:29,0,None,PASS
BAT-13922,M-01,Line-1,PROD-B20,71.8,8.22,1219,2.15,57.4,Op-Elena,Morning,2026-06-06 11:29,0,None,PASS
BAT-13923,M-03,Line-2,PROD-D40,75.4,8.01,1207,2.36,41.4,Op-Bob,Night,2026-04-18 11:29,0,None,PASS
BAT-13924,M-04,Line-2,PROD-C30,80.8,10.59,1514,4.54,66.2,Op-Elena,Afternoon,2026-07-21 11:29,1,Surface Crack,SCRAP
BAT-13925,M-06,Line-3,PROD-D40,80.1,9.45,1156,2.6,46.4,Op-Alice,Morning,2026-03-27 11:29,1,Color Variance,SCRAP
BAT-13926,M-03,Line-2,PROD-C30,75.6,8.1,1285,2.31,50.6,Op-Bob,Night,2026-05-16 11:29,0,None,PASS
BAT-13927,M-01,Line-1,PROD-A10,75.2,8.7,1252,2.51,44.4,Op-Bob,Morning,2026-06-07 11:29,0,None,PASS
BAT-13928,M-01,Line-1,PROD-B20,70.5,8.69,1212,1.9,46.1,Op-Elena,Afternoon,2026-07-05 11:29,0,None,PASS
BAT-13929,M-01,Line-1,PROD-B20,69.9,7.96,1192,2.16,51.2,Op-Elena,Afternoon,2026-07-26 11:29,0,None,PASS
BAT-13930,M-01,Line-1,PROD-B20,71.1,9.39,1305,1.27,49.7,Op-Charlie,Morning,2026-05-17 11:29,0,None,PASS
BAT-13931,M-05,Line-3,PROD-A10,69.4,8.98,1153,1.96,47.7,Op-Charlie,Afternoon,2026-04-07 11:29,0,None,PASS
BAT-13932,M-07,Line-4,PROD-C30,80.1,6.21,1394,3.31,54.6,Op-Elena,Morning,2026-08-08 11:29,0,None,PASS
BAT-13933,M-08,Line-4,PROD-C30,75.2,8.99,1275,3.04,53.4,Op-Charlie,Night,2026-02-14 11:29,0,None,PASS
BAT-13934,M-07,Line-4,PROD-C30,81.1,7.44,1359,3.26,55.5,Op-Elena,Night,2026-03-19 11:29,0,None,PASS
BAT-13935,M-08,Line-4,PROD-D40,75.7,8.52,1198,2.39,55.1,Op-Bob,Night,2026-05-15 11:29,0,None,PASS
BAT-13936,M-07,Line-4,PROD-D40,79.5,6.64,1333,3.53,58.7,Op-Bob,Morning,2026-03-14 11:29,1,Dimensional Deviation,REWORK
BAT-13937,M-07,Line-4,PROD-D40,74.3,4.55,1453,2.16,54.8,Op-Elena,Night,2026-06-25 11:29,1,Dimensional Deviation,REWORK
BAT-13938,M-03,Line-2,PROD-C30,73.4,7.89,1242,1.95,41.9,Op-Elena,Afternoon,2026-07-05 11:29,0,None,PASS
BAT-13939,M-03,Line-2,PROD-B20,75.7,8.5,1241,2.93,45.9,Op-Frank,Morning,2026-04-16 11:29,0,None,PASS
BAT-13940,M-07,Line-4,PROD-B20,79.5,5.14,1361,2.64,54.4,Op-Bob,Afternoon,2026-07-04 11:29,0,None,PASS
BAT-13941,M-01,Line-1,PROD-D40,73.4,9.46,1180,2.33,53.4,Op-David,Afternoon,2026-02-28 11:29,0,None,PASS
BAT-13942,M-07,Line-4,PROD-B20,78.2,4.73,1412,4.02,61.9,Op-Bob,Afternoon,2026-05-17 11:29,0,None,PASS
BAT-13943,M-03,Line-2,PROD-B20,72.0,8.51,1165,1.97,50.1,Op-Bob,Afternoon,2026-07-01 11:29,0,None,PASS
BAT-13944,M-07,Line-4,PROD-D40,78.9,3.0,1353,2.78,58.1,Op-Frank,Afternoon,2026-06-05 11:29,0,None,PASS
BAT-13945,M-06,Line-3,PROD-D40,74.0,8.85,1204,1.93,49.7,Op-Alice,Afternoon,2026-03-13 11:29,0,None,PASS
BAT-13946,M-03,Line-2,PROD-A10,76.0,8.24,1145,1.77,46.2,Op-Elena,Afternoon,2026-07-15 11:29,0,None,PASS
BAT-13947,M-02,Line-1,PROD-C30,74.5,8.26,1143,2.41,51.9,Op-Bob,Night,2026-06-25 11:29,0,None,PASS
BAT-13948,M-02,Line-1,PROD-B20,73.1,8.78,1212,1.55,44.2,Op-Bob,Afternoon,2026-02-12 11:29,1,Surface Crack,REWORK
BAT-13949,M-01,Line-1,PROD-D40,72.7,7.81,1159,2.08,50.9,Op-David,Morning,2026-07-17 11:29,0,None,PASS
BAT-13950,M-02,Line-1,PROD-C30,73.1,9.01,1152,2.17,40.6,Op-Frank,Night,2026-07-29 11:29,0,None,PASS
BAT-13951,M-01,Line-1,PROD-C30,73.6,8.8,1182,2.68,50.6,Op-Frank,Night,2026-02-28 11:29,0,None,PASS
BAT-13952,M-02,Line-1,PROD-A10,76.6,7.97,1122,2.34,52.3,Op-Bob,Night,2026-07-07 11:29,0,None,PASS
BAT-13953,M-03,Line-2,PROD-D40,75.1,8.7,1195,2.08,43.2,Op-Bob,Morning,2026-07-11 11:29,0,None,PASS
BAT-13954,M-07,Line-4,PROD-C30,77.1,7.77,1284,2.88,47.2,Op-Frank,Afternoon,2026-04-27 11:29,0,None,PASS
BAT-13955,M-03,Line-2,PROD-C30,78.0,9.01,1193,1.8,49.7,Op-Alice,Afternoon,2026-07-18 11:29,0,None,PASS
BAT-13956,M-03,Line-2,PROD-A10,74.9,8.06,1248,2.01,50.7,Op-Elena,Morning,2026-04-10 11:29,0,None,PASS
BAT-13957,M-04,Line-2,PROD-A10,86.2,9.95,1454,3.56,65.9,Op-Elena,Afternoon,2026-05-30 11:29,1,Dimensional Deviation,SCRAP
BAT-13958,M-02,Line-1,PROD-C30,78.0,7.96,1217,3.32,42.8,Op-Elena,Night,2026-05-23 11:29,0,None,PASS
BAT-13959,M-01,Line-1,PROD-C30,79.9,8.16,1184,2.57,49.1,Op-David,Night,2026-03-15 11:29,0,None,PASS
BAT-13960,M-02,Line-1,PROD-D40,73.9,9.11,1117,2.0,42.6,Op-Frank,Afternoon,2026-04-13 11:29,0,None,PASS
BAT-13961,M-01,Line-1,PROD-D40,75.5,9.08,1206,3.06,51.0,Op-Elena,Afternoon,2026-05-25 11:29,0,None,PASS
BAT-13962,M-07,Line-4,PROD-C30,76.6,6.56,1389,1.96,52.3,Op-David,Morning,2026-07-26 11:29,0,None,PASS
BAT-13963,M-05,Line-3,PROD-A10,74.2,7.92,1214,2.23,51.8,Op-Charlie,Morning,2026-04-29 11:29,0,None,PASS
BAT-13964,M-02,Line-1,PROD-B20,76.3,8.97,1277,1.89,48.0,Op-Charlie,Morning,2026-02-28 11:29,0,None,PASS
BAT-13965,M-08,Line-4,PROD-C30,74.4,8.34,1175,2.89,53.2,Op-David,Morning,2026-02-13 11:29,0,None,PASS
BAT-13966,M-08,Line-4,PROD-D40,75.1,9.32,1225,2.81,50.2,Op-Bob,Night,2026-03-25 11:29,0,None,PASS
BAT-13967,M-06,Line-3,PROD-A10,74.1,9.08,1158,1.68,48.9,Op-Bob,Afternoon,2026-03-04 11:29,0,None,PASS
BAT-13968,M-03,Line-2,PROD-A10,75.6,8.66,1202,2.24,44.7,Op-Bob,Night,2026-05-06 11:29,0,None,PASS
BAT-13969,M-02,Line-1,PROD-B20,74.2,7.63,1184,1.73,49.3,Op-Elena,Afternoon,2026-03-31 11:29,0,None,PASS
BAT-13970,M-01,Line-1,PROD-B20,73.8,8.58,1206,1.74,53.7,Op-Charlie,Night,2026-03-29 11:29,0,None,PASS
BAT-13971,M-05,Line-3,PROD-C30,74.7,8.61,1188,1.94,49.2,Op-David,Afternoon,2026-06-30 11:29,0,None,PASS
BAT-13972,M-05,Line-3,PROD-D40,71.3,7.86,1152,2.41,47.7,Op-David,Morning,2026-06-03 11:29,0,None,PASS
BAT-13973,M-07,Line-4,PROD-B20,77.7,6.35,1402,3.64,50.4,Op-Bob,Afternoon,2026-02-26 11:29,0,None,PASS
BAT-13974,M-01,Line-1,PROD-D40,74.7,8.9,1223,2.25,42.8,Op-David,Afternoon,2026-03-01 11:29,0,None,PASS
BAT-13975,M-02,Line-1,PROD-D40,72.7,8.57,1240,1.67,41.7,Op-Frank,Morning,2026-08-05 11:29,0,None,PASS
BAT-13976,M-06,Line-3,PROD-A10,74.2,9.15,1207,2.03,46.1,Op-David,Night,2026-04-12 11:29,0,None,PASS
BAT-13977,M-03,Line-2,PROD-C30,72.6,8.85,1170,2.05,48.4,Op-Alice,Afternoon,2026-05-11 11:29,0,None,PASS
BAT-13978,M-05,Line-3,PROD-A10,74.3,8.72,1171,1.78,50.8,Op-Elena,Morning,2026-07-02 11:29,0,None,PASS
BAT-13979,M-01,Line-1,PROD-C30,77.0,8.93,1138,2.93,45.6,Op-Charlie,Night,2026-03-02 11:29,0,None,PASS
BAT-13980,M-02,Line-1,PROD-C30,78.1,9.73,1202,1.97,43.9,Op-David,Afternoon,2026-04-20 11:29,0,None,PASS
BAT-13981,M-07,Line-4,PROD-C30,73.4,7.79,1348,3.16,51.4,Op-Bob,Night,2026-07-30 11:29,0,None,PASS
BAT-13982,M-07,Line-4,PROD-A10,83.6,5.9,1478,3.4,54.2,Op-Frank,Afternoon,2026-06-11 11:29,1,Dimensional Deviation,REWORK
BAT-13983,M-04,Line-2,PROD-A10,88.7,9.91,1336,4.68,61.2,Op-Frank,Afternoon,2026-05-02 11:29,0,None,PASS
BAT-13984,M-02,Line-1,PROD-C30,74.5,8.19,1229,2.27,50.6,Op-Alice,Morning,2026-07-14 11:29,0,None,PASS
BAT-13985,M-03,Line-2,PROD-B20,77.8,7.47,1224,2.61,51.4,Op-Alice,Night,2026-02-16 11:29,0,None,PASS
BAT-13986,M-07,Line-4,PROD-D40,83.1,6.49,1315,4.56,56.6,Op-Bob,Night,2026-02-20 11:29,1,Surface Crack,REWORK
BAT-13987,M-07,Line-4,PROD-C30,77.9,5.9,1410,4.05,63.8,Op-Frank,Night,2026-02-15 11:29,1,Dimensional Deviation,REWORK
BAT-13988,M-01,Line-1,PROD-B20,77.7,9.01,1246,2.32,46.2,Op-David,Afternoon,2026-03-22 11:29,0,None,PASS
BAT-13989,M-06,Line-3,PROD-A10,72.4,8.81,1206,1.97,43.2,Op-David,Afternoon,2026-08-06 11:29,0,None,PASS
BAT-13990,M-04,Line-2,PROD-B20,79.0,8.89,1318,6.8,79.3,Op-Frank,Morning,2026-05-08 11:29,0,None,PASS
BAT-13991,M-03,Line-2,PROD-B20,78.3,8.5,1250,1.75,50.1,Op-Alice,Morning,2026-07-14 11:29,0,None,PASS
BAT-13992,M-05,Line-3,PROD-C30,80.4,8.66,1290,2.38,43.8,Op-Alice,Night,2026-06-19 11:29,0,None,PASS
BAT-13993,M-07,Line-4,PROD-D40,77.8,5.95,1245,3.38,50.1,Op-Alice,Night,2026-07-14 11:29,0,None,PASS
BAT-13994,M-01,Line-1,PROD-B20,75.3,8.46,1171,2.47,49.5,Op-Alice,Night,2026-03-12 11:29,0,None,PASS
BAT-13995,M-02,Line-1,PROD-C30,69.4,9.03,1200,2.06,48.5,Op-Bob,Morning,2026-03-05 11:29,0,None,PASS
BAT-13996,M-03,Line-2,PROD-D40,70.7,7.71,1261,1.8,41.4,Op-David,Morning,2026-03-06 11:29,0,None,PASS
BAT-13997,M-05,Line-3,PROD-C30,77.1,8.82,1220,1.97,48.9,Op-Elena,Morning,2026-05-08 11:29,0,None,PASS
BAT-13998,M-07,Line-4,PROD-B20,74.9,6.39,1346,3.67,49.7,Op-Bob,Night,2026-03-12 11:29,1,Dimensional Deviation,SCRAP
BAT-13999,M-01,Line-1,PROD-C30,75.1,7.95,1166,2.18,48.6,Op-David,Night,2026-08-01 11:29,0,None,PASS
BAT-14000,M-03,Line-2,PROD-A10,72.5,8.94,1077,1.9,44.0,Op-Charlie,Morning,2026-07-13 11:29,0,None,PASS
BAT-14001,M-01,Line-1,PROD-D40,69.3,9.16,1205,1.46,46.9,Op-David,Afternoon,2026-05-14 11:29,0,None,PASS
BAT-14002,M-05,Line-3,PROD-D40,72.0,8.41,1150,2.15,44.9,Op-Frank,Night,2026-02-24 11:29,0,None,PASS
BAT-14003,M-03,Line-2,PROD-B20,74.6,9.07,1236,2.07,51.8,Op-Alice,Afternoon,2026-02-26 11:29,0,None,PASS
BAT-14004,M-02,Line-1,PROD-C30,72.4,8.89,1245,1.76,49.8,Op-Frank,Morning,2026-07-07 11:29,0,None,PASS
BAT-14005,M-08,Line-4,PROD-D40,73.9,7.91,1190,2.29,56.7,Op-David,Morning,2026-05-25 11:29,0,None,PASS
BAT-14006,M-06,Line-3,PROD-D40,69.2,9.38,1238,2.18,48.1,Op-Alice,Afternoon,2026-04-10 11:29,0,None,PASS
BAT-14007,M-03,Line-2,PROD-D40,72.9,9.12,1185,2.56,47.3,Op-Alice,Night,2026-06-26 11:29,0,None,PASS
BAT-14008,M-03,Line-2,PROD-C30,78.1,8.45,1125,2.24,48.6,Op-David,Night,2026-06-04 11:29,1,Porosity,REWORK
BAT-14009,M-01,Line-1,PROD-C30,75.1,8.09,1282,1.68,51.3,Op-Alice,Afternoon,2026-04-11 11:29,0,None,PASS
BAT-14010,M-07,Line-4,PROD-B20,72.5,8.01,1342,3.15,50.5,Op-David,Morning,2026-05-15 11:29,1,Contamination,SCRAP
BAT-14011,M-02,Line-1,PROD-D40,70.4,9.05,1183,1.42,47.4,Op-Charlie,Morning,2026-07-19 11:29,0,None,PASS
BAT-14012,M-02,Line-1,PROD-A10,74.0,8.27,1199,2.73,46.4,Op-Bob,Night,2026-02-21 11:29,0,None,PASS
BAT-14013,M-03,Line-2,PROD-A10,74.5,8.73,1184,2.47,50.0,Op-Frank,Morning,2026-07-23 11:29,0,None,PASS
BAT-14014,M-06,Line-3,PROD-B20,77.1,7.91,1362,2.61,49.2,Op-Alice,Night,2026-04-18 11:29,0,None,PASS
BAT-14015,M-04,Line-2,PROD-D40,78.7,9.17,1443,3.19,63.8,Op-Charlie,Night,2026-06-09 11:29,1,Dimensional Deviation,REWORK
BAT-14016,M-02,Line-1,PROD-B20,76.1,9.22,1180,1.87,47.9,Op-David,Morning,2026-02-22 11:29,0,None,PASS
BAT-14017,M-07,Line-4,PROD-A10,74.6,6.56,1390,3.54,51.6,Op-Bob,Afternoon,2026-05-10 11:29,0,None,PASS
BAT-14018,M-08,Line-4,PROD-C30,77.8,9.35,1235,1.68,51.1,Op-Frank,Afternoon,2026-04-16 11:29,0,None,PASS
BAT-14019,M-03,Line-2,PROD-A10,70.5,8.09,1209,2.61,48.1,Op-Charlie,Afternoon,2026-07-02 11:29,0,None,PASS
BAT-14020,M-05,Line-3,PROD-C30,74.9,8.41,1276,2.08,54.4,Op-Charlie,Morning,2026-06-21 11:29,0,None,PASS
BAT-14021,M-01,Line-1,PROD-A10,78.6,8.91,1300,3.04,46.8,Op-Frank,Night,2026-07-12 11:29,0,None,PASS
BAT-14022,M-06,Line-3,PROD-B20,73.4,9.5,1273,1.77,48.3,Op-Charlie,Afternoon,2026-05-05 11:29,0,None,PASS
BAT-14023,M-07,Line-4,PROD-B20,73.2,3.66,1506,3.52,52.3,Op-Bob,Night,2026-08-04 11:29,1,Dimensional Deviation,REWORK
BAT-14024,M-08,Line-4,PROD-A10,78.2,9.16,1289,2.25,50.7,Op-Charlie,Night,2026-05-25 11:29,0,None,PASS
BAT-14025,M-04,Line-2,PROD-D40,82.2,9.66,1321,5.87,56.1,Op-Alice,Afternoon,2026-03-17 11:29,1,Surface Crack,REWORK
BAT-14026,M-08,Line-4,PROD-A10,75.7,8.38,1189,2.09,43.6,Op-Charlie,Afternoon,2026-07-23 11:29,0,None,PASS
BAT-14027,M-07,Line-4,PROD-D40,78.6,6.64,1432,2.69,59.3,Op-Alice,Morning,2026-04-01 11:29,1,Dimensional Deviation,SCRAP
BAT-14028,M-06,Line-3,PROD-C30,73.7,9.26,1166,2.14,51.9,Op-Alice,Morning,2026-05-16 11:29,0,None,PASS
BAT-14029,M-01,Line-1,PROD-A10,78.9,8.19,1262,2.01,54.3,Op-David,Morning,2026-08-02 11:29,0,None,PASS
BAT-14030,M-02,Line-1,PROD-D40,77.8,8.89,1193,2.12,43.9,Op-David,Morning,2026-05-01 11:29,0,None,PASS
BAT-14031,M-06,Line-3,PROD-D40,75.7,8.51,1196,2.07,45.0,Op-Elena,Morning,2026-05-16 11:29,0,None,PASS
BAT-14032,M-05,Line-3,PROD-C30,71.5,8.71,1221,1.79,51.5,Op-Alice,Morning,2026-04-13 11:29,0,None,PASS
BAT-14033,M-05,Line-3,PROD-D40,74.9,8.65,1137,2.03,41.8,Op-Elena,Afternoon,2026-02-24 11:29,0,None,PASS
BAT-14034,M-05,Line-3,PROD-C30,78.7,8.38,1229,2.12,47.9,Op-Bob,Morning,2026-08-03 11:29,0,None,PASS
BAT-14035,M-08,Line-4,PROD-A10,79.9,8.85,1235,2.02,46.0,Op-Charlie,Night,2026-06-07 11:29,0,None,PASS
BAT-14036,M-02,Line-1,PROD-D40,73.6,8.96,1223,2.73,44.7,Op-David,Night,2026-04-27 11:29,0,None,PASS
BAT-14037,M-07,Line-4,PROD-B20,79.1,6.26,1381,4.21,60.4,Op-David,Afternoon,2026-05-20 11:29,0,None,PASS
BAT-14038,M-04,Line-2,PROD-B20,86.8,8.77,1434,4.75,78.1,Op-Charlie,Night,2026-07-15 11:29,1,Surface Crack,SCRAP
BAT-14039,M-08,Line-4,PROD-D40,74.8,8.87,1259,2.46,46.0,Op-Elena,Morning,2026-05-16 11:29,0,None,PASS
BAT-14040,M-01,Line-1,PROD-B20,80.0,9.25,1186,2.6,44.9,Op-Bob,Night,2026-08-06 11:29,0,None,PASS
BAT-14041,M-08,Line-4,PROD-A10,73.1,8.53,1219,2.56,44.6,Op-Elena,Afternoon,2026-04-13 11:29,0,None,PASS
BAT-14042,M-02,Line-1,PROD-B20,75.4,9.16,1228,1.81,53.5,Op-Bob,Morning,2026-07-14 11:29,0,None,PASS
BAT-14043,M-08,Line-4,PROD-B20,75.1,8.53,1167,2.31,53.4,Op-Bob,Morning,2026-03-18 11:29,0,None,PASS
BAT-14044,M-08,Line-4,PROD-B20,72.9,8.32,1180,2.06,46.5,Op-Frank,Morning,2026-04-04 11:29,0,None,PASS
BAT-14045,M-07,Line-4,PROD-C30,80.8,6.04,1443,2.56,50.7,Op-Charlie,Morning,2026-03-29 11:29,0,None,PASS
BAT-14046,M-03,Line-2,PROD-C30,73.4,8.6,1218,1.41,54.2,Op-Bob,Morning,2026-05-22 11:29,0,None,PASS
BAT-14047,M-08,Line-4,PROD-D40,75.5,7.52,1229,2.42,48.7,Op-Elena,Night,2026-07-27 11:29,0,None,PASS
BAT-14048,M-03,Line-2,PROD-D40,73.2,8.6,1225,1.94,45.4,Op-David,Morning,2026-07-19 11:29,0,None,PASS
BAT-14049,M-03,Line-2,PROD-B20,76.8,8.69,1197,2.16,40.3,Op-Frank,Night,2026-05-07 11:29,0,None,PASS
BAT-14050,M-01,Line-1,PROD-B20,79.2,8.16,1276,2.54,53.0,Op-Bob,Night,2026-03-28 11:29,1,Surface Crack,REWORK
BAT-14051,M-01,Line-1,PROD-A10,74.8,8.95,1244,2.01,50.3,Op-David,Night,2026-03-30 11:29,0,None,PASS
BAT-14052,M-03,Line-2,PROD-C30,77.8,7.96,1206,1.94,44.5,Op-Charlie,Morning,2026-04-05 11:29,0,None,PASS
BAT-14053,M-08,Line-4,PROD-A10,79.5,8.3,1211,2.42,45.4,Op-Elena,Night,2026-06-24 11:29,0,None,PASS
BAT-14054,M-01,Line-1,PROD-D40,75.7,8.11,1194,2.22,48.1,Op-Charlie,Afternoon,2026-03-03 11:29,0,None,PASS
BAT-14055,M-05,Line-3,PROD-C30,72.9,7.92,1155,2.29,42.8,Op-Bob,Afternoon,2026-02-24 11:29,0,None,PASS
BAT-14056,M-08,Line-4,PROD-C30,72.2,9.09,1196,3.03,45.8,Op-David,Night,2026-08-05 11:29,0,None,PASS
BAT-14057,M-02,Line-1,PROD-B20,77.3,8.59,1144,1.86,57.2,Op-Elena,Morning,2026-03-13 11:29,1,Porosity,SCRAP
BAT-14058,M-04,Line-2,PROD-B20,78.8,9.41,1366,3.55,75.5,Op-Frank,Morning,2026-03-29 11:29,0,None,PASS
BAT-14059,M-07,Line-4,PROD-B20,78.0,6.47,1338,2.57,54.8,Op-Bob,Afternoon,2026-06-05 11:29,1,Dimensional Deviation,REWORK
BAT-14060,M-02,Line-1,PROD-D40,73.2,8.7,1219,1.94,47.2,Op-Frank,Night,2026-08-08 11:29,0,None,PASS
BAT-14061,M-07,Line-4,PROD-D40,79.1,7.9,1261,3.8,57.6,Op-Charlie,Night,2026-06-12 11:29,0,None,PASS
BAT-14062,M-08,Line-4,PROD-A10,75.4,8.85,1184,2.65,51.4,Op-Bob,Night,2026-05-13 11:29,0,None,PASS
BAT-14063,M-07,Line-4,PROD-A10,80.8,5.91,1239,3.04,46.0,Op-Charlie,Night,2026-05-01 11:29,1,Dimensional Deviation,REWORK
BAT-14064,M-05,Line-3,PROD-B20,75.6,9.95,1257,2.42,53.4,Op-Frank,Afternoon,2026-03-03 11:29,0,None,PASS
BAT-14065,M-01,Line-1,PROD-D40,74.0,9.33,1258,2.01,55.8,Op-Frank,Afternoon,2026-02-23 11:29,0,None,PASS
BAT-14066,M-08,Line-4,PROD-C30,76.5,8.14,1197,2.44,41.6,Op-Alice,Night,2026-07-25 11:29,0,None,PASS
BAT-14067,M-08,Line-4,PROD-C30,78.2,8.0,1261,1.87,45.7,Op-Elena,Morning,2026-05-30 11:29,0,None,PASS
BAT-14068,M-03,Line-2,PROD-C30,76.9,9.28,1193,1.57,49.8,Op-Elena,Morning,2026-05-31 11:29,0,None,PASS
BAT-14069,M-01,Line-1,PROD-A10,73.1,7.91,1228,2.29,52.6,Op-Bob,Night,2026-05-24 11:29,0,None,PASS
BAT-14070,M-06,Line-3,PROD-D40,78.5,8.62,1188,1.95,50.1,Op-Charlie,Afternoon,2026-02-28 11:29,0,None,PASS
BAT-14071,M-08,Line-4,PROD-C30,78.1,8.51,1190,2.64,52.7,Op-Charlie,Night,2026-06-14 11:29,0,None,PASS
BAT-14072,M-04,Line-2,PROD-A10,87.2,10.92,1361,4.4,66.9,Op-Elena,Morning,2026-07-10 11:29,1,Surface Crack,REWORK
BAT-14073,M-08,Line-4,PROD-C30,70.8,8.41,1296,1.54,45.7,Op-Elena,Morning,2026-04-16 11:29,0,None,PASS
BAT-14074,M-07,Line-4,PROD-A10,82.3,6.12,1306,4.43,58.0,Op-Elena,Night,2026-07-18 11:29,1,Surface Crack,SCRAP
BAT-14075,M-01,Line-1,PROD-C30,73.4,7.65,1278,1.89,48.8,Op-Elena,Night,2026-07-29 11:29,0,None,PASS
BAT-14076,M-07,Line-4,PROD-D40,75.3,6.18,1278,2.72,64.7,Op-Charlie,Morning,2026-03-14 11:29,1,Dimensional Deviation,REWORK
BAT-14077,M-05,Line-3,PROD-D40,77.8,8.98,1159,2.76,54.0,Op-Alice,Morning,2026-03-07 11:29,0,None,PASS
BAT-14078,M-02,Line-1,PROD-A10,74.6,9.11,1255,2.45,46.1,Op-Charlie,Night,2026-04-24 11:29,0,None,PASS
BAT-14079,M-06,Line-3,PROD-B20,76.0,8.94,1164,2.03,53.8,Op-Charlie,Morning,2026-02-11 11:29,0,None,PASS
BAT-14080,M-03,Line-2,PROD-D40,76.3,8.8,1252,1.94,49.3,Op-David,Night,2026-08-07 11:29,0,None,PASS
BAT-14081,M-03,Line-2,PROD-B20,74.3,8.05,1196,2.52,48.7,Op-Bob,Night,2026-06-25 11:29,0,None,PASS
BAT-14082,M-05,Line-3,PROD-D40,74.5,8.66,1122,2.2,55.9,Op-Charlie,Morning,2026-07-23 11:29,0,None,PASS
BAT-14083,M-07,Line-4,PROD-D40,77.3,8.24,1248,4.96,59.1,Op-Frank,Night,2026-08-07 11:29,0,None,PASS
BAT-14084,M-03,Line-2,PROD-B20,74.6,8.89,1214,2.67,50.3,Op-Bob,Afternoon,2026-06-24 11:29,0,None,PASS
BAT-14085,M-08,Line-4,PROD-A10,76.2,8.28,1107,2.02,44.3,Op-Charlie,Night,2026-06-29 11:29,0,None,PASS
BAT-14086,M-05,Line-3,PROD-A10,74.3,8.86,1185,1.79,47.2,Op-David,Night,2026-02-22 11:29,0,None,PASS
BAT-14087,M-02,Line-1,PROD-B20,77.7,8.6,1210,2.21,42.1,Op-Frank,Night,2026-04-16 11:29,0,None,PASS
BAT-14088,M-06,Line-3,PROD-D40,69.8,8.47,1282,2.07,50.7,Op-Charlie,Afternoon,2026-07-07 11:29,0,None,PASS
BAT-14089,M-05,Line-3,PROD-D40,75.8,8.67,1157,2.7,53.3,Op-Alice,Night,2026-05-04 11:29,0,None,PASS
BAT-14090,M-08,Line-4,PROD-C30,74.3,8.47,1245,1.7,49.1,Op-Elena,Afternoon,2026-03-31 11:29,0,None,PASS
BAT-14091,M-04,Line-2,PROD-A10,85.3,9.62,1413,6.83,62.8,Op-Elena,Afternoon,2026-03-21 11:29,1,Surface Crack,SCRAP
BAT-14092,M-01,Line-1,PROD-A10,70.3,8.42,1255,1.79,48.6,Op-Elena,Morning,2026-05-27 11:29,0,None,PASS
BAT-14093,M-07,Line-4,PROD-B20,78.1,3.6,1252,2.42,59.0,Op-Alice,Morning,2026-05-28 11:29,1,Dimensional Deviation,SCRAP
BAT-14094,M-08,Line-4,PROD-D40,74.2,8.93,1169,1.98,50.4,Op-Charlie,Afternoon,2026-06-17 11:29,0,None,PASS
BAT-14095,M-07,Line-4,PROD-C30,75.4,4.71,1399,2.93,59.3,Op-Charlie,Afternoon,2026-06-16 11:29,1,Dimensional Deviation,SCRAP
BAT-14096,M-03,Line-2,PROD-C30,74.5,8.1,1136,2.26,43.6,Op-David,Afternoon,2026-04-21 11:29,1,Surface Crack,REWORK
BAT-14097,M-08,Line-4,PROD-C30,74.5,8.56,1160,2.15,52.5,Op-Elena,Afternoon,2026-06-25 11:29,0,None,PASS
BAT-14098,M-05,Line-3,PROD-A10,75.6,8.03,1264,1.43,42.8,Op-Charlie,Morning,2026-05-27 11:29,0,None,PASS
BAT-14099,M-05,Line-3,PROD-C30,77.1,9.54,1213,2.51,43.9,Op-Alice,Morning,2026-03-26 11:29,0,None,PASS
BAT-14100,M-05,Line-3,PROD-C30,72.8,9.31,1187,2.23,55.6,Op-Alice,Night,2026-07-10 11:29,0,None,PASS
BAT-14101,M-05,Line-3,PROD-A10,74.4,8.86,1213,2.05,44.5,Op-Bob,Morning,2026-04-02 11:29,0,None,PASS
BAT-14102,M-07,Line-4,PROD-A10,79.2,7.89,1353,4.61,60.4,Op-Elena,Morning,2026-05-02 11:29,0,None,PASS
BAT-14103,M-01,Line-1,PROD-A10,75.6,9.39,1278,2.1,50.4,Op-David,Morning,2026-04-13 11:29,0,None,PASS
BAT-14104,M-01,Line-1,PROD-C30,76.1,8.95,1257,2.31,52.0,Op-Charlie,Morning,2026-04-05 11:29,0,None,PASS
BAT-14105,M-07,Line-4,PROD-A10,77.2,8.05,1375,4.11,58.3,Op-Bob,Morning,2026-08-06 11:29,0,None,PASS
BAT-14106,M-01,Line-1,PROD-B20,78.5,8.97,1251,2.88,51.1,Op-Alice,Night,2026-04-22 11:29,0,None,PASS
BAT-14107,M-04,Line-2,PROD-C30,86.2,10.9,1652,5.82,59.8,Op-Frank,Night,2026-02-13 11:29,1,Surface Crack,REWORK
BAT-14108,M-02,Line-1,PROD-D40,74.3,9.0,1093,1.78,52.3,Op-Elena,Afternoon,2026-07-07 11:29,0,None,PASS
BAT-14109,M-03,Line-2,PROD-C30,75.8,9.21,1282,1.96,51.1,Op-Charlie,Morning,2026-07-02 11:29,0,None,PASS
BAT-14110,M-04,Line-2,PROD-C30,85.9,8.0,1390,7.73,77.8,Op-David,Night,2026-04-20 11:29,1,Surface Crack,REWORK
BAT-14111,M-01,Line-1,PROD-D40,73.5,8.07,1238,1.69,40.2,Op-Bob,Afternoon,2026-05-17 11:29,0,None,PASS
BAT-14112,M-08,Line-4,PROD-C30,72.9,7.88,1206,2.14,48.8,Op-Elena,Morning,2026-07-06 11:29,0,None,PASS
BAT-14113,M-04,Line-2,PROD-C30,82.4,10.51,1439,4.03,83.0,Op-Frank,Morning,2026-05-07 11:29,1,Surface Crack,SCRAP
BAT-14114,M-01,Line-1,PROD-B20,78.5,7.93,1178,1.78,42.4,Op-Frank,Afternoon,2026-02-10 11:29,0,None,PASS
BAT-14115,M-05,Line-3,PROD-C30,77.7,7.99,1235,2.28,51.1,Op-Bob,Night,2026-02-21 11:29,0,None,PASS
BAT-14116,M-02,Line-1,PROD-C30,77.6,9.16,1228,1.91,48.7,Op-Elena,Night,2026-03-17 11:29,0,None,PASS
BAT-14117,M-05,Line-3,PROD-A10,73.8,9.13,1251,1.95,48.7,Op-David,Morning,2026-04-30 11:29,0,None,PASS
BAT-14118,M-04,Line-2,PROD-A10,90.3,8.95,1484,6.26,66.1,Op-Elena,Night,2026-06-02 11:29,1,Surface Crack,REWORK
BAT-14119,M-07,Line-4,PROD-D40,82.2,5.56,1322,3.97,54.2,Op-Charlie,Night,2026-05-14 11:29,0,None,PASS
BAT-14120,M-02,Line-1,PROD-C30,76.8,8.55,1243,1.61,42.5,Op-Alice,Night,2026-05-29 11:29,0,None,PASS
BAT-14121,M-03,Line-2,PROD-B20,73.9,7.41,1188,1.89,47.2,Op-Alice,Night,2026-06-23 11:29,0,None,PASS
BAT-14122,M-03,Line-2,PROD-C30,79.3,9.08,1311,1.8,50.4,Op-Frank,Night,2026-05-22 11:29,0,None,PASS
BAT-14123,M-05,Line-3,PROD-A10,73.6,8.85,1127,2.07,43.5,Op-Elena,Afternoon,2026-03-22 11:29,0,None,PASS
BAT-14124,M-04,Line-2,PROD-B20,88.8,8.25,1424,3.92,71.1,Op-David,Morning,2026-07-24 11:29,1,Surface Crack,REWORK
BAT-14125,M-05,Line-3,PROD-B20,74.4,8.67,1209,1.59,43.7,Op-David,Afternoon,2026-06-13 11:29,0,None,PASS
BAT-14126,M-04,Line-2,PROD-A10,80.2,9.99,1432,3.79,68.6,Op-David,Morning,2026-08-08 11:29,1,Dimensional Deviation,REWORK
BAT-14127,M-04,Line-2,PROD-A10,79.4,9.96,1340,4.96,69.1,Op-Charlie,Morning,2026-06-25 11:29,0,None,PASS
BAT-14128,M-02,Line-1,PROD-D40,73.8,9.03,1146,3.02,45.8,Op-Elena,Night,2026-03-20 11:29,0,None,PASS
BAT-14129,M-03,Line-2,PROD-D40,75.9,8.15,1255,2.45,50.0,Op-Charlie,Afternoon,2026-07-04 11:29,0,None,PASS
BAT-14130,M-01,Line-1,PROD-D40,73.5,8.79,1150,2.86,47.0,Op-Bob,Morning,2026-03-16 11:29,0,None,PASS
BAT-14131,M-03,Line-2,PROD-B20,70.4,8.48,1235,2.2,50.7,Op-Frank,Afternoon,2026-03-12 11:29,0,None,PASS
BAT-14132,M-01,Line-1,PROD-B20,73.4,8.98,1351,1.36,44.4,Op-Bob,Morning,2026-06-10 11:29,0,None,PASS
BAT-14133,M-01,Line-1,PROD-A10,74.9,8.77,1265,1.49,46.8,Op-Frank,Afternoon,2026-05-01 11:29,0,None,PASS
BAT-14134,M-08,Line-4,PROD-A10,76.8,8.18,1177,2.35,46.0,Op-Frank,Night,2026-04-22 11:29,0,None,PASS
BAT-14135,M-08,Line-4,PROD-C30,78.8,8.37,1147,2.74,49.3,Op-Frank,Afternoon,2026-02-28 11:29,0,None,PASS
BAT-14136,M-08,Line-4,PROD-D40,72.3,9.27,1216,1.91,49.7,Op-David,Afternoon,2026-05-01 11:29,0,None,PASS
BAT-14137,M-02,Line-1,PROD-A10,76.3,8.65,1170,2.79,52.6,Op-David,Night,2026-04-04 11:29,0,None,PASS
BAT-14138,M-02,Line-1,PROD-C30,73.7,8.39,1160,2.52,50.6,Op-Elena,Morning,2026-05-03 11:29,0,None,PASS
BAT-14139,M-01,Line-1,PROD-C30,76.0,9.23,1175,2.94,43.0,Op-Charlie,Night,2026-07-15 11:29,0,None,PASS
BAT-14140,M-07,Line-4,PROD-B20,79.9,7.41,1252,3.18,48.5,Op-David,Night,2026-04-04 11:29,0,None,PASS
BAT-14141,M-08,Line-4,PROD-D40,77.2,8.32,1197,2.26,45.6,Op-Bob,Night,2026-02-15 11:29,0,None,PASS
BAT-14142,M-01,Line-1,PROD-D40,71.8,8.39,1171,1.41,44.5,Op-David,Morning,2026-03-20 11:29,0,None,PASS
BAT-14143,M-07,Line-4,PROD-A10,76.6,7.59,1446,3.83,58.2,Op-Bob,Morning,2026-07-21 11:29,0,None,PASS
BAT-14144,M-01,Line-1,PROD-C30,72.2,7.53,1204,1.78,45.6,Op-Frank,Morning,2026-06-30 11:29,0,None,PASS
BAT-14145,M-02,Line-1,PROD-B20,77.0,8.82,1238,2.91,48.7,Op-Elena,Night,2026-06-28 11:29,0,None,PASS
BAT-14146,M-07,Line-4,PROD-A10,79.4,7.22,1376,3.41,54.0,Op-Elena,Morning,2026-02-16 11:29,0,None,PASS
BAT-14147,M-08,Line-4,PROD-A10,76.0,8.57,1242,2.06,46.2,Op-David,Afternoon,2026-07-12 11:29,1,Surface Crack,REWORK
BAT-14148,M-03,Line-2,PROD-B20,71.6,8.37,1213,1.95,52.0,Op-David,Morning,2026-07-10 11:29,0,None,PASS
BAT-14149,M-07,Line-4,PROD-B20,80.9,5.53,1419,3.22,59.5,Op-Bob,Afternoon,2026-06-20 11:29,0,None,PASS
BAT-14150,M-07,Line-4,PROD-C30,72.5,4.9,1363,4.08,50.8,Op-Elena,Afternoon,2026-02-21 11:29,1,Dimensional Deviation,REWORK
BAT-14151,M-07,Line-4,PROD-D40,85.7,6.68,1350,4.37,53.3,Op-Charlie,Afternoon,2026-06-20 11:29,1,Surface Crack,SCRAP
BAT-14152,M-04,Line-2,PROD-B20,93.0,10.33,1511,5.71,72.6,Op-Charlie,Afternoon,2026-08-05 11:29,1,Surface Crack,SCRAP
BAT-14153,M-08,Line-4,PROD-B20,73.9,8.23,1209,2.43,49.7,Op-Frank,Morning,2026-03-25 11:29,0,None,PASS
BAT-14154,M-04,Line-2,PROD-A10,75.3,8.99,1342,3.2,79.8,Op-Charlie,Afternoon,2026-05-08 11:29,0,None,PASS
BAT-14155,M-06,Line-3,PROD-D40,70.8,8.35,1219,2.29,49.0,Op-Frank,Morning,2026-05-12 11:29,0,None,PASS
BAT-14156,M-02,Line-1,PROD-D40,79.5,9.43,1212,2.57,49.9,Op-Elena,Night,2026-08-01 11:29,0,None,PASS
BAT-14157,M-04,Line-2,PROD-C30,82.2,8.75,1433,5.02,76.5,Op-Frank,Afternoon,2026-04-18 11:29,1,Surface Crack,REWORK
BAT-14158,M-04,Line-2,PROD-A10,80.1,8.94,1505,5.29,64.3,Op-Alice,Afternoon,2026-02-26 11:29,1,Surface Crack,REWORK
BAT-14159,M-01,Line-1,PROD-A10,72.8,7.82,1233,1.89,49.5,Op-Bob,Morning,2026-07-25 11:29,0,None,PASS
BAT-14160,M-01,Line-1,PROD-B20,78.6,9.03,1254,2.42,51.8,Op-David,Night,2026-06-03 11:29,0,None,PASS
BAT-14161,M-07,Line-4,PROD-A10,79.9,4.09,1268,2.99,50.1,Op-Frank,Morning,2026-07-09 11:29,0,None,PASS
BAT-14162,M-08,Line-4,PROD-D40,72.0,8.66,1158,1.38,50.6,Op-Elena,Morning,2026-03-18 11:29,0,None,PASS
BAT-14163,M-05,Line-3,PROD-C30,72.3,8.72,1210,1.98,52.0,Op-Charlie,Afternoon,2026-06-21 11:29,0,None,PASS
BAT-14164,M-07,Line-4,PROD-D40,71.8,6.52,1363,1.36,58.0,Op-Elena,Afternoon,2026-02-16 11:29,0,None,PASS
BAT-14165,M-04,Line-2,PROD-D40,86.4,9.88,1468,6.49,73.8,Op-Frank,Afternoon,2026-04-27 11:29,1,Surface Crack,REWORK
BAT-14166,M-04,Line-2,PROD-B20,92.6,9.03,1329,5.26,68.4,Op-Elena,Afternoon,2026-06-12 11:29,1,Surface Crack,REWORK
BAT-14167,M-04,Line-2,PROD-A10,86.5,9.93,1311,6.47,72.6,Op-Charlie,Night,2026-06-17 11:29,1,Surface Crack,SCRAP
BAT-14168,M-03,Line-2,PROD-B20,73.0,8.31,1254,1.9,48.8,Op-Frank,Afternoon,2026-04-10 11:29,0,None,PASS
BAT-14169,M-07,Line-4,PROD-B20,78.6,5.32,1319,2.33,63.3,Op-Frank,Morning,2026-03-16 11:29,1,Dimensional Deviation,REWORK
BAT-14170,M-06,Line-3,PROD-C30,72.5,8.88,1156,1.44,41.5,Op-Frank,Morning,2026-04-09 11:29,0,None,PASS
BAT-14171,M-05,Line-3,PROD-A10,75.5,8.51,1119,2.19,46.0,Op-David,Night,2026-05-16 11:29,0,None,PASS
BAT-14172,M-06,Line-3,PROD-C30,72.3,8.4,1244,2.46,47.9,Op-Elena,Morning,2026-07-09 11:29,0,None,PASS
BAT-14173,M-07,Line-4,PROD-A10,77.8,7.11,1443,2.93,53.7,Op-David,Morning,2026-04-27 11:29,1,Dimensional Deviation,REWORK
BAT-14174,M-08,Line-4,PROD-C30,75.0,7.31,1219,2.86,55.7,Op-David,Morning,2026-03-13 11:29,0,None,PASS
BAT-14175,M-06,Line-3,PROD-C30,73.3,9.59,1154,1.86,49.2,Op-Frank,Morning,2026-07-20 11:29,0,None,PASS
BAT-14176,M-02,Line-1,PROD-D40,71.1,8.27,1224,1.75,50.6,Op-Alice,Afternoon,2026-02-10 11:29,0,None,PASS
BAT-14177,M-03,Line-2,PROD-B20,73.5,9.56,1263,2.98,53.5,Op-Alice,Night,2026-07-30 11:29,1,Contamination,REWORK
BAT-14178,M-05,Line-3,PROD-A10,77.2,8.36,1172,2.22,44.2,Op-Bob,Afternoon,2026-04-21 11:29,0,None,PASS
BAT-14179,M-07,Line-4,PROD-A10,78.1,4.56,1387,1.71,54.0,Op-Frank,Night,2026-04-16 11:29,0,None,PASS
BAT-14180,M-04,Line-2,PROD-D40,76.3,10.11,1398,4.11,69.1,Op-David,Afternoon,2026-02-16 11:29,1,Dimensional Deviation,REWORK
BAT-14181,M-03,Line-2,PROD-D40,77.7,7.57,1206,2.14,39.3,Op-Charlie,Night,2026-07-23 11:29,0,None,PASS
BAT-14182,M-04,Line-2,PROD-A10,85.4,10.63,1587,4.91,80.4,Op-Bob,Afternoon,2026-07-22 11:29,1,Surface Crack,SCRAP
BAT-14183,M-01,Line-1,PROD-D40,76.4,8.29,1282,2.19,52.2,Op-Frank,Morning,2026-03-11 11:29,0,None,PASS
BAT-14184,M-04,Line-2,PROD-D40,75.4,9.92,1567,6.42,70.9,Op-David,Afternoon,2026-06-07 11:29,1,Dimensional Deviation,SCRAP
BAT-14185,M-07,Line-4,PROD-D40,79.1,6.4,1345,4.86,48.3,Op-David,Morning,2026-02-10 11:29,1,Dimensional Deviation,REWORK
BAT-14186,M-07,Line-4,PROD-B20,70.3,7.22,1498,3.26,61.7,Op-Charlie,Morning,2026-02-18 11:29,1,Dimensional Deviation,SCRAP
BAT-14187,M-03,Line-2,PROD-B20,76.3,8.32,1236,2.6,47.2,Op-Frank,Night,2026-04-07 11:29,0,None,PASS
BAT-14188,M-01,Line-1,PROD-A10,81.6,8.45,1129,1.79,39.5,Op-Bob,Night,2026-06-02 11:29,0,None,PASS
BAT-14189,M-04,Line-2,PROD-D40,84.8,8.11,1428,3.15,63.4,Op-David,Afternoon,2026-07-18 11:29,1,Dimensional Deviation,REWORK
BAT-14190,M-08,Line-4,PROD-A10,69.1,9.21,1229,1.75,46.3,Op-Charlie,Morning,2026-07-22 11:29,0,None,PASS
BAT-14191,M-07,Line-4,PROD-A10,73.8,7.49,1351,4.09,53.1,Op-Charlie,Afternoon,2026-02-16 11:29,0,None,PASS
BAT-14192,M-04,Line-2,PROD-B20,89.0,10.98,1585,3.54,71.1,Op-Charlie,Morning,2026-06-07 11:29,1,Dimensional Deviation,REWORK
BAT-14193,M-06,Line-3,PROD-D40,75.9,8.03,1199,1.81,55.0,Op-Charlie,Morning,2026-05-17 11:29,0,None,PASS
BAT-14194,M-02,Line-1,PROD-D40,71.5,9.16,1156,1.86,53.8,Op-Bob,Afternoon,2026-03-14 11:29,0,None,PASS
BAT-14195,M-02,Line-1,PROD-C30,71.1,8.78,1220,2.76,40.0,Op-Frank,Night,2026-05-18 11:29,0,None,PASS
BAT-14196,M-06,Line-3,PROD-C30,76.3,8.67,1209,1.75,44.2,Op-Elena,Morning,2026-07-23 11:29,0,None,PASS
BAT-14197,M-08,Line-4,PROD-D40,76.4,8.1,1220,2.11,49.7,Op-Charlie,Morning,2026-04-27 11:29,0,None,PASS
BAT-14198,M-01,Line-1,PROD-B20,75.2,8.38,1248,1.88,50.5,Op-Elena,Afternoon,2026-02-10 11:29,0,None,PASS
BAT-14199,M-06,Line-3,PROD-C30,77.7,8.93,1129,2.46,42.4,Op-Alice,Night,2026-04-04 11:29,0,None,PASS
BAT-14200,M-05,Line-3,PROD-C30,74.0,8.34,1154,2.57,48.3,Op-Frank,Afternoon,2026-06-30 11:29,0,None,PASS
BAT-14201,M-03,Line-2,PROD-B20,76.6,8.31,1168,2.58,58.5,Op-Elena,Night,2026-04-09 11:29,0,None,PASS
BAT-14202,M-05,Line-3,PROD-D40,70.9,8.57,1240,2.06,55.0,Op-Bob,Morning,2026-02-26 11:29,0,None,PASS
BAT-14203,M-06,Line-3,PROD-C30,75.1,9.05,1218,2.19,56.5,Op-David,Night,2026-08-07 11:29,0,None,PASS
BAT-14204,M-08,Line-4,PROD-C30,74.9,8.67,1270,2.55,44.8,Op-Elena,Morning,2026-03-20 11:29,0,None,PASS
BAT-14205,M-02,Line-1,PROD-C30,73.7,8.32,1243,2.11,44.8,Op-Frank,Night,2026-06-07 11:29,0,None,PASS
BAT-14206,M-08,Line-4,PROD-C30,72.7,9.06,1190,1.38,42.1,Op-Bob,Morning,2026-03-16 11:29,0,None,PASS
BAT-14207,M-01,Line-1,PROD-C30,74.4,7.98,1176,2.33,42.8,Op-Alice,Night,2026-05-03 11:29,0,None,PASS
BAT-14208,M-08,Line-4,PROD-D40,72.1,8.33,1216,2.48,45.7,Op-Frank,Afternoon,2026-05-29 11:29,0,None,PASS
BAT-14209,M-04,Line-2,PROD-A10,80.1,11.54,1413,5.37,65.0,Op-Frank,Night,2026-05-16 11:29,1,Surface Crack,REWORK
BAT-14210,M-08,Line-4,PROD-B20,73.0,8.61,1205,2.56,55.1,Op-Alice,Afternoon,2026-04-03 11:29,0,None,PASS
BAT-14211,M-06,Line-3,PROD-A10,71.1,8.89,1175,1.89,49.9,Op-Alice,Afternoon,2026-04-09 11:29,0,None,PASS
BAT-14212,M-07,Line-4,PROD-B20,79.9,9.08,1485,2.34,51.0,Op-Frank,Morning,2026-02-13 11:29,1,Dimensional Deviation,REWORK
BAT-14213,M-08,Line-4,PROD-A10,77.6,9.12,1215,2.45,48.5,Op-Alice,Night,2026-07-31 11:29,0,None,PASS
BAT-14214,M-06,Line-3,PROD-D40,79.3,8.89,1271,2.61,52.6,Op-Charlie,Morning,2026-05-05 11:29,0,None,PASS
BAT-14215,M-01,Line-1,PROD-D40,75.3,7.99,1288,2.22,46.1,Op-Frank,Night,2026-07-26 11:29,0,None,PASS
BAT-14216,M-03,Line-2,PROD-D40,73.6,7.83,1217,2.6,44.5,Op-Elena,Night,2026-04-01 11:29,0,None,PASS
BAT-14217,M-02,Line-1,PROD-C30,75.1,8.44,1164,2.4,49.1,Op-Charlie,Morning,2026-04-01 11:29,1,Surface Crack,REWORK
BAT-14218,M-04,Line-2,PROD-A10,85.6,10.09,1409,5.03,69.1,Op-Bob,Night,2026-05-31 11:29,1,Surface Crack,SCRAP
BAT-14219,M-06,Line-3,PROD-A10,71.0,9.0,1126,2.56,51.9,Op-Frank,Afternoon,2026-03-17 11:29,0,None,PASS
BAT-14220,M-02,Line-1,PROD-A10,72.9,8.62,1233,1.82,53.0,Op-Charlie,Morning,2026-02-16 11:29,0,None,PASS
BAT-14221,M-08,Line-4,PROD-A10,71.9,9.3,1309,1.82,51.7,Op-Alice,Afternoon,2026-03-01 11:29,0,None,PASS
BAT-14222,M-03,Line-2,PROD-A10,73.8,8.33,1281,1.66,54.9,Op-Alice,Afternoon,2026-05-29 11:29,0,None,PASS
BAT-14223,M-04,Line-2,PROD-B20,88.4,9.34,1334,6.92,75.0,Op-Bob,Morning,2026-03-16 11:29,1,Surface Crack,REWORK
BAT-14224,M-06,Line-3,PROD-B20,77.7,8.73,1232,1.89,51.9,Op-Elena,Morning,2026-03-29 11:29,0,None,PASS
BAT-14225,M-01,Line-1,PROD-C30,75.9,8.41,1218,2.32,48.3,Op-David,Morning,2026-07-27 11:29,1,Contamination,SCRAP
BAT-14226,M-02,Line-1,PROD-A10,75.5,8.85,1126,2.04,49.7,Op-Bob,Afternoon,2026-06-26 11:29,0,None,PASS
BAT-14227,M-04,Line-2,PROD-A10,89.7,9.65,1465,5.88,71.5,Op-Bob,Morning,2026-07-24 11:29,1,Surface Crack,REWORK
BAT-14228,M-07,Line-4,PROD-A10,81.2,5.47,1431,2.61,51.9,Op-Bob,Morning,2026-04-13 11:29,0,None,PASS
BAT-14229,M-05,Line-3,PROD-C30,78.3,9.59,1205,3.01,48.7,Op-David,Night,2026-04-23 11:29,0,None,PASS
BAT-14230,M-04,Line-2,PROD-C30,84.6,9.3,1342,5.53,57.3,Op-Bob,Night,2026-05-23 11:29,1,Surface Crack,SCRAP
BAT-14231,M-08,Line-4,PROD-D40,73.4,7.62,1220,2.54,39.3,Op-Alice,Morning,2026-04-18 11:29,0,None,PASS
BAT-14232,M-07,Line-4,PROD-D40,74.9,5.37,1435,2.18,47.5,Op-Bob,Afternoon,2026-03-26 11:29,0,None,PASS
BAT-14233,M-06,Line-3,PROD-B20,68.4,8.42,1159,1.83,44.5,Op-David,Afternoon,2026-07-22 11:29,0,None,PASS
BAT-14234,M-04,Line-2,PROD-C30,90.5,9.35,1460,5.95,68.8,Op-Frank,Night,2026-06-30 11:29,1,Surface Crack,REWORK
BAT-14235,M-08,Line-4,PROD-B20,67.9,8.04,1212,2.31,47.0,Op-Charlie,Afternoon,2026-03-05 11:29,0,None,PASS
BAT-14236,M-03,Line-2,PROD-D40,71.8,8.06,1211,1.97,38.9,Op-David,Afternoon,2026-05-06 11:29,0,None,PASS
BAT-14237,M-02,Line-1,PROD-C30,74.0,8.62,1207,2.36,43.5,Op-David,Afternoon,2026-03-22 11:29,0,None,PASS
BAT-14238,M-04,Line-2,PROD-A10,84.9,10.15,1485,3.13,73.6,Op-Elena,Afternoon,2026-05-27 11:29,1,Dimensional Deviation,REWORK
BAT-14239,M-06,Line-3,PROD-B20,75.7,9.72,1301,2.41,50.8,Op-Bob,Afternoon,2026-07-08 11:29,0,None,PASS
BAT-14240,M-03,Line-2,PROD-C30,75.3,8.86,1244,2.33,44.2,Op-David,Afternoon,2026-05-21 11:29,0,None,PASS
BAT-14241,M-06,Line-3,PROD-B20,71.9,8.61,1268,2.16,48.3,Op-Charlie,Morning,2026-07-03 11:29,0,None,PASS
BAT-14242,M-07,Line-4,PROD-B20,81.9,6.84,1309,3.43,50.5,Op-Frank,Night,2026-07-01 11:29,0,None,PASS
BAT-14243,M-04,Line-2,PROD-B20,83.4,10.49,1454,4.98,66.0,Op-Charlie,Morning,2026-05-20 11:29,1,Surface Crack,REWORK
BAT-14244,M-05,Line-3,PROD-A10,72.1,8.49,1120,1.69,52.5,Op-Charlie,Afternoon,2026-03-02 11:29,0,None,PASS
BAT-14245,M-08,Line-4,PROD-D40,78.1,8.57,1266,2.62,40.0,Op-Bob,Night,2026-07-20 11:29,0,None,PASS
BAT-14246,M-04,Line-2,PROD-C30,84.7,10.45,1408,6.86,70.3,Op-Charlie,Morning,2026-07-28 11:29,1,Surface Crack,REWORK
BAT-14247,M-07,Line-4,PROD-B20,82.3,7.14,1295,3.88,50.4,Op-Frank,Night,2026-02-16 11:29,1,Surface Crack,REWORK
BAT-14248,M-03,Line-2,PROD-C30,68.7,8.6,1239,2.18,48.9,Op-Elena,Afternoon,2026-07-11 11:29,0,None,PASS
BAT-14249,M-02,Line-1,PROD-D40,73.2,10.18,1198,1.65,47.5,Op-Alice,Afternoon,2026-04-08 11:29,0,None,PASS
BAT-14250,M-02,Line-1,PROD-A10,74.2,8.97,1261,2.55,51.1,Op-David,Night,2026-07-27 11:29,0,None,PASS
BAT-14251,M-08,Line-4,PROD-A10,72.0,8.6,1231,1.57,46.7,Op-Alice,Morning,2026-02-15 11:29,0,None,PASS
BAT-14252,M-04,Line-2,PROD-D40,86.8,10.35,1391,5.22,51.0,Op-Bob,Afternoon,2026-02-25 11:29,1,Surface Crack,REWORK
BAT-14253,M-01,Line-1,PROD-A10,76.9,8.67,1239,2.56,49.9,Op-Charlie,Night,2026-07-17 11:29,0,None,PASS
BAT-14254,M-08,Line-4,PROD-A10,74.5,8.22,1240,1.91,47.9,Op-Elena,Morning,2026-05-19 11:29,0,None,PASS
BAT-14255,M-04,Line-2,PROD-A10,83.4,10.25,1343,4.99,72.2,Op-Bob,Morning,2026-04-24 11:29,1,Surface Crack,REWORK
BAT-14256,M-05,Line-3,PROD-D40,74.9,8.57,1196,1.4,44.1,Op-David,Morning,2026-05-03 11:29,0,None,PASS
BAT-14257,M-03,Line-2,PROD-B20,79.4,7.7,1166,1.74,42.2,Op-David,Night,2026-04-26 11:29,0,None,PASS
BAT-14258,M-07,Line-4,PROD-B20,78.9,4.35,1459,3.11,62.0,Op-Bob,Night,2026-03-09 11:29,1,Dimensional Deviation,SCRAP
BAT-14259,M-05,Line-3,PROD-A10,74.8,8.11,1231,2.06,46.4,Op-Bob,Afternoon,2026-07-06 11:29,0,None,PASS
BAT-14260,M-02,Line-1,PROD-A10,82.5,8.48,1168,2.48,48.6,Op-Bob,Night,2026-05-26 11:29,0,None,PASS
BAT-14261,M-07,Line-4,PROD-C30,84.6,5.96,1333,4.25,54.6,Op-Elena,Afternoon,2026-03-04 11:29,1,Surface Crack,REWORK
BAT-14262,M-01,Line-1,PROD-D40,72.4,8.54,1155,1.76,47.1,Op-Frank,Night,2026-04-08 11:29,0,None,PASS
BAT-14263,M-04,Line-2,PROD-A10,87.5,9.92,1350,3.66,68.8,Op-Alice,Morning,2026-05-20 11:29,1,Porosity,SCRAP
BAT-14264,M-01,Line-1,PROD-A10,74.7,7.57,1207,2.26,51.1,Op-David,Night,2026-04-14 11:29,0,None,PASS
BAT-14265,M-05,Line-3,PROD-A10,74.9,8.47,1188,2.45,51.4,Op-Alice,Morning,2026-04-08 11:29,0,None,PASS
BAT-14266,M-05,Line-3,PROD-B20,75.1,8.25,1259,2.26,49.2,Op-David,Night,2026-05-28 11:29,0,None,PASS
BAT-14267,M-04,Line-2,PROD-C30,88.3,9.36,1408,6.0,74.3,Op-Elena,Morning,2026-04-23 11:29,1,Surface Crack,REWORK
BAT-14268,M-05,Line-3,PROD-A10,78.7,8.9,1189,2.48,53.5,Op-Frank,Morning,2026-02-28 11:29,0,None,PASS
BAT-14269,M-08,Line-4,PROD-B20,77.5,8.48,1266,2.01,45.7,Op-Alice,Morning,2026-04-15 11:29,0,None,PASS
BAT-14270,M-02,Line-1,PROD-A10,69.3,9.33,1344,1.9,46.1,Op-David,Morning,2026-04-23 11:29,0,None,PASS
BAT-14271,M-02,Line-1,PROD-A10,71.8,8.61,1099,1.51,46.5,Op-Alice,Afternoon,2026-07-27 11:29,0,None,PASS
BAT-14272,M-03,Line-2,PROD-A10,75.9,8.29,1226,2.01,46.6,Op-Bob,Night,2026-07-03 11:29,0,None,PASS
BAT-14273,M-07,Line-4,PROD-D40,76.6,4.65,1253,2.78,46.8,Op-Alice,Afternoon,2026-06-29 11:29,0,None,PASS
BAT-14274,M-02,Line-1,PROD-A10,71.5,9.01,1209,1.57,46.4,Op-Bob,Afternoon,2026-03-18 11:29,0,None,PASS
BAT-14275,M-04,Line-2,PROD-C30,86.0,9.75,1425,3.45,67.7,Op-Elena,Night,2026-05-05 11:29,1,Dimensional Deviation,REWORK
BAT-14276,M-03,Line-2,PROD-A10,74.0,8.42,1236,1.95,43.4,Op-Bob,Afternoon,2026-04-01 11:29,0,None,PASS
BAT-14277,M-01,Line-1,PROD-D40,74.6,8.85,1277,2.3,46.1,Op-Elena,Night,2026-03-06 11:29,0,None,PASS
BAT-14278,M-02,Line-1,PROD-B20,76.6,8.85,1256,2.38,45.5,Op-Elena,Afternoon,2026-02-25 11:29,0,None,PASS
BAT-14279,M-08,Line-4,PROD-A10,73.1,9.7,1216,2.44,35.8,Op-Frank,Morning,2026-06-16 11:29,0,None,PASS
BAT-14280,M-03,Line-2,PROD-A10,75.0,8.61,1158,2.29,46.1,Op-Elena,Night,2026-04-30 11:29,0,None,PASS
BAT-14281,M-01,Line-1,PROD-B20,72.0,8.64,1197,2.17,47.4,Op-Charlie,Afternoon,2026-07-31 11:29,0,None,PASS
BAT-14282,M-03,Line-2,PROD-A10,73.2,8.28,1306,2.92,45.9,Op-Charlie,Morning,2026-03-12 11:29,0,None,PASS
BAT-14283,M-08,Line-4,PROD-C30,76.5,7.61,1178,2.51,49.7,Op-Charlie,Morning,2026-06-14 11:29,0,None,PASS
BAT-14284,M-02,Line-1,PROD-B20,75.9,8.48,1202,2.31,44.8,Op-David,Afternoon,2026-06-20 11:29,0,None,PASS
BAT-14285,M-07,Line-4,PROD-C30,74.6,6.45,1338,4.63,59.5,Op-David,Morning,2026-07-14 11:29,1,Dimensional Deviation,REWORK
BAT-14286,M-02,Line-1,PROD-A10,71.0,9.49,1286,2.15,48.1,Op-Frank,Afternoon,2026-04-28 11:29,0,None,PASS
BAT-14287,M-02,Line-1,PROD-D40,72.4,7.81,1215,2.67,36.4,Op-Alice,Night,2026-04-24 11:29,0,None,PASS
BAT-14288,M-03,Line-2,PROD-A10,77.6,8.91,1203,1.64,51.9,Op-Charlie,Afternoon,2026-02-22 11:29,0,None,PASS
BAT-14289,M-04,Line-2,PROD-A10,80.5,9.45,1536,4.48,64.2,Op-Charlie,Morning,2026-05-05 11:29,1,Surface Crack,REWORK
BAT-14290,M-07,Line-4,PROD-B20,76.7,7.02,1244,2.96,58.5,Op-David,Morning,2026-05-25 11:29,0,None,PASS
BAT-14291,M-06,Line-3,PROD-C30,73.1,8.44,1180,2.12,43.7,Op-Bob,Afternoon,2026-03-26 11:29,0,None,PASS
BAT-14292,M-08,Line-4,PROD-C30,71.6,7.99,1178,2.34,44.8,Op-Alice,Morning,2026-03-17 11:29,0,None,PASS
BAT-14293,M-05,Line-3,PROD-D40,72.9,8.97,1226,2.4,47.6,Op-Frank,Morning,2026-06-09 11:29,0,None,PASS
BAT-14294,M-05,Line-3,PROD-C30,71.6,8.06,1139,1.72,41.4,Op-David,Afternoon,2026-07-14 11:29,0,None,PASS
BAT-14295,M-04,Line-2,PROD-A10,83.4,10.9,1593,4.66,69.1,Op-Alice,Afternoon,2026-03-09 11:29,1,Surface Crack,SCRAP
BAT-14296,M-06,Line-3,PROD-D40,71.2,7.67,1237,2.04,40.4,Op-David,Afternoon,2026-07-29 11:29,0,None,PASS
BAT-14297,M-04,Line-2,PROD-C30,84.6,10.91,1323,5.44,62.3,Op-Charlie,Night,2026-04-26 11:29,1,Surface Crack,SCRAP
BAT-14298,M-03,Line-2,PROD-D40,68.1,9.95,1195,1.62,49.1,Op-Frank,Night,2026-03-04 11:29,0,None,PASS
BAT-14299,M-07,Line-4,PROD-D40,77.9,7.88,1364,3.62,58.8,Op-Bob,Night,2026-05-13 11:29,0,None,PASS
BAT-14300,M-01,Line-1,PROD-C30,76.3,8.76,1214,2.24,44.9,Op-David,Morning,2026-06-11 11:29,0,None,PASS
BAT-14301,M-01,Line-1,PROD-A10,80.0,7.71,1211,2.77,50.0,Op-Charlie,Night,2026-04-21 11:29,0,None,PASS
BAT-14302,M-04,Line-2,PROD-A10,89.2,9.38,1297,5.38,72.1,Op-David,Night,2026-07-25 11:29,0,None,PASS
BAT-14303,M-07,Line-4,PROD-B20,78.4,7.69,1259,2.96,52.9,Op-Charlie,Morning,2026-08-08 11:29,0,None,PASS
BAT-14304,M-02,Line-1,PROD-A10,75.0,9.63,1182,2.16,43.5,Op-Alice,Night,2026-05-26 11:29,0,None,PASS
BAT-14305,M-01,Line-1,PROD-C30,67.7,9.3,1193,1.84,44.8,Op-Alice,Afternoon,2026-03-16 11:29,0,None,PASS
BAT-14306,M-01,Line-1,PROD-D40,76.1,7.77,1244,2.23,48.6,Op-David,Morning,2026-03-31 11:29,0,None,PASS
BAT-14307,M-02,Line-1,PROD-A10,78.8,8.78,1146,2.22,44.3,Op-Charlie,Night,2026-03-23 11:29,0,None,PASS
BAT-14308,M-03,Line-2,PROD-B20,77.0,8.52,1231,2.72,50.8,Op-Bob,Morning,2026-07-02 11:29,0,None,PASS
BAT-14309,M-01,Line-1,PROD-C30,76.0,9.3,1272,1.98,45.7,Op-David,Afternoon,2026-03-21 11:29,0,None,PASS
BAT-14310,M-06,Line-3,PROD-C30,72.9,8.39,1169,1.76,47.8,Op-Alice,Morning,2026-04-20 11:29,0,None,PASS
BAT-14311,M-05,Line-3,PROD-D40,71.9,9.14,1184,2.2,41.0,Op-Elena,Morning,2026-04-09 11:29,0,None,PASS
BAT-14312,M-02,Line-1,PROD-A10,74.3,8.25,1154,2.66,44.1,Op-Bob,Afternoon,2026-07-30 11:29,0,None,PASS
BAT-14313,M-06,Line-3,PROD-B20,70.3,8.89,1227,1.65,51.0,Op-Charlie,Afternoon,2026-03-19 11:29,0,None,PASS
BAT-14314,M-03,Line-2,PROD-A10,73.6,9.45,1154,2.61,44.2,Op-David,Afternoon,2026-03-12 11:29,0,None,PASS
BAT-14315,M-06,Line-3,PROD-D40,75.3,8.82,1226,2.14,50.4,Op-Elena,Morning,2026-07-13 11:29,0,None,PASS
BAT-14316,M-04,Line-2,PROD-A10,82.0,9.11,1499,5.12,68.8,Op-Bob,Night,2026-02-14 11:29,1,Surface Crack,REWORK
BAT-14317,M-05,Line-3,PROD-A10,72.0,8.32,1184,1.55,49.2,Op-Elena,Afternoon,2026-05-05 11:29,0,None,PASS
BAT-14318,M-02,Line-1,PROD-C30,76.6,9.53,1204,2.07,49.9,Op-Bob,Night,2026-03-06 11:29,0,None,PASS
BAT-14319,M-05,Line-3,PROD-C30,73.9,8.39,1176,2.6,56.1,Op-David,Night,2026-05-25 11:29,0,None,PASS
BAT-14320,M-05,Line-3,PROD-B20,76.8,8.04,1260,2.1,47.2,Op-Elena,Morning,2026-03-26 11:29,0,None,PASS
BAT-14321,M-04,Line-2,PROD-A10,78.4,9.51,1237,2.05,72.2,Op-David,Morning,2026-05-09 11:29,0,None,PASS
BAT-14322,M-01,Line-1,PROD-B20,74.2,8.18,1111,2.38,53.3,Op-David,Night,2026-07-09 11:29,0,None,PASS
BAT-14323,M-03,Line-2,PROD-A10,77.2,8.95,1147,2.85,48.6,Op-Bob,Night,2026-07-18 11:29,0,None,PASS
BAT-14324,M-08,Line-4,PROD-C30,76.7,8.29,1237,2.11,46.5,Op-Bob,Night,2026-05-24 11:29,0,None,PASS
BAT-14325,M-01,Line-1,PROD-C30,74.8,9.21,1219,2.3,50.9,Op-Charlie,Night,2026-05-03 11:29,0,None,PASS
BAT-14326,M-08,Line-4,PROD-C30,75.0,8.4,1179,2.12,46.2,Op-Elena,Night,2026-04-29 11:29,0,None,PASS
BAT-14327,M-01,Line-1,PROD-C30,75.9,8.62,1276,2.63,39.0,Op-Bob,Night,2026-02-10 11:29,0,None,PASS
BAT-14328,M-07,Line-4,PROD-A10,78.0,5.0,1381,3.06,52.4,Op-Frank,Afternoon,2026-05-12 11:29,0,None,PASS
BAT-14329,M-07,Line-4,PROD-A10,76.9,5.75,1342,3.05,52.9,Op-David,Morning,2026-02-22 11:29,1,Dimensional Deviation,REWORK
BAT-14330,M-04,Line-2,PROD-B20,86.2,10.2,1395,3.86,66.5,Op-David,Afternoon,2026-05-16 11:29,1,Surface Crack,REWORK
BAT-14331,M-07,Line-4,PROD-C30,79.9,6.45,1317,3.73,53.0,Op-Bob,Afternoon,2026-05-27 11:29,1,Dimensional Deviation,REWORK
BAT-14332,M-02,Line-1,PROD-C30,76.0,8.25,1241,2.23,49.9,Op-Elena,Night,2026-02-24 11:29,0,None,PASS
BAT-14333,M-04,Line-2,PROD-A10,82.5,10.49,1216,6.9,59.2,Op-Elena,Afternoon,2026-03-31 11:29,1,Surface Crack,REWORK
BAT-14334,M-03,Line-2,PROD-D40,77.3,8.47,1179,2.14,49.3,Op-Charlie,Afternoon,2026-04-28 11:29,0,None,PASS
BAT-14335,M-08,Line-4,PROD-B20,74.6,8.28,1240,1.89,50.8,Op-Charlie,Morning,2026-06-26 11:29,0,None,PASS
BAT-14336,M-03,Line-2,PROD-B20,73.8,8.59,1220,2.1,43.8,Op-Frank,Morning,2026-04-15 11:29,0,None,PASS
BAT-14337,M-05,Line-3,PROD-A10,73.5,8.82,1119,2.36,52.1,Op-Alice,Afternoon,2026-03-02 11:29,0,None,PASS
BAT-14338,M-03,Line-2,PROD-C30,76.6,8.47,1276,3.42,37.8,Op-Alice,Night,2026-05-05 11:29,0,None,PASS
BAT-14339,M-07,Line-4,PROD-A10,80.3,6.83,1374,4.88,61.1,Op-Charlie,Night,2026-05-07 11:29,1,Surface Crack,REWORK
BAT-14340,M-01,Line-1,PROD-D40,70.4,9.12,1189,1.93,42.5,Op-Bob,Afternoon,2026-07-04 11:29,0,None,PASS
BAT-14341,M-01,Line-1,PROD-B20,71.6,8.8,1196,2.5,51.3,Op-Charlie,Morning,2026-05-15 11:29,0,None,PASS
BAT-14342,M-04,Line-2,PROD-B20,85.9,9.54,1326,4.72,68.5,Op-Bob,Night,2026-03-18 11:29,1,Surface Crack,REWORK
BAT-14343,M-05,Line-3,PROD-C30,71.3,8.57,1211,3.35,48.0,Op-Bob,Morning,2026-03-03 11:29,0,None,PASS
BAT-14344,M-03,Line-2,PROD-D40,73.8,8.56,1160,1.4,54.0,Op-Bob,Morning,2026-04-22 11:29,1,Dimensional Deviation,SCRAP
BAT-14345,M-07,Line-4,PROD-B20,71.7,3.18,1287,3.59,51.5,Op-Frank,Night,2026-07-13 11:29,1,Dimensional Deviation,REWORK
BAT-14346,M-08,Line-4,PROD-C30,72.8,8.23,1221,2.87,41.5,Op-Bob,Night,2026-03-17 11:29,0,None,PASS
BAT-14347,M-01,Line-1,PROD-C30,75.9,8.71,1301,2.2,48.7,Op-Alice,Afternoon,2026-06-08 11:29,0,None,PASS
BAT-14348,M-03,Line-2,PROD-A10,73.8,7.57,1218,2.86,50.1,Op-Charlie,Night,2026-04-12 11:29,0,None,PASS
BAT-14349,M-07,Line-4,PROD-D40,80.2,7.99,1321,2.59,60.8,Op-Elena,Morning,2026-06-11 11:29,0,None,PASS
BAT-14350,M-01,Line-1,PROD-D40,72.1,8.92,1109,2.26,54.1,Op-Bob,Morning,2026-05-11 11:29,0,None,PASS
BAT-14351,M-04,Line-2,PROD-A10,81.6,10.47,1593,4.79,72.6,Op-Bob,Night,2026-03-22 11:29,1,Surface Crack,REWORK
BAT-14352,M-06,Line-3,PROD-A10,75.9,7.59,1197,3.28,45.7,Op-Bob,Morning,2026-02-21 11:29,0,None,PASS
BAT-14353,M-01,Line-1,PROD-A10,70.9,8.03,1192,2.35,46.8,Op-Elena,Morning,2026-07-24 11:29,0,None,PASS
BAT-14354,M-06,Line-3,PROD-B20,75.2,8.33,1228,2.9,46.8,Op-David,Night,2026-06-14 11:29,0,None,PASS
BAT-14355,M-01,Line-1,PROD-A10,76.4,8.67,1235,2.95,46.9,Op-Alice,Night,2026-02-15 11:29,0,None,PASS
BAT-14356,M-06,Line-3,PROD-D40,77.9,9.1,1209,1.99,47.1,Op-Alice,Afternoon,2026-03-19 11:29,0,None,PASS
BAT-14357,M-06,Line-3,PROD-D40,78.7,8.91,1220,1.99,46.3,Op-Frank,Night,2026-08-02 11:29,0,None,PASS
BAT-14358,M-08,Line-4,PROD-A10,81.6,8.33,1256,2.45,54.1,Op-Elena,Night,2026-05-15 11:29,0,None,PASS
BAT-14359,M-05,Line-3,PROD-A10,74.0,8.72,1128,2.23,44.9,Op-Frank,Afternoon,2026-07-08 11:29,0,None,PASS
BAT-14360,M-03,Line-2,PROD-B20,72.5,8.96,1314,2.25,47.5,Op-Alice,Afternoon,2026-05-09 11:29,0,None,PASS
BAT-14361,M-04,Line-2,PROD-B20,86.0,11.35,1347,5.52,61.6,Op-Frank,Morning,2026-03-03 11:29,0,None,PASS
BAT-14362,M-08,Line-4,PROD-D40,73.0,8.96,1263,2.52,51.8,Op-Elena,Morning,2026-04-23 11:29,0,None,PASS
BAT-14363,M-05,Line-3,PROD-D40,76.0,8.02,1239,2.26,42.3,Op-Frank,Afternoon,2026-04-13 11:29,0,None,PASS
BAT-14364,M-02,Line-1,PROD-C30,72.1,8.71,1197,1.31,40.3,Op-Charlie,Morning,2026-08-02 11:29,0,None,PASS
BAT-14365,M-02,Line-1,PROD-A10,78.2,8.42,1180,2.07,51.3,Op-Frank,Afternoon,2026-06-17 11:29,0,None,PASS
BAT-14366,M-07,Line-4,PROD-D40,85.0,5.62,1412,2.7,59.0,Op-Charlie,Morning,2026-05-09 11:29,1,Dimensional Deviation,REWORK
BAT-14367,M-07,Line-4,PROD-A10,80.1,4.64,1173,3.15,60.8,Op-Bob,Morning,2026-07-07 11:29,1,Dimensional Deviation,REWORK
BAT-14368,M-06,Line-3,PROD-D40,68.7,8.26,1242,2.37,44.2,Op-Elena,Morning,2026-05-25 11:29,0,None,PASS
BAT-14369,M-01,Line-1,PROD-B20,72.1,8.74,1155,1.47,45.4,Op-Bob,Morning,2026-02-27 11:29,0,None,PASS
BAT-14370,M-07,Line-4,PROD-D40,76.8,7.71,1257,1.88,51.1,Op-Frank,Night,2026-08-03 11:29,0,None,PASS
BAT-14371,M-01,Line-1,PROD-D40,74.3,8.21,1219,1.92,44.8,Op-Frank,Afternoon,2026-07-21 11:29,0,None,PASS
BAT-14372,M-06,Line-3,PROD-B20,73.7,8.92,1315,2.71,43.9,Op-Bob,Morning,2026-04-01 11:29,0,None,PASS
BAT-14373,M-02,Line-1,PROD-C30,75.9,8.85,1181,2.05,46.0,Op-Elena,Morning,2026-02-28 11:29,0,None,PASS
BAT-14374,M-07,Line-4,PROD-C30,81.9,8.79,1290,3.17,56.6,Op-Frank,Night,2026-05-15 11:29,0,None,PASS
BAT-14375,M-08,Line-4,PROD-A10,73.5,7.57,1266,2.06,47.8,Op-Alice,Afternoon,2026-03-20 11:29,0,None,PASS
BAT-14376,M-04,Line-2,PROD-A10,88.4,10.35,1373,3.24,80.4,Op-Alice,Morning,2026-04-13 11:29,0,None,PASS
BAT-14377,M-06,Line-3,PROD-B20,74.5,8.24,1209,2.32,47.2,Op-Elena,Night,2026-07-04 11:29,0,None,PASS
BAT-14378,M-03,Line-2,PROD-B20,75.1,8.45,1153,1.89,45.9,Op-Frank,Night,2026-02-28 11:29,0,None,PASS
BAT-14379,M-05,Line-3,PROD-D40,73.6,8.57,1279,2.77,43.3,Op-Charlie,Night,2026-07-28 11:29,0,None,PASS
BAT-14380,M-07,Line-4,PROD-D40,72.3,3.0,1402,3.75,62.2,Op-Elena,Morning,2026-03-14 11:29,0,None,PASS
BAT-14381,M-05,Line-3,PROD-A10,74.9,7.77,1186,2.34,43.6,Op-David,Night,2026-07-01 11:29,0,None,PASS
BAT-14382,M-08,Line-4,PROD-D40,76.7,8.65,1276,2.44,54.9,Op-Charlie,Night,2026-02-28 11:29,0,None,PASS
BAT-14383,M-06,Line-3,PROD-B20,75.5,7.74,1217,2.44,47.4,Op-Elena,Morning,2026-02-20 11:29,0,None,PASS
BAT-14384,M-05,Line-3,PROD-A10,73.3,8.13,1248,2.03,46.5,Op-David,Afternoon,2026-03-23 11:29,0,None,PASS
BAT-14385,M-07,Line-4,PROD-C30,76.6,8.69,1327,2.79,54.4,Op-Bob,Afternoon,2026-06-03 11:29,0,None,PASS
BAT-14386,M-04,Line-2,PROD-C30,83.4,8.24,1432,4.67,65.6,Op-Alice,Morning,2026-06-14 11:29,1,Surface Crack,REWORK
BAT-14387,M-06,Line-3,PROD-B20,76.2,9.03,1181,1.57,50.4,Op-Bob,Afternoon,2026-05-14 11:29,0,None,PASS
BAT-14388,M-06,Line-3,PROD-D40,75.2,9.31,1213,2.76,48.1,Op-Elena,Afternoon,2026-05-26 11:29,0,None,PASS
BAT-14389,M-08,Line-4,PROD-C30,72.8,7.99,1187,2.17,49.1,Op-Elena,Afternoon,2026-03-22 11:29,0,None,PASS
BAT-14390,M-05,Line-3,PROD-C30,76.5,8.15,1232,2.27,51.2,Op-Alice,Morning,2026-04-29 11:29,0,None,PASS
BAT-14391,M-03,Line-2,PROD-C30,73.0,8.66,1284,2.32,59.1,Op-Alice,Afternoon,2026-07-08 11:29,0,None,PASS
BAT-14392,M-07,Line-4,PROD-C30,81.4,6.81,1526,3.88,55.7,Op-David,Night,2026-05-06 11:29,1,Surface Crack,REWORK
BAT-14393,M-01,Line-1,PROD-D40,74.5,8.23,1159,2.39,50.6,Op-Bob,Afternoon,2026-05-27 11:29,0,None,PASS
BAT-14394,M-03,Line-2,PROD-B20,70.8,8.94,1225,1.46,51.8,Op-Frank,Afternoon,2026-08-08 11:29,1,Porosity,REWORK
BAT-14395,M-04,Line-2,PROD-C30,81.3,10.31,1562,6.12,70.4,Op-Frank,Afternoon,2026-03-17 11:29,1,Surface Crack,REWORK
BAT-14396,M-05,Line-3,PROD-D40,75.7,9.21,1172,1.94,45.2,Op-Frank,Afternoon,2026-02-11 11:29,0,None,PASS
BAT-14397,M-04,Line-2,PROD-C30,81.7,11.2,1569,4.11,80.6,Op-David,Afternoon,2026-06-30 11:29,0,None,PASS
BAT-14398,M-01,Line-1,PROD-C30,73.7,8.69,1175,2.54,48.6,Op-Charlie,Afternoon,2026-07-05 11:29,0,None,PASS
BAT-14399,M-03,Line-2,PROD-C30,81.1,8.38,1278,2.36,48.2,Op-Alice,Night,2026-04-25 11:29,0,None,PASS
BAT-14400,M-01,Line-1,PROD-D40,75.2,8.59,1190,1.03,53.2,Op-Alice,Morning,2026-04-09 11:29,0,None,PASS
BAT-14401,M-03,Line-2,PROD-A10,75.2,9.28,1238,2.18,43.2,Op-Charlie,Afternoon,2026-07-02 11:29,0,None,PASS
BAT-14402,M-03,Line-2,PROD-B20,73.1,8.62,1279,2.19,46.5,Op-Bob,Afternoon,2026-07-25 11:29,0,None,PASS
BAT-14403,M-03,Line-2,PROD-A10,77.0,8.88,1258,1.79,43.5,Op-Elena,Night,2026-04-20 11:29,0,None,PASS
BAT-14404,M-07,Line-4,PROD-D40,82.5,6.41,1440,2.31,62.2,Op-David,Night,2026-06-03 11:29,1,Dimensional Deviation,REWORK
BAT-14405,M-04,Line-2,PROD-B20,85.1,8.06,1495,4.9,62.1,Op-Elena,Afternoon,2026-04-02 11:29,1,Surface Crack,REWORK
BAT-14406,M-03,Line-2,PROD-B20,75.6,9.28,1215,2.04,58.5,Op-Alice,Morning,2026-08-02 11:29,0,None,PASS
BAT-14407,M-05,Line-3,PROD-B20,70.2,9.0,1215,2.21,48.8,Op-David,Afternoon,2026-06-29 11:29,0,None,PASS
BAT-14408,M-04,Line-2,PROD-D40,80.8,10.41,1382,4.11,68.7,Op-David,Night,2026-07-07 11:29,1,Surface Crack,SCRAP
BAT-14409,M-03,Line-2,PROD-D40,78.4,8.36,1155,2.37,49.4,Op-David,Night,2026-07-23 11:29,0,None,PASS
BAT-14410,M-04,Line-2,PROD-D40,81.5,10.0,1309,4.27,70.4,Op-Alice,Afternoon,2026-07-23 11:29,1,Surface Crack,SCRAP
BAT-14411,M-05,Line-3,PROD-D40,71.8,8.33,1266,1.61,45.7,Op-Elena,Morning,2026-02-16 11:29,0,None,PASS
BAT-14412,M-06,Line-3,PROD-D40,75.7,8.91,1193,1.73,49.1,Op-Charlie,Night,2026-02-23 11:29,0,None,PASS
BAT-14413,M-04,Line-2,PROD-B20,80.5,12.69,1514,5.56,71.6,Op-Charlie,Night,2026-05-15 11:29,1,Surface Crack,REWORK
BAT-14414,M-04,Line-2,PROD-C30,84.2,9.45,1372,3.76,73.0,Op-Alice,Night,2026-02-10 11:29,1,Porosity,REWORK
BAT-14415,M-02,Line-1,PROD-D40,76.1,9.1,1240,1.94,50.6,Op-Charlie,Night,2026-08-05 11:29,0,None,PASS
BAT-14416,M-01,Line-1,PROD-A10,74.7,8.99,1209,2.21,53.0,Op-Bob,Night,2026-06-20 11:29,0,None,PASS
BAT-14417,M-01,Line-1,PROD-C30,75.9,9.24,1246,2.31,42.3,Op-Charlie,Night,2026-02-27 11:29,0,None,PASS
BAT-14418,M-01,Line-1,PROD-C30,74.4,8.6,1256,2.71,46.6,Op-Bob,Morning,2026-05-10 11:29,0,None,PASS
BAT-14419,M-06,Line-3,PROD-A10,73.5,8.57,1227,1.99,48.0,Op-Frank,Morning,2026-05-05 11:29,0,None,PASS
BAT-14420,M-02,Line-1,PROD-C30,73.2,8.32,1193,2.42,53.3,Op-Elena,Night,2026-04-06 11:29,0,None,PASS
BAT-14421,M-08,Line-4,PROD-C30,74.6,7.39,1186,2.31,50.9,Op-Charlie,Night,2026-02-22 11:29,0,None,PASS
BAT-14422,M-01,Line-1,PROD-A10,71.6,7.49,1142,2.42,50.6,Op-David,Night,2026-05-02 11:29,0,None,PASS
BAT-14423,M-08,Line-4,PROD-A10,75.3,8.8,1261,1.6,47.9,Op-David,Afternoon,2026-06-30 11:29,0,None,PASS
BAT-14424,M-02,Line-1,PROD-A10,71.7,9.36,1249,2.99,47.2,Op-Bob,Afternoon,2026-07-28 11:29,0,None,PASS
BAT-14425,M-04,Line-2,PROD-D40,83.6,9.99,1346,5.37,68.9,Op-Frank,Morning,2026-06-01 11:29,1,Surface Crack,REWORK
BAT-14426,M-07,Line-4,PROD-D40,80.5,4.98,1351,3.28,57.1,Op-Elena,Afternoon,2026-03-10 11:29,1,Dimensional Deviation,REWORK
BAT-14427,M-07,Line-4,PROD-D40,81.4,7.14,1282,4.63,63.8,Op-Charlie,Night,2026-06-23 11:29,1,Surface Crack,REWORK
BAT-14428,M-07,Line-4,PROD-A10,71.8,7.52,1276,4.16,48.4,Op-David,Morning,2026-05-03 11:29,0,None,PASS
BAT-14429,M-06,Line-3,PROD-B20,77.0,7.88,1215,2.11,45.7,Op-Charlie,Morning,2026-04-16 11:29,0,None,PASS
BAT-14430,M-02,Line-1,PROD-C30,71.7,8.49,1229,2.76,46.2,Op-David,Afternoon,2026-06-02 11:29,0,None,PASS
BAT-14431,M-06,Line-3,PROD-B20,73.7,8.2,1224,2.2,46.2,Op-Charlie,Morning,2026-04-14 11:29,0,None,PASS
BAT-14432,M-03,Line-2,PROD-C30,71.9,9.07,1190,1.82,48.8,Op-Bob,Afternoon,2026-05-23 11:29,0,None,PASS
BAT-14433,M-02,Line-1,PROD-D40,74.1,7.88,1113,2.4,49.2,Op-Frank,Afternoon,2026-05-06 11:29,0,None,PASS
BAT-14434,M-02,Line-1,PROD-C30,72.3,8.38,1250,1.77,50.2,Op-Elena,Afternoon,2026-05-29 11:29,0,None,PASS
BAT-14435,M-08,Line-4,PROD-B20,73.1,9.48,1252,2.15,53.4,Op-Alice,Morning,2026-02-11 11:29,0,None,PASS
BAT-14436,M-06,Line-3,PROD-B20,73.9,9.02,1190,2.11,53.4,Op-Bob,Afternoon,2026-03-27 11:29,0,None,PASS
BAT-14437,M-07,Line-4,PROD-D40,81.0,6.96,1461,4.74,46.7,Op-Elena,Night,2026-07-25 11:29,1,Surface Crack,REWORK
BAT-14438,M-06,Line-3,PROD-A10,77.3,8.01,1200,1.96,47.7,Op-Bob,Afternoon,2026-03-14 11:29,0,None,PASS
BAT-14439,M-06,Line-3,PROD-C30,72.6,8.92,1178,1.8,41.2,Op-David,Morning,2026-04-12 11:29,1,Contamination,REWORK
BAT-14440,M-04,Line-2,PROD-A10,89.2,9.7,1348,3.28,56.8,Op-Elena,Night,2026-06-10 11:29,0,None,PASS
BAT-14441,M-01,Line-1,PROD-D40,73.2,8.48,1209,2.58,53.3,Op-Bob,Night,2026-03-24 11:29,0,None,PASS
BAT-14442,M-08,Line-4,PROD-D40,75.5,8.87,1217,2.63,50.0,Op-David,Night,2026-03-11 11:29,0,None,PASS
BAT-14443,M-05,Line-3,PROD-B20,72.1,8.54,1161,2.12,47.8,Op-Charlie,Morning,2026-08-06 11:29,0,None,PASS
BAT-14444,M-07,Line-4,PROD-B20,85.3,4.29,1303,3.62,51.1,Op-Alice,Night,2026-02-25 11:29,1,Dimensional Deviation,SCRAP
BAT-14445,M-03,Line-2,PROD-A10,77.8,8.24,1276,2.01,47.1,Op-Alice,Morning,2026-04-22 11:29,0,None,PASS
BAT-14446,M-05,Line-3,PROD-C30,70.1,8.18,1134,1.76,52.8,Op-David,Morning,2026-08-02 11:29,0,None,PASS
BAT-14447,M-06,Line-3,PROD-D40,75.3,8.74,1183,2.65,49.4,Op-Frank,Night,2026-06-04 11:29,0,None,PASS
BAT-14448,M-02,Line-1,PROD-D40,75.2,7.73,1187,2.3,51.2,Op-Alice,Night,2026-07-08 11:29,0,None,PASS
BAT-14449,M-08,Line-4,PROD-A10,72.0,8.98,1218,1.67,47.4,Op-David,Afternoon,2026-07-16 11:29,0,None,PASS
BAT-14450,M-07,Line-4,PROD-D40,82.6,5.54,1343,3.2,61.2,Op-David,Afternoon,2026-04-26 11:29,1,Dimensional Deviation,SCRAP
BAT-14451,M-07,Line-4,PROD-B20,80.2,7.27,1304,2.15,54.4,Op-Bob,Afternoon,2026-04-19 11:29,1,Contamination,SCRAP
BAT-14452,M-03,Line-2,PROD-B20,75.6,9.17,1276,1.26,52.5,Op-Charlie,Morning,2026-08-01 11:29,0,None,PASS
BAT-14453,M-06,Line-3,PROD-B20,72.1,8.51,1193,2.94,51.4,Op-David,Night,2026-04-02 11:29,0,None,PASS
BAT-14454,M-03,Line-2,PROD-B20,75.4,9.0,1203,1.34,48.0,Op-Alice,Night,2026-03-01 11:29,0,None,PASS
BAT-14455,M-04,Line-2,PROD-A10,76.1,9.86,1346,5.12,61.7,Op-David,Morning,2026-05-13 11:29,0,None,PASS
BAT-14456,M-08,Line-4,PROD-B20,72.4,9.58,1276,1.49,49.7,Op-David,Morning,2026-03-11 11:29,0,None,PASS
BAT-14457,M-02,Line-1,PROD-A10,71.7,8.06,1186,1.87,48.8,Op-Charlie,Morning,2026-08-08 11:29,0,None,PASS
BAT-14458,M-02,Line-1,PROD-D40,77.7,8.93,1187,2.64,39.4,Op-Frank,Morning,2026-05-28 11:29,1,Contamination,REWORK
BAT-14459,M-07,Line-4,PROD-C30,82.9,3.52,1226,2.23,60.3,Op-Elena,Night,2026-04-04 11:29,0,None,PASS
BAT-14460,M-08,Line-4,PROD-C30,74.8,8.82,1219,2.87,42.0,Op-Elena,Afternoon,2026-07-02 11:29,0,None,PASS
BAT-14461,M-04,Line-2,PROD-B20,81.9,8.8,1338,4.7,72.3,Op-Charlie,Afternoon,2026-06-19 11:29,1,Surface Crack,REWORK
BAT-14462,M-08,Line-4,PROD-A10,75.8,8.2,1148,2.45,48.7,Op-Elena,Morning,2026-03-09 11:29,0,None,PASS
BAT-14463,M-07,Line-4,PROD-D40,74.5,7.78,1295,2.38,52.9,Op-Elena,Morning,2026-04-15 11:29,0,None,PASS
BAT-14464,M-07,Line-4,PROD-D40,78.2,7.62,1386,2.72,47.4,Op-Charlie,Night,2026-04-12 11:29,0,None,PASS
BAT-14465,M-01,Line-1,PROD-B20,77.4,9.71,1256,2.04,48.4,Op-Alice,Afternoon,2026-08-06 11:29,0,None,PASS
BAT-14466,M-07,Line-4,PROD-D40,76.6,7.15,1241,3.69,55.0,Op-Charlie,Morning,2026-06-22 11:29,0,None,PASS
BAT-14467,M-07,Line-4,PROD-C30,86.1,7.77,1383,3.06,59.1,Op-Charlie,Night,2026-03-24 11:29,0,None,PASS
BAT-14468,M-08,Line-4,PROD-B20,70.6,7.74,1123,1.34,44.6,Op-Charlie,Morning,2026-02-20 11:29,0,None,PASS
BAT-14469,M-03,Line-2,PROD-A10,76.5,8.45,1201,1.81,47.2,Op-Elena,Afternoon,2026-07-30 11:29,1,Color Variance,SCRAP
BAT-14470,M-07,Line-4,PROD-A10,79.3,5.17,1395,3.44,55.2,Op-Charlie,Morning,2026-07-10 11:29,1,Dimensional Deviation,SCRAP
BAT-14471,M-05,Line-3,PROD-B20,73.5,8.72,1253,1.95,43.6,Op-Bob,Afternoon,2026-03-11 11:29,0,None,PASS
BAT-14472,M-04,Line-2,PROD-A10,78.0,8.9,1516,5.29,71.4,Op-Frank,Night,2026-04-01 11:29,0,None,PASS
BAT-14473,M-06,Line-3,PROD-D40,74.7,8.75,1171,1.68,48.6,Op-Frank,Morning,2026-05-18 11:29,0,None,PASS
BAT-14474,M-04,Line-2,PROD-A10,77.7,10.31,1430,3.77,60.9,Op-Alice,Morning,2026-02-24 11:29,0,None,PASS
BAT-14475,M-01,Line-1,PROD-B20,76.6,8.87,1195,2.72,52.1,Op-Alice,Night,2026-06-03 11:29,0,None,PASS
BAT-14476,M-01,Line-1,PROD-C30,72.0,8.66,1203,1.96,49.1,Op-Elena,Morning,2026-03-26 11:29,0,None,PASS
BAT-14477,M-04,Line-2,PROD-C30,92.0,9.59,1467,5.67,71.5,Op-Frank,Afternoon,2026-02-26 11:29,1,Surface Crack,SCRAP
BAT-14478,M-03,Line-2,PROD-A10,76.3,8.23,1210,3.0,46.1,Op-Elena,Night,2026-04-09 11:29,1,Color Variance,SCRAP
BAT-14479,M-08,Line-4,PROD-D40,71.1,9.23,1171,1.76,50.7,Op-David,Morning,2026-04-13 11:29,0,None,PASS
BAT-14480,M-07,Line-4,PROD-B20,82.7,5.03,1369,3.06,53.6,Op-Elena,Night,2026-02-16 11:29,0,None,PASS
BAT-14481,M-02,Line-1,PROD-B20,77.1,8.14,1099,2.17,50.8,Op-Bob,Night,2026-07-22 11:29,0,None,PASS
BAT-14482,M-02,Line-1,PROD-C30,73.6,9.49,1200,2.17,54.5,Op-Elena,Afternoon,2026-06-07 11:29,0,None,PASS
BAT-14483,M-05,Line-3,PROD-D40,75.9,8.13,1211,2.97,49.3,Op-Alice,Afternoon,2026-04-07 11:29,0,None,PASS
BAT-14484,M-02,Line-1,PROD-A10,76.2,9.43,1208,1.78,41.9,Op-Charlie,Night,2026-06-30 11:29,0,None,PASS
BAT-14485,M-04,Line-2,PROD-A10,81.0,10.93,1459,3.96,61.3,Op-Elena,Afternoon,2026-06-17 11:29,1,Surface Crack,SCRAP
BAT-14486,M-05,Line-3,PROD-B20,76.0,8.02,1205,1.49,47.5,Op-Alice,Night,2026-07-09 11:29,0,None,PASS
BAT-14487,M-05,Line-3,PROD-B20,74.0,8.63,1199,2.41,46.0,Op-Frank,Afternoon,2026-07-15 11:29,0,None,PASS
BAT-14488,M-07,Line-4,PROD-C30,78.4,5.64,1236,3.83,56.5,Op-Frank,Morning,2026-03-08 11:29,1,Dimensional Deviation,REWORK
BAT-14489,M-08,Line-4,PROD-A10,76.4,8.19,1246,1.74,45.0,Op-Elena,Afternoon,2026-06-12 11:29,0,None,PASS
BAT-14490,M-03,Line-2,PROD-B20,75.0,7.85,1234,2.24,44.9,Op-David,Morning,2026-05-31 11:29,0,None,PASS
BAT-14491,M-06,Line-3,PROD-A10,74.3,8.68,1164,2.09,44.0,Op-Alice,Night,2026-07-27 11:29,0,None,PASS
BAT-14492,M-03,Line-2,PROD-D40,73.9,8.68,1199,1.96,49.1,Op-David,Morning,2026-07-11 11:29,0,None,PASS
BAT-14493,M-07,Line-4,PROD-D40,86.5,5.11,1441,4.65,54.5,Op-David,Afternoon,2026-06-21 11:29,1,Surface Crack,REWORK
BAT-14494,M-04,Line-2,PROD-D40,83.8,10.33,1496,6.56,66.8,Op-Frank,Afternoon,2026-03-03 11:29,1,Surface Crack,SCRAP
BAT-14495,M-06,Line-3,PROD-B20,76.6,7.99,1177,2.48,50.2,Op-Bob,Night,2026-07-24 11:29,0,None,PASS
BAT-14496,M-01,Line-1,PROD-D40,77.7,8.35,1271,1.9,48.7,Op-Charlie,Night,2026-07-09 11:29,0,None,PASS
BAT-14497,M-06,Line-3,PROD-A10,72.5,9.23,1182,2.92,46.9,Op-Bob,Afternoon,2026-05-08 11:29,0,None,PASS
BAT-14498,M-08,Line-4,PROD-D40,76.3,8.75,1197,2.31,46.2,Op-Bob,Afternoon,2026-05-03 11:29,0,None,PASS
BAT-14499,M-08,Line-4,PROD-D40,72.7,8.49,1256,1.75,48.3,Op-Charlie,Morning,2026-06-30 11:29,0,None,PASS
BAT-14500,M-06,Line-3,PROD-A10,74.5,8.61,1217,2.29,55.9,Op-Charlie,Morning,2026-02-28 11:29,0,None,PASS
BAT-14501,M-05,Line-3,PROD-A10,73.6,8.61,1249,2.24,46.2,Op-David,Morning,2026-05-20 11:29,0,None,PASS
BAT-14502,M-04,Line-2,PROD-A10,76.8,10.02,1414,4.82,64.0,Op-Bob,Night,2026-05-11 11:29,0,None,PASS
BAT-14503,M-06,Line-3,PROD-A10,79.5,9.48,1208,2.03,45.8,Op-Elena,Night,2026-06-02 11:29,0,None,PASS
BAT-14504,M-02,Line-1,PROD-C30,77.0,8.9,1212,2.75,43.9,Op-Elena,Afternoon,2026-02-20 11:29,1,Color Variance,SCRAP
BAT-14505,M-01,Line-1,PROD-B20,71.7,7.92,1232,1.54,43.3,Op-Charlie,Afternoon,2026-07-12 11:29,0,None,PASS
BAT-14506,M-03,Line-2,PROD-D40,70.4,9.51,1147,2.18,45.5,Op-Elena,Afternoon,2026-05-10 11:29,0,None,PASS
BAT-14507,M-01,Line-1,PROD-B20,74.0,8.95,1252,1.44,46.1,Op-Frank,Morning,2026-03-18 11:29,0,None,PASS
BAT-14508,M-01,Line-1,PROD-A10,71.7,8.82,1211,2.35,48.2,Op-Alice,Night,2026-03-20 11:29,0,None,PASS
BAT-14509,M-01,Line-1,PROD-A10,70.8,9.35,1179,2.35,49.4,Op-Frank,Night,2026-05-21 11:29,0,None,PASS
BAT-14510,M-01,Line-1,PROD-D40,77.5,8.61,1176,1.33,45.9,Op-Charlie,Morning,2026-07-06 11:29,0,None,PASS
BAT-14511,M-01,Line-1,PROD-D40,75.3,9.04,1298,2.73,48.6,Op-Frank,Night,2026-07-13 11:29,0,None,PASS
BAT-14512,M-03,Line-2,PROD-B20,73.6,8.78,1186,1.99,54.1,Op-Bob,Morning,2026-05-25 11:29,0,None,PASS
BAT-14513,M-02,Line-1,PROD-A10,75.4,8.94,1194,1.72,48.2,Op-David,Morning,2026-02-20 11:29,1,Porosity,SCRAP
BAT-14514,M-01,Line-1,PROD-B20,73.0,9.08,1186,1.87,45.7,Op-Charlie,Morning,2026-05-19 11:29,0,None,PASS
BAT-14515,M-07,Line-4,PROD-B20,79.5,7.87,1326,3.29,48.8,Op-Charlie,Night,2026-07-06 11:29,0,None,PASS
BAT-14516,M-04,Line-2,PROD-D40,83.5,8.48,1443,4.82,40.2,Op-Frank,Night,2026-04-24 11:29,0,None,PASS
BAT-14517,M-06,Line-3,PROD-D40,73.8,8.77,1241,1.51,48.9,Op-Frank,Morning,2026-07-24 11:29,0,None,PASS
BAT-14518,M-05,Line-3,PROD-D40,76.2,8.32,1150,1.84,46.1,Op-Frank,Night,2026-05-15 11:29,0,None,PASS
BAT-14519,M-08,Line-4,PROD-C30,71.5,8.91,1146,2.75,48.5,Op-Alice,Night,2026-05-18 11:29,0,None,PASS
BAT-14520,M-08,Line-4,PROD-B20,77.5,8.89,1234,2.83,50.5,Op-Charlie,Night,2026-04-28 11:29,0,None,PASS
BAT-14521,M-06,Line-3,PROD-B20,80.0,8.76,1198,1.54,53.1,Op-Charlie,Afternoon,2026-02-26 11:29,0,None,PASS
BAT-14522,M-07,Line-4,PROD-D40,78.0,7.13,1349,2.8,46.8,Op-Charlie,Night,2026-04-01 11:29,0,None,PASS
BAT-14523,M-05,Line-3,PROD-B20,75.7,8.7,1207,2.5,58.1,Op-Charlie,Night,2026-04-09 11:29,0,None,PASS
BAT-14524,M-06,Line-3,PROD-D40,73.9,8.33,1225,2.15,50.5,Op-Frank,Morning,2026-05-27 11:29,0,None,PASS
BAT-14525,M-04,Line-2,PROD-D40,84.5,11.4,1441,4.48,61.1,Op-David,Afternoon,2026-06-22 11:29,1,Surface Crack,REWORK
BAT-14526,M-08,Line-4,PROD-D40,72.7,7.93,1247,2.24,49.2,Op-Charlie,Night,2026-06-10 11:29,1,Contamination,SCRAP
BAT-14527,M-05,Line-3,PROD-B20,77.4,7.85,1165,1.72,51.3,Op-Bob,Night,2026-05-25 11:29,0,None,PASS
BAT-14528,M-04,Line-2,PROD-C30,87.7,11.32,1338,4.97,74.3,Op-Charlie,Morning,2026-05-31 11:29,0,None,PASS
BAT-14529,M-06,Line-3,PROD-A10,73.2,8.29,1238,2.57,50.3,Op-Charlie,Morning,2026-04-29 11:29,0,None,PASS
BAT-14530,M-01,Line-1,PROD-C30,78.0,8.78,1191,1.76,50.3,Op-Frank,Morning,2026-07-12 11:29,0,None,PASS
BAT-14531,M-05,Line-3,PROD-D40,74.2,8.31,1196,2.15,38.5,Op-David,Morning,2026-02-12 11:29,0,None,PASS
BAT-14532,M-04,Line-2,PROD-C30,86.0,9.42,1559,3.73,80.9,Op-Bob,Night,2026-04-01 11:29,1,Dimensional Deviation,SCRAP
BAT-14533,M-08,Line-4,PROD-B20,73.9,9.2,1152,2.37,43.6,Op-Frank,Afternoon,2026-03-18 11:29,0,None,PASS
BAT-14534,M-06,Line-3,PROD-C30,73.4,8.13,1178,2.21,45.2,Op-Frank,Afternoon,2026-07-30 11:29,0,None,PASS
BAT-14535,M-01,Line-1,PROD-B20,75.9,8.87,1219,2.61,46.3,Op-Elena,Morning,2026-02-26 11:29,0,None,PASS
BAT-14536,M-06,Line-3,PROD-C30,72.7,8.4,1266,1.76,47.8,Op-Alice,Afternoon,2026-02-19 11:29,0,None,PASS
BAT-14537,M-01,Line-1,PROD-C30,73.5,8.4,1262,2.17,38.2,Op-Charlie,Morning,2026-07-28 11:29,0,None,PASS
BAT-14538,M-02,Line-1,PROD-C30,74.0,8.38,1146,1.95,45.1,Op-Bob,Afternoon,2026-04-09 11:29,0,None,PASS
BAT-14539,M-03,Line-2,PROD-D40,69.8,8.63,1194,1.61,46.9,Op-Elena,Afternoon,2026-08-04 11:29,0,None,PASS
BAT-14540,M-04,Line-2,PROD-B20,81.4,9.3,1293,4.58,70.7,Op-David,Night,2026-05-05 11:29,1,Surface Crack,SCRAP
BAT-14541,M-02,Line-1,PROD-A10,78.3,9.33,1199,2.05,46.4,Op-Bob,Morning,2026-07-28 11:29,0,None,PASS
BAT-14542,M-01,Line-1,PROD-C30,78.1,8.25,1172,1.96,43.4,Op-Bob,Afternoon,2026-05-12 11:29,0,None,PASS
BAT-14543,M-08,Line-4,PROD-C30,71.4,8.56,1187,3.1,51.8,Op-Bob,Night,2026-06-01 11:29,0,None,PASS
BAT-14544,M-07,Line-4,PROD-B20,74.2,6.97,1441,3.45,53.5,Op-Frank,Afternoon,2026-03-10 11:29,0,None,PASS
BAT-14545,M-06,Line-3,PROD-D40,74.1,7.79,1225,2.22,40.3,Op-Bob,Night,2026-03-31 11:29,0,None,PASS
BAT-14546,M-06,Line-3,PROD-C30,78.2,8.57,1205,2.11,55.6,Op-Charlie,Afternoon,2026-03-02 11:29,0,None,PASS
BAT-14547,M-07,Line-4,PROD-A10,80.4,5.04,1344,4.92,53.1,Op-Elena,Night,2026-03-02 11:29,1,Surface Crack,REWORK
BAT-14548,M-02,Line-1,PROD-D40,72.6,8.2,1127,1.63,43.6,Op-Frank,Afternoon,2026-05-09 11:29,0,None,PASS
BAT-14549,M-06,Line-3,PROD-B20,72.9,8.12,1192,2.08,51.0,Op-Frank,Afternoon,2026-08-07 11:29,0,None,PASS
BAT-14550,M-07,Line-4,PROD-B20,74.1,8.73,1361,3.45,60.2,Op-David,Morning,2026-06-29 11:29,0,None,PASS
BAT-14551,M-07,Line-4,PROD-D40,78.3,4.45,1327,2.86,57.1,Op-Bob,Morning,2026-06-03 11:29,1,Dimensional Deviation,REWORK
BAT-14552,M-03,Line-2,PROD-A10,69.8,8.56,1309,2.34,46.4,Op-Frank,Afternoon,2026-06-11 11:29,0,None,PASS
BAT-14553,M-07,Line-4,PROD-B20,76.4,6.75,1471,3.36,56.0,Op-David,Afternoon,2026-03-07 11:29,1,Dimensional Deviation,REWORK
BAT-14554,M-05,Line-3,PROD-A10,68.6,7.79,1199,1.69,46.6,Op-Elena,Night,2026-06-03 11:29,0,None,PASS
BAT-14555,M-01,Line-1,PROD-A10,77.2,8.0,1161,2.6,49.5,Op-David,Night,2026-04-10 11:29,0,None,PASS
BAT-14556,M-07,Line-4,PROD-B20,79.5,5.93,1382,3.94,45.2,Op-Alice,Morning,2026-07-18 11:29,0,None,PASS
BAT-14557,M-02,Line-1,PROD-D40,75.6,8.12,1206,2.63,51.2,Op-Frank,Afternoon,2026-02-25 11:29,0,None,PASS
BAT-14558,M-01,Line-1,PROD-C30,79.6,7.59,1189,1.85,42.3,Op-Frank,Night,2026-07-11 11:29,0,None,PASS
BAT-14559,M-03,Line-2,PROD-D40,75.3,8.25,1215,1.9,45.3,Op-David,Morning,2026-08-02 11:29,0,None,PASS
BAT-14560,M-03,Line-2,PROD-B20,74.0,9.61,1145,1.89,43.4,Op-Charlie,Morning,2026-06-25 11:29,0,None,PASS
BAT-14561,M-01,Line-1,PROD-C30,75.5,8.45,1199,2.04,47.7,Op-Elena,Afternoon,2026-03-05 11:29,0,None,PASS
BAT-14562,M-03,Line-2,PROD-A10,71.6,8.76,1238,2.29,37.4,Op-Bob,Afternoon,2026-07-15 11:29,0,None,PASS
BAT-14563,M-07,Line-4,PROD-C30,76.0,8.43,1352,3.08,62.6,Op-Charlie,Morning,2026-08-02 11:29,1,Color Variance,SCRAP
BAT-14564,M-04,Line-2,PROD-A10,87.5,10.57,1495,4.81,71.0,Op-Bob,Afternoon,2026-03-15 11:29,1,Surface Crack,SCRAP
BAT-14565,M-08,Line-4,PROD-D40,70.7,8.2,1248,2.25,40.2,Op-David,Morning,2026-07-15 11:29,0,None,PASS
BAT-14566,M-02,Line-1,PROD-C30,72.6,8.52,1168,2.37,51.5,Op-Charlie,Night,2026-02-16 11:29,0,None,PASS
BAT-14567,M-05,Line-3,PROD-B20,73.9,8.7,1225,2.49,41.4,Op-Alice,Night,2026-04-02 11:29,0,None,PASS
BAT-14568,M-04,Line-2,PROD-D40,74.7,9.44,1317,4.55,55.9,Op-Elena,Afternoon,2026-04-08 11:29,0,None,PASS
BAT-14569,M-02,Line-1,PROD-A10,70.9,8.58,1238,2.31,40.6,Op-Frank,Night,2026-03-22 11:29,0,None,PASS
BAT-14570,M-08,Line-4,PROD-D40,78.8,7.94,1219,2.15,47.0,Op-Alice,Night,2026-07-24 11:29,0,None,PASS
BAT-14571,M-01,Line-1,PROD-D40,72.2,9.02,1265,2.01,50.8,Op-Bob,Night,2026-07-09 11:29,0,None,PASS
BAT-14572,M-08,Line-4,PROD-B20,76.8,7.96,1223,2.15,48.1,Op-David,Afternoon,2026-02-26 11:29,0,None,PASS
BAT-14573,M-04,Line-2,PROD-B20,88.1,10.35,1389,3.53,77.5,Op-Elena,Morning,2026-05-30 11:29,1,Dimensional Deviation,SCRAP
BAT-14574,M-01,Line-1,PROD-D40,74.2,8.24,1230,2.57,45.8,Op-Bob,Night,2026-03-21 11:29,0,None,PASS
BAT-14575,M-04,Line-2,PROD-D40,87.5,7.83,1430,5.22,66.7,Op-Elena,Morning,2026-05-03 11:29,1,Surface Crack,SCRAP
BAT-14576,M-07,Line-4,PROD-D40,80.1,6.96,1350,3.87,51.4,Op-Alice,Morning,2026-05-12 11:29,1,Surface Crack,REWORK
BAT-14577,M-08,Line-4,PROD-D40,73.8,8.69,1140,2.48,47.7,Op-Alice,Afternoon,2026-07-24 11:29,0,None,PASS
BAT-14578,M-02,Line-1,PROD-C30,76.5,8.97,1136,1.3,50.0,Op-Bob,Morning,2026-04-16 11:29,0,None,PASS
BAT-14579,M-01,Line-1,PROD-A10,71.0,8.19,1251,2.22,55.5,Op-Bob,Morning,2026-03-15 11:29,0,None,PASS
BAT-14580,M-07,Line-4,PROD-B20,79.5,5.0,1234,2.5,53.6,Op-Elena,Afternoon,2026-07-02 11:29,0,None,PASS
BAT-14581,M-04,Line-2,PROD-C30,86.8,10.79,1338,6.58,64.3,Op-Frank,Afternoon,2026-02-24 11:29,1,Surface Crack,REWORK
BAT-14582,M-07,Line-4,PROD-D40,73.6,7.42,1327,2.47,52.8,Op-David,Morning,2026-04-11 11:29,0,None,PASS
BAT-14583,M-01,Line-1,PROD-C30,77.2,8.16,1214,1.99,42.8,Op-Alice,Night,2026-04-03 11:29,0,None,PASS
BAT-14584,M-08,Line-4,PROD-C30,74.7,9.37,1193,2.29,45.5,Op-Charlie,Night,2026-02-27 11:29,0,None,PASS
BAT-14585,M-03,Line-2,PROD-B20,78.1,8.07,1266,1.72,42.6,Op-David,Night,2026-06-19 11:29,0,None,PASS
BAT-14586,M-02,Line-1,PROD-B20,79.1,8.86,1209,2.62,44.5,Op-Elena,Night,2026-03-15 11:29,0,None,PASS
BAT-14587,M-02,Line-1,PROD-A10,72.8,9.08,1198,2.02,44.4,Op-Charlie,Morning,2026-04-13 11:29,0,None,PASS
BAT-14588,M-07,Line-4,PROD-A10,80.3,7.6,1247,4.07,49.8,Op-Alice,Night,2026-04-30 11:29,1,Surface Crack,REWORK
BAT-14589,M-04,Line-2,PROD-B20,81.6,7.79,1311,5.23,66.4,Op-Charlie,Morning,2026-03-26 11:29,1,Surface Crack,REWORK
BAT-14590,M-04,Line-2,PROD-A10,82.7,10.65,1511,4.57,59.7,Op-Frank,Afternoon,2026-06-23 11:29,1,Surface Crack,SCRAP
BAT-14591,M-07,Line-4,PROD-B20,79.7,7.47,1265,3.6,55.2,Op-David,Morning,2026-04-11 11:29,0,None,PASS
BAT-14592,M-02,Line-1,PROD-D40,74.2,7.94,1213,1.98,52.0,Op-Bob,Night,2026-05-18 11:29,0,None,PASS
BAT-14593,M-08,Line-4,PROD-C30,71.3,9.11,1215,1.79,50.7,Op-Frank,Afternoon,2026-05-30 11:29,0,None,PASS
BAT-14594,M-01,Line-1,PROD-A10,73.7,9.56,1227,1.04,42.9,Op-Alice,Afternoon,2026-03-15 11:29,0,None,PASS
BAT-14595,M-02,Line-1,PROD-A10,72.2,8.22,1253,2.2,44.0,Op-David,Morning,2026-06-06 11:29,0,None,PASS
BAT-14596,M-04,Line-2,PROD-C30,83.4,10.65,1368,5.48,57.9,Op-Elena,Afternoon,2026-02-17 11:29,0,None,PASS
BAT-14597,M-06,Line-3,PROD-A10,77.1,8.71,1184,2.47,54.4,Op-Bob,Morning,2026-06-07 11:29,1,Color Variance,REWORK
BAT-14598,M-02,Line-1,PROD-A10,72.5,8.36,1240,1.87,48.7,Op-Elena,Afternoon,2026-07-24 11:29,0,None,PASS
BAT-14599,M-05,Line-3,PROD-C30,77.0,8.61,1188,2.29,47.0,Op-David,Night,2026-06-10 11:29,0,None,PASS
BAT-14600,M-07,Line-4,PROD-C30,75.4,5.39,1534,3.13,56.8,Op-Charlie,Afternoon,2026-03-11 11:29,0,None,PASS
BAT-14601,M-08,Line-4,PROD-D40,73.0,8.18,1204,1.65,44.7,Op-David,Morning,2026-04-11 11:29,0,None,PASS
BAT-14602,M-02,Line-1,PROD-D40,72.2,8.43,1248,2.0,48.3,Op-Bob,Afternoon,2026-04-12 11:29,0,None,PASS
BAT-14603,M-07,Line-4,PROD-A10,76.7,4.01,1349,4.16,64.5,Op-Bob,Night,2026-05-23 11:29,1,Dimensional Deviation,REWORK
BAT-14604,M-08,Line-4,PROD-B20,76.1,8.25,1210,1.37,47.7,Op-Alice,Afternoon,2026-05-14 11:29,0,None,PASS
BAT-14605,M-08,Line-4,PROD-A10,72.9,9.11,1240,3.16,42.0,Op-Bob,Night,2026-06-24 11:29,0,None,PASS
BAT-14606,M-05,Line-3,PROD-A10,72.1,9.03,1136,2.63,52.4,Op-Bob,Night,2026-03-17 11:29,0,None,PASS
BAT-14607,M-05,Line-3,PROD-D40,75.3,8.13,1258,1.59,45.2,Op-Alice,Afternoon,2026-04-27 11:29,0,None,PASS
BAT-14608,M-07,Line-4,PROD-B20,78.1,6.89,1294,2.15,59.2,Op-David,Afternoon,2026-04-03 11:29,0,None,PASS
BAT-14609,M-01,Line-1,PROD-C30,78.2,8.6,1232,1.34,50.6,Op-Frank,Morning,2026-02-28 11:29,0,None,PASS
BAT-14610,M-07,Line-4,PROD-A10,81.3,6.32,1557,2.97,52.1,Op-Frank,Afternoon,2026-03-26 11:29,0,None,PASS
BAT-14611,M-02,Line-1,PROD-C30,76.5,8.8,1205,1.49,47.6,Op-Bob,Afternoon,2026-06-20 11:29,0,None,PASS
BAT-14612,M-07,Line-4,PROD-D40,78.4,4.95,1463,3.02,57.5,Op-Bob,Afternoon,2026-04-18 11:29,1,Dimensional Deviation,SCRAP
BAT-14613,M-07,Line-4,PROD-C30,80.8,6.33,1339,2.77,50.0,Op-David,Night,2026-07-04 11:29,1,Dimensional Deviation,REWORK
BAT-14614,M-08,Line-4,PROD-A10,70.6,8.8,1268,2.28,50.5,Op-Bob,Afternoon,2026-07-01 11:29,0,None,PASS
BAT-14615,M-04,Line-2,PROD-A10,91.6,9.62,1604,5.36,70.8,Op-Alice,Afternoon,2026-06-28 11:29,1,Surface Crack,SCRAP
BAT-14616,M-04,Line-2,PROD-D40,84.4,9.82,1423,4.48,69.7,Op-Frank,Morning,2026-08-05 11:29,1,Surface Crack,SCRAP
BAT-14617,M-03,Line-2,PROD-B20,75.3,8.67,1173,2.74,41.3,Op-Frank,Night,2026-03-11 11:29,0,None,PASS
BAT-14618,M-03,Line-2,PROD-D40,77.7,8.21,1240,2.14,46.5,Op-Alice,Afternoon,2026-05-05 11:29,0,None,PASS
BAT-14619,M-05,Line-3,PROD-A10,72.9,8.44,1182,1.83,45.2,Op-Alice,Afternoon,2026-02-22 11:29,0,None,PASS
BAT-14620,M-03,Line-2,PROD-A10,78.0,9.01,1223,1.97,57.2,Op-Alice,Night,2026-06-05 11:29,0,None,PASS
BAT-14621,M-03,Line-2,PROD-C30,71.4,7.88,1196,1.8,51.7,Op-David,Morning,2026-06-22 11:29,0,None,PASS
BAT-14622,M-02,Line-1,PROD-A10,79.3,8.47,1177,2.48,53.3,Op-David,Night,2026-07-09 11:29,0,None,PASS
BAT-14623,M-07,Line-4,PROD-A10,77.0,6.09,1254,2.63,53.2,Op-David,Afternoon,2026-08-02 11:29,1,Dimensional Deviation,SCRAP
BAT-14624,M-05,Line-3,PROD-D40,78.0,9.3,1199,2.66,49.2,Op-Charlie,Night,2026-07-17 11:29,0,None,PASS
BAT-14625,M-01,Line-1,PROD-C30,75.0,8.7,1223,1.84,49.4,Op-Bob,Morning,2026-03-09 11:29,0,None,PASS
BAT-14626,M-02,Line-1,PROD-C30,74.8,8.6,1257,2.58,55.4,Op-Elena,Afternoon,2026-05-06 11:29,0,None,PASS
BAT-14627,M-06,Line-3,PROD-A10,76.1,8.36,1187,2.38,51.6,Op-Elena,Night,2026-06-26 11:29,0,None,PASS
BAT-14628,M-01,Line-1,PROD-D40,71.6,8.67,1242,1.71,51.1,Op-Alice,Afternoon,2026-04-05 11:29,0,None,PASS
BAT-14629,M-06,Line-3,PROD-D40,72.3,8.89,1243,1.66,42.4,Op-Bob,Morning,2026-05-25 11:29,0,None,PASS
BAT-14630,M-02,Line-1,PROD-B20,68.9,9.0,1305,2.33,43.0,Op-Elena,Afternoon,2026-05-14 11:29,0,None,PASS
BAT-14631,M-08,Line-4,PROD-B20,76.0,8.31,1251,1.58,46.0,Op-Frank,Afternoon,2026-03-08 11:29,0,None,PASS
BAT-14632,M-05,Line-3,PROD-D40,76.7,7.89,1239,1.95,49.4,Op-Bob,Afternoon,2026-07-03 11:29,0,None,PASS
BAT-14633,M-02,Line-1,PROD-B20,72.0,8.84,1243,1.74,49.1,Op-Elena,Night,2026-07-11 11:29,0,None,PASS
BAT-14634,M-01,Line-1,PROD-D40,74.3,9.15,1282,1.35,56.3,Op-Elena,Morning,2026-08-07 11:29,1,Dimensional Deviation,SCRAP
BAT-14635,M-01,Line-1,PROD-D40,71.4,9.08,1206,2.23,50.8,Op-Alice,Afternoon,2026-06-16 11:29,0,None,PASS
BAT-14636,M-03,Line-2,PROD-A10,69.5,9.12,1268,2.11,45.6,Op-David,Morning,2026-08-05 11:29,0,None,PASS
BAT-14637,M-02,Line-1,PROD-B20,70.9,8.4,1143,2.78,45.8,Op-Alice,Afternoon,2026-07-17 11:29,0,None,PASS
BAT-14638,M-06,Line-3,PROD-C30,74.4,8.6,1224,2.55,47.6,Op-Elena,Morning,2026-02-21 11:29,0,None,PASS
BAT-14639,M-01,Line-1,PROD-B20,73.7,9.4,1210,2.62,46.4,Op-David,Night,2026-03-23 11:29,0,None,PASS
BAT-14640,M-05,Line-3,PROD-C30,72.5,8.55,1233,2.33,48.3,Op-Elena,Afternoon,2026-06-18 11:29,0,None,PASS
BAT-14641,M-07,Line-4,PROD-B20,75.2,5.16,1433,2.77,58.5,Op-Frank,Night,2026-07-10 11:29,0,None,PASS
BAT-14642,M-02,Line-1,PROD-B20,70.6,7.96,1197,1.6,44.8,Op-David,Afternoon,2026-04-06 11:29,0,None,PASS
BAT-14643,M-03,Line-2,PROD-B20,69.8,8.43,1245,2.77,51.4,Op-Charlie,Afternoon,2026-03-09 11:29,0,None,PASS
BAT-14644,M-05,Line-3,PROD-A10,77.3,9.16,1202,2.31,49.1,Op-Elena,Night,2026-03-29 11:29,0,None,PASS
BAT-14645,M-02,Line-1,PROD-C30,70.9,8.65,1161,2.16,46.8,Op-David,Afternoon,2026-03-27 11:29,0,None,PASS
BAT-14646,M-02,Line-1,PROD-B20,73.4,9.03,1212,1.47,52.9,Op-Frank,Morning,2026-05-24 11:29,0,None,PASS
BAT-14647,M-02,Line-1,PROD-D40,80.5,8.36,1265,2.54,49.9,Op-Bob,Night,2026-07-13 11:29,0,None,PASS
BAT-14648,M-05,Line-3,PROD-A10,74.1,9.23,1255,2.15,42.5,Op-Bob,Night,2026-07-02 11:29,0,None,PASS
BAT-14649,M-04,Line-2,PROD-A10,84.4,10.9,1446,5.65,68.9,Op-Charlie,Afternoon,2026-04-06 11:29,1,Surface Crack,SCRAP
BAT-14650,M-01,Line-1,PROD-D40,66.3,8.24,1188,1.82,51.6,Op-Elena,Afternoon,2026-06-23 11:29,0,None,PASS
BAT-14651,M-06,Line-3,PROD-A10,73.0,8.2,1224,1.96,48.5,Op-Frank,Night,2026-05-30 11:29,0,None,PASS
BAT-14652,M-05,Line-3,PROD-C30,74.5,9.08,1233,1.66,47.3,Op-Elena,Night,2026-06-08 11:29,0,None,PASS
BAT-14653,M-05,Line-3,PROD-A10,70.0,8.66,1212,2.12,49.3,Op-Elena,Night,2026-07-16 11:29,0,None,PASS
BAT-14654,M-03,Line-2,PROD-A10,76.1,8.75,1274,2.4,52.7,Op-David,Afternoon,2026-07-22 11:29,0,None,PASS
BAT-14655,M-04,Line-2,PROD-C30,93.6,8.47,1524,4.19,56.3,Op-Frank,Morning,2026-05-28 11:29,1,Surface Crack,REWORK
BAT-14656,M-04,Line-2,PROD-B20,82.5,8.74,1545,6.77,62.8,Op-Elena,Afternoon,2026-03-31 11:29,1,Surface Crack,REWORK
BAT-14657,M-08,Line-4,PROD-B20,75.9,9.12,1179,2.2,42.4,Op-Alice,Afternoon,2026-07-28 11:29,0,None,PASS
BAT-14658,M-05,Line-3,PROD-A10,73.5,8.49,1245,2.09,51.0,Op-Frank,Morning,2026-04-29 11:29,0,None,PASS
BAT-14659,M-03,Line-2,PROD-B20,73.0,8.99,1233,2.39,50.6,Op-Frank,Afternoon,2026-03-06 11:29,0,None,PASS
BAT-14660,M-04,Line-2,PROD-A10,90.4,10.92,1520,6.91,61.8,Op-David,Night,2026-04-13 11:29,1,Surface Crack,REWORK
BAT-14661,M-06,Line-3,PROD-C30,73.1,8.22,1250,2.0,50.5,Op-Alice,Morning,2026-06-29 11:29,0,None,PASS
BAT-14662,M-05,Line-3,PROD-C30,77.2,8.81,1118,1.64,51.5,Op-Charlie,Morning,2026-04-26 11:29,0,None,PASS
BAT-14663,M-05,Line-3,PROD-B20,76.3,8.76,1259,2.28,40.2,Op-Frank,Night,2026-02-17 11:29,0,None,PASS
BAT-14664,M-05,Line-3,PROD-B20,76.3,8.37,1167,2.0,47.6,Op-Charlie,Morning,2026-08-07 11:29,0,None,PASS
BAT-14665,M-08,Line-4,PROD-D40,77.7,8.94,1185,2.23,45.5,Op-Charlie,Night,2026-03-05 11:29,0,None,PASS
BAT-14666,M-07,Line-4,PROD-A10,76.2,3.65,1456,2.0,61.8,Op-Charlie,Afternoon,2026-04-21 11:29,1,Dimensional Deviation,SCRAP
BAT-14667,M-05,Line-3,PROD-A10,73.7,7.94,1187,2.19,54.4,Op-Charlie,Afternoon,2026-05-10 11:29,0,None,PASS
BAT-14668,M-02,Line-1,PROD-B20,76.0,8.32,1093,2.24,48.8,Op-David,Morning,2026-05-02 11:29,0,None,PASS
BAT-14669,M-03,Line-2,PROD-C30,72.1,8.32,1200,2.19,50.2,Op-Charlie,Morning,2026-08-04 11:29,0,None,PASS
BAT-14670,M-01,Line-1,PROD-B20,75.3,8.65,1183,1.6,52.5,Op-David,Morning,2026-07-30 11:29,0,None,PASS
BAT-14671,M-02,Line-1,PROD-A10,72.1,8.05,1197,1.17,38.9,Op-Frank,Morning,2026-05-02 11:29,0,None,PASS
BAT-14672,M-05,Line-3,PROD-B20,75.2,9.02,1139,2.47,49.5,Op-Frank,Night,2026-07-11 11:29,0,None,PASS
BAT-14673,M-01,Line-1,PROD-B20,74.6,7.65,1113,3.24,50.9,Op-Bob,Afternoon,2026-05-18 11:29,0,None,PASS
BAT-14674,M-07,Line-4,PROD-D40,76.7,5.74,1371,4.94,64.6,Op-Elena,Morning,2026-03-24 11:29,1,Dimensional Deviation,REWORK
BAT-14675,M-07,Line-4,PROD-A10,81.7,5.13,1359,2.77,59.3,Op-Elena,Afternoon,2026-03-05 11:29,0,None,PASS
BAT-14676,M-04,Line-2,PROD-A10,85.5,10.26,1380,5.98,74.8,Op-Elena,Morning,2026-04-29 11:29,1,Surface Crack,SCRAP
BAT-14677,M-03,Line-2,PROD-C30,75.9,8.4,1246,1.26,49.6,Op-Alice,Afternoon,2026-05-29 11:29,0,None,PASS
BAT-14678,M-04,Line-2,PROD-C30,89.7,9.33,1454,3.7,66.7,Op-David,Morning,2026-04-02 11:29,1,Dimensional Deviation,SCRAP
BAT-14679,M-04,Line-2,PROD-B20,89.4,9.77,1533,7.56,80.0,Op-Charlie,Morning,2026-06-10 11:29,1,Surface Crack,SCRAP
BAT-14680,M-07,Line-4,PROD-D40,80.8,7.85,1411,2.23,60.8,Op-Elena,Afternoon,2026-02-19 11:29,0,None,PASS
BAT-14681,M-06,Line-3,PROD-C30,72.9,8.85,1253,2.24,48.4,Op-Bob,Afternoon,2026-04-14 11:29,0,None,PASS
BAT-14682,M-03,Line-2,PROD-D40,69.7,8.83,1179,2.26,39.3,Op-Elena,Morning,2026-07-01 11:29,0,None,PASS
BAT-14683,M-01,Line-1,PROD-D40,75.0,8.79,1126,0.73,44.7,Op-Charlie,Morning,2026-05-08 11:29,0,None,PASS
BAT-14684,M-01,Line-1,PROD-C30,75.1,8.53,1265,2.09,42.4,Op-Bob,Night,2026-07-22 11:29,0,None,PASS
BAT-14685,M-06,Line-3,PROD-C30,73.7,8.76,1167,1.57,56.1,Op-David,Night,2026-02-12 11:29,0,None,PASS
BAT-14686,M-07,Line-4,PROD-D40,76.2,6.85,1308,3.28,55.7,Op-Charlie,Afternoon,2026-04-04 11:29,1,Dimensional Deviation,REWORK
BAT-14687,M-08,Line-4,PROD-D40,72.0,9.11,1187,1.97,47.4,Op-Charlie,Morning,2026-04-17 11:29,0,None,PASS
BAT-14688,M-04,Line-2,PROD-A10,80.1,10.83,1542,4.9,71.6,Op-Alice,Night,2026-07-10 11:29,1,Surface Crack,REWORK
BAT-14689,M-08,Line-4,PROD-B20,71.6,9.44,1242,1.67,51.9,Op-Charlie,Afternoon,2026-07-16 11:29,0,None,PASS
BAT-14690,M-07,Line-4,PROD-D40,72.2,5.21,1339,3.75,51.4,Op-David,Afternoon,2026-07-10 11:29,0,None,PASS
BAT-14691,M-05,Line-3,PROD-D40,71.7,9.13,1293,1.88,49.2,Op-Alice,Afternoon,2026-08-08 11:29,0,None,PASS
BAT-14692,M-01,Line-1,PROD-D40,78.1,9.0,1215,2.26,48.6,Op-Elena,Morning,2026-03-03 11:29,0,None,PASS
BAT-14693,M-08,Line-4,PROD-A10,74.0,8.75,1228,1.39,47.3,Op-Alice,Morning,2026-04-06 11:29,0,None,PASS
BAT-14694,M-05,Line-3,PROD-D40,77.0,8.47,1195,2.16,50.3,Op-Alice,Afternoon,2026-05-21 11:29,0,None,PASS
BAT-14695,M-06,Line-3,PROD-D40,73.8,9.39,1206,2.29,46.8,Op-David,Night,2026-05-04 11:29,1,Color Variance,REWORK
BAT-14696,M-07,Line-4,PROD-A10,78.3,3.55,1356,3.72,47.2,Op-Frank,Morning,2026-05-19 11:29,1,Dimensional Deviation,REWORK
BAT-14697,M-03,Line-2,PROD-B20,75.4,8.4,1224,2.4,51.1,Op-Charlie,Night,2026-04-04 11:29,0,None,PASS
BAT-14698,M-06,Line-3,PROD-D40,75.4,8.15,1261,2.15,54.5,Op-Elena,Night,2026-05-04 11:29,1,Color Variance,REWORK
BAT-14699,M-01,Line-1,PROD-C30,76.0,8.95,1186,2.79,49.1,Op-David,Afternoon,2026-07-07 11:29,0,None,PASS
BAT-14700,M-04,Line-2,PROD-D40,78.4,9.37,1278,4.77,70.4,Op-Charlie,Afternoon,2026-02-21 11:29,1,Porosity,SCRAP
BAT-14701,M-07,Line-4,PROD-A10,80.9,4.9,1202,3.19,53.1,Op-David,Night,2026-06-27 11:29,0,None,PASS
BAT-14702,M-06,Line-3,PROD-D40,72.3,9.11,1133,1.53,48.2,Op-Alice,Afternoon,2026-02-18 11:29,0,None,PASS
BAT-14703,M-06,Line-3,PROD-A10,74.2,8.4,1200,1.58,48.1,Op-Frank,Morning,2026-06-27 11:29,0,None,PASS
BAT-14704,M-08,Line-4,PROD-D40,72.4,9.11,1233,1.91,52.7,Op-Frank,Morning,2026-05-17 11:29,0,None,PASS
BAT-14705,M-05,Line-3,PROD-A10,77.2,8.37,1223,2.59,48.3,Op-Frank,Afternoon,2026-04-14 11:29,0,None,PASS
BAT-14706,M-05,Line-3,PROD-B20,78.7,9.52,1187,2.36,42.1,Op-Frank,Afternoon,2026-07-03 11:29,0,None,PASS
BAT-14707,M-07,Line-4,PROD-B20,81.5,6.58,1369,2.87,58.3,Op-Charlie,Night,2026-05-10 11:29,1,Dimensional Deviation,SCRAP
BAT-14708,M-02,Line-1,PROD-A10,77.9,8.66,1240,2.19,51.4,Op-Alice,Morning,2026-06-02 11:29,0,None,PASS
BAT-14709,M-07,Line-4,PROD-C30,82.3,9.79,1339,4.39,52.7,Op-Alice,Night,2026-07-26 11:29,1,Surface Crack,SCRAP
BAT-14710,M-06,Line-3,PROD-B20,73.8,7.9,1089,2.44,45.6,Op-Frank,Afternoon,2026-06-07 11:29,0,None,PASS
BAT-14711,M-07,Line-4,PROD-D40,79.9,6.6,1348,2.68,50.6,Op-Alice,Morning,2026-05-20 11:29,1,Dimensional Deviation,REWORK
BAT-14712,M-04,Line-2,PROD-D40,90.7,9.65,1317,5.18,60.6,Op-Bob,Afternoon,2026-04-28 11:29,1,Surface Crack,REWORK
BAT-14713,M-05,Line-3,PROD-D40,76.3,9.43,1185,2.74,49.9,Op-Elena,Night,2026-05-17 11:29,0,None,PASS
BAT-14714,M-04,Line-2,PROD-B20,81.1,11.45,1412,4.79,65.0,Op-Alice,Night,2026-02-28 11:29,1,Surface Crack,REWORK
BAT-14715,M-04,Line-2,PROD-C30,82.8,8.26,1210,2.87,66.2,Op-David,Night,2026-05-28 11:29,1,Color Variance,REWORK
BAT-14716,M-04,Line-2,PROD-A10,86.1,9.72,1401,4.47,68.0,Op-David,Afternoon,2026-04-22 11:29,1,Surface Crack,REWORK
BAT-14717,M-07,Line-4,PROD-B20,75.1,7.16,1333,2.02,49.6,Op-Frank,Afternoon,2026-03-16 11:29,0,None,PASS
BAT-14718,M-07,Line-4,PROD-D40,77.4,8.84,1319,1.91,51.9,Op-Elena,Afternoon,2026-08-07 11:29,0,None,PASS
BAT-14719,M-08,Line-4,PROD-D40,72.1,9.23,1126,1.57,50.7,Op-Charlie,Afternoon,2026-05-16 11:29,0,None,PASS
BAT-14720,M-05,Line-3,PROD-B20,76.2,7.76,1169,2.88,46.6,Op-Charlie,Night,2026-05-06 11:29,0,None,PASS
BAT-14721,M-06,Line-3,PROD-B20,79.1,8.97,1250,2.16,47.6,Op-David,Night,2026-06-07 11:29,0,None,PASS
BAT-14722,M-01,Line-1,PROD-B20,73.4,8.58,1282,2.3,37.3,Op-David,Afternoon,2026-06-09 11:29,0,None,PASS
BAT-14723,M-08,Line-4,PROD-C30,76.8,8.62,1190,2.73,41.0,Op-Alice,Afternoon,2026-03-20 11:29,1,Porosity,REWORK
BAT-14724,M-06,Line-3,PROD-A10,73.4,8.11,1196,2.01,50.8,Op-Charlie,Night,2026-06-03 11:29,0,None,PASS
BAT-14725,M-05,Line-3,PROD-A10,76.7,7.71,1226,2.28,53.4,Op-Alice,Afternoon,2026-06-10 11:29,0,None,PASS
BAT-14726,M-04,Line-2,PROD-A10,87.8,8.15,1415,7.0,78.7,Op-Elena,Night,2026-02-24 11:29,1,Surface Crack,SCRAP
BAT-14727,M-01,Line-1,PROD-C30,75.1,8.25,1199,2.03,51.0,Op-Frank,Morning,2026-05-25 11:29,0,None,PASS
BAT-14728,M-06,Line-3,PROD-B20,77.7,8.86,1214,3.16,51.5,Op-Bob,Night,2026-04-25 11:29,0,None,PASS
BAT-14729,M-06,Line-3,PROD-B20,77.9,8.24,1199,2.56,47.8,Op-Elena,Afternoon,2026-07-27 11:29,0,None,PASS
BAT-14730,M-06,Line-3,PROD-B20,73.2,9.21,1196,1.96,40.9,Op-Charlie,Morning,2026-04-02 11:29,0,None,PASS
BAT-14731,M-03,Line-2,PROD-D40,72.4,8.4,1197,2.37,48.6,Op-David,Morning,2026-07-21 11:29,0,None,PASS
BAT-14732,M-01,Line-1,PROD-A10,74.4,8.29,1176,2.31,48.3,Op-Charlie,Afternoon,2026-02-17 11:29,0,None,PASS
BAT-14733,M-02,Line-1,PROD-A10,76.7,7.81,1192,2.53,46.9,Op-Alice,Night,2026-04-13 11:29,0,None,PASS
BAT-14734,M-06,Line-3,PROD-D40,73.0,7.93,1214,1.69,45.8,Op-Alice,Morning,2026-07-13 11:29,0,None,PASS
BAT-14735,M-07,Line-4,PROD-C30,85.0,8.29,1302,3.56,55.2,Op-Alice,Morning,2026-06-30 11:29,0,None,PASS
BAT-14736,M-06,Line-3,PROD-B20,77.5,8.45,1200,1.93,51.7,Op-Frank,Afternoon,2026-04-21 11:29,0,None,PASS
BAT-14737,M-02,Line-1,PROD-C30,74.6,8.57,1248,2.23,47.0,Op-Frank,Afternoon,2026-06-10 11:29,0,None,PASS
BAT-14738,M-02,Line-1,PROD-D40,71.7,8.36,1257,2.66,48.9,Op-Elena,Afternoon,2026-07-31 11:29,1,Porosity,SCRAP
BAT-14739,M-07,Line-4,PROD-D40,72.7,7.08,1315,4.01,60.6,Op-Frank,Night,2026-05-19 11:29,0,None,PASS
BAT-14740,M-03,Line-2,PROD-A10,73.9,8.29,1185,1.36,48.4,Op-Frank,Afternoon,2026-03-16 11:29,0,None,PASS
BAT-14741,M-06,Line-3,PROD-C30,75.9,8.19,1221,2.92,52.1,Op-Alice,Night,2026-07-24 11:29,0,None,PASS
BAT-14742,M-05,Line-3,PROD-B20,76.9,8.28,1241,1.48,51.4,Op-Frank,Morning,2026-08-06 11:29,0,None,PASS
BAT-14743,M-03,Line-2,PROD-B20,77.5,7.66,1104,2.48,54.9,Op-David,Afternoon,2026-04-24 11:29,0,None,PASS
BAT-14744,M-06,Line-3,PROD-C30,74.7,8.13,1182,1.7,41.9,Op-David,Night,2026-04-12 11:29,0,None,PASS
BAT-14745,M-07,Line-4,PROD-B20,78.9,7.66,1470,2.92,53.9,Op-Bob,Morning,2026-04-15 11:29,1,Dimensional Deviation,REWORK
BAT-14746,M-02,Line-1,PROD-D40,71.1,9.34,1189,2.83,42.5,Op-David,Morning,2026-04-29 11:29,0,None,PASS
BAT-14747,M-08,Line-4,PROD-B20,75.3,7.61,1162,1.65,45.7,Op-Bob,Night,2026-07-11 11:29,0,None,PASS
BAT-14748,M-05,Line-3,PROD-D40,72.1,9.0,1107,2.31,45.1,Op-Frank,Night,2026-06-18 11:29,0,None,PASS
BAT-14749,M-05,Line-3,PROD-D40,75.7,8.9,1185,1.55,52.0,Op-Charlie,Afternoon,2026-03-14 11:29,1,Color Variance,SCRAP
BAT-14750,M-05,Line-3,PROD-A10,76.1,7.88,1204,2.66,45.5,Op-Alice,Night,2026-08-01 11:29,0,None,PASS
BAT-14751,M-04,Line-2,PROD-D40,87.4,11.54,1335,4.77,64.3,Op-Frank,Morning,2026-05-12 11:29,0,None,PASS
BAT-14752,M-07,Line-4,PROD-D40,76.8,3.94,1346,3.13,58.2,Op-Charlie,Afternoon,2026-06-12 11:29,1,Dimensional Deviation,REWORK
BAT-14753,M-04,Line-2,PROD-C30,85.4,10.8,1314,4.11,57.3,Op-Alice,Night,2026-08-01 11:29,1,Surface Crack,REWORK
BAT-14754,M-06,Line-3,PROD-B20,70.1,8.67,1191,2.12,48.6,Op-Charlie,Afternoon,2026-05-02 11:29,0,None,PASS
BAT-14755,M-02,Line-1,PROD-C30,80.3,8.76,1250,2.2,48.6,Op-Bob,Night,2026-06-24 11:29,0,None,PASS
BAT-14756,M-06,Line-3,PROD-B20,74.3,9.16,1156,2.35,56.5,Op-Frank,Morning,2026-06-15 11:29,0,None,PASS
BAT-14757,M-06,Line-3,PROD-C30,75.2,8.94,1245,2.41,42.6,Op-Elena,Night,2026-02-24 11:29,0,None,PASS
BAT-14758,M-05,Line-3,PROD-A10,77.7,8.88,1190,2.81,47.0,Op-Bob,Night,2026-05-17 11:29,0,None,PASS
BAT-14759,M-02,Line-1,PROD-D40,70.9,8.47,1239,1.76,50.2,Op-David,Afternoon,2026-07-18 11:29,0,None,PASS
BAT-14760,M-04,Line-2,PROD-A10,85.8,11.03,1389,6.18,79.1,Op-Elena,Morning,2026-04-30 11:29,1,Surface Crack,SCRAP
BAT-14761,M-02,Line-1,PROD-A10,73.6,8.86,1230,2.03,40.9,Op-Frank,Morning,2026-04-01 11:29,0,None,PASS
BAT-14762,M-02,Line-1,PROD-C30,77.1,8.86,1209,2.31,47.7,Op-David,Morning,2026-04-17 11:29,0,None,PASS
BAT-14763,M-03,Line-2,PROD-C30,71.8,8.13,1229,2.6,46.5,Op-Bob,Morning,2026-08-05 11:29,0,None,PASS
BAT-14764,M-06,Line-3,PROD-D40,74.4,9.3,1263,2.2,51.6,Op-Frank,Morning,2026-02-23 11:29,0,None,PASS
BAT-14765,M-02,Line-1,PROD-B20,72.8,7.75,1206,2.56,52.3,Op-Alice,Night,2026-05-01 11:29,0,None,PASS
BAT-14766,M-04,Line-2,PROD-C30,92.6,11.43,1357,4.44,72.9,Op-Alice,Morning,2026-04-26 11:29,1,Surface Crack,REWORK
BAT-14767,M-04,Line-2,PROD-A10,84.3,8.95,1442,4.48,81.4,Op-Charlie,Night,2026-05-12 11:29,1,Surface Crack,SCRAP
BAT-14768,M-02,Line-1,PROD-C30,77.7,7.83,1170,2.71,46.1,Op-Bob,Morning,2026-03-30 11:29,1,Color Variance,REWORK
BAT-14769,M-08,Line-4,PROD-D40,71.2,8.05,1138,2.02,51.1,Op-Elena,Morning,2026-07-31 11:29,0,None,PASS
BAT-14770,M-01,Line-1,PROD-D40,76.6,7.93,1246,2.69,47.6,Op-Charlie,Night,2026-06-30 11:29,0,None,PASS
BAT-14771,M-06,Line-3,PROD-C30,77.3,8.7,1261,1.51,52.9,Op-David,Afternoon,2026-05-31 11:29,0,None,PASS
BAT-14772,M-05,Line-3,PROD-C30,75.9,8.37,1137,2.63,52.8,Op-Charlie,Morning,2026-07-02 11:29,0,None,PASS
BAT-14773,M-03,Line-2,PROD-A10,76.4,8.42,1225,2.64,47.5,Op-Bob,Afternoon,2026-07-17 11:29,0,None,PASS
BAT-14774,M-05,Line-3,PROD-C30,69.5,8.98,1227,2.35,42.4,Op-Bob,Morning,2026-05-27 11:29,0,None,PASS
BAT-14775,M-02,Line-1,PROD-A10,73.4,8.27,1184,1.83,51.3,Op-Alice,Afternoon,2026-03-08 11:29,0,None,PASS
BAT-14776,M-07,Line-4,PROD-D40,70.3,6.1,1365,3.89,58.7,Op-Frank,Night,2026-03-05 11:29,1,Dimensional Deviation,SCRAP
BAT-14777,M-03,Line-2,PROD-B20,75.9,8.77,1199,1.91,43.1,Op-Frank,Afternoon,2026-03-16 11:29,0,None,PASS
BAT-14778,M-02,Line-1,PROD-D40,74.0,9.04,1244,2.53,47.4,Op-Elena,Morning,2026-05-27 11:29,0,None,PASS
BAT-14779,M-03,Line-2,PROD-B20,72.5,8.98,1242,2.0,49.7,Op-Frank,Morning,2026-07-22 11:29,0,None,PASS
BAT-14780,M-06,Line-3,PROD-D40,71.4,8.79,1188,2.83,52.0,Op-Bob,Night,2026-05-18 11:29,0,None,PASS
BAT-14781,M-07,Line-4,PROD-B20,83.5,5.64,1425,3.38,54.1,Op-Alice,Night,2026-03-31 11:29,0,None,PASS
BAT-14782,M-08,Line-4,PROD-A10,76.4,8.68,1140,1.59,48.3,Op-Frank,Morning,2026-02-12 11:29,0,None,PASS
BAT-14783,M-04,Line-2,PROD-B20,73.9,9.81,1384,6.31,77.5,Op-Frank,Night,2026-07-22 11:29,0,None,PASS
BAT-14784,M-06,Line-3,PROD-D40,75.3,8.39,1154,1.89,42.5,Op-Bob,Morning,2026-07-01 11:29,0,None,PASS
BAT-14785,M-01,Line-1,PROD-B20,76.6,8.57,1137,1.68,41.9,Op-Bob,Morning,2026-02-17 11:29,0,None,PASS
BAT-14786,M-08,Line-4,PROD-C30,74.1,8.7,1209,2.28,37.1,Op-Elena,Afternoon,2026-07-17 11:29,0,None,PASS
BAT-14787,M-03,Line-2,PROD-C30,73.4,7.48,1218,2.55,45.0,Op-Bob,Night,2026-06-08 11:29,0,None,PASS
BAT-14788,M-03,Line-2,PROD-C30,73.2,7.98,1169,2.15,51.7,Op-Alice,Afternoon,2026-05-06 11:29,0,None,PASS
BAT-14789,M-01,Line-1,PROD-C30,77.1,8.36,1228,2.19,47.3,Op-Frank,Night,2026-07-24 11:29,0,None,PASS
BAT-14790,M-03,Line-2,PROD-D40,78.1,9.36,1215,1.58,47.1,Op-Alice,Afternoon,2026-02-21 11:29,0,None,PASS
BAT-14791,M-01,Line-1,PROD-B20,75.4,8.51,1118,2.42,44.8,Op-Bob,Afternoon,2026-02-13 11:29,0,None,PASS
BAT-14792,M-06,Line-3,PROD-C30,73.8,8.86,1183,1.84,47.3,Op-David,Afternoon,2026-06-05 11:29,0,None,PASS
BAT-14793,M-07,Line-4,PROD-C30,80.5,7.82,1326,4.01,56.3,Op-Alice,Night,2026-07-08 11:29,1,Surface Crack,SCRAP
BAT-14794,M-06,Line-3,PROD-D40,72.7,9.6,1209,2.53,47.2,Op-David,Night,2026-04-17 11:29,0,None,PASS
BAT-14795,M-02,Line-1,PROD-D40,76.1,8.85,1206,1.91,47.1,Op-Charlie,Night,2026-05-11 11:29,0,None,PASS
BAT-14796,M-03,Line-2,PROD-B20,76.5,8.53,1167,2.76,46.4,Op-Elena,Night,2026-06-15 11:29,0,None,PASS
BAT-14797,M-08,Line-4,PROD-D40,76.1,8.61,1277,2.53,43.6,Op-Charlie,Afternoon,2026-08-07 11:29,0,None,PASS
BAT-14798,M-04,Line-2,PROD-A10,83.9,9.88,1444,5.63,58.2,Op-Bob,Afternoon,2026-07-28 11:29,0,None,PASS
BAT-14799,M-07,Line-4,PROD-B20,86.2,5.8,1448,2.81,46.0,Op-Bob,Night,2026-02-15 11:29,0,None,PASS
BAT-14800,M-02,Line-1,PROD-B20,75.9,7.86,1219,2.39,53.6,Op-Elena,Afternoon,2026-02-12 11:29,0,None,PASS
BAT-14801,M-08,Line-4,PROD-C30,75.1,8.63,1267,2.14,51.3,Op-Frank,Afternoon,2026-03-02 11:29,0,None,PASS
BAT-14802,M-01,Line-1,PROD-B20,73.0,8.83,1218,1.67,40.0,Op-Elena,Morning,2026-04-04 11:29,0,None,PASS
BAT-14803,M-05,Line-3,PROD-C30,72.3,9.0,1250,1.86,51.2,Op-Frank,Morning,2026-07-03 11:29,0,None,PASS
BAT-14804,M-05,Line-3,PROD-C30,78.2,8.08,1177,2.25,53.9,Op-Alice,Night,2026-03-13 11:29,0,None,PASS
BAT-14805,M-01,Line-1,PROD-C30,74.3,8.46,1304,1.98,48.4,Op-Bob,Afternoon,2026-06-02 11:29,0,None,PASS
BAT-14806,M-04,Line-2,PROD-C30,89.9,8.52,1321,5.66,58.8,Op-Alice,Night,2026-05-25 11:29,1,Surface Crack,SCRAP
BAT-14807,M-06,Line-3,PROD-B20,74.7,7.97,1219,2.02,48.9,Op-Bob,Night,2026-05-21 11:29,0,None,PASS
BAT-14808,M-05,Line-3,PROD-D40,76.4,7.55,1198,2.74,50.8,Op-Frank,Night,2026-05-26 11:29,0,None,PASS
BAT-14809,M-06,Line-3,PROD-D40,72.2,8.8,1172,2.35,45.9,Op-Frank,Night,2026-03-20 11:29,0,None,PASS
BAT-14810,M-03,Line-2,PROD-C30,76.7,8.73,1161,2.61,47.9,Op-Frank,Night,2026-06-26 11:29,0,None,PASS
BAT-14811,M-03,Line-2,PROD-B20,75.3,7.96,1199,2.17,53.8,Op-Frank,Night,2026-02-10 11:29,0,None,PASS
BAT-14812,M-02,Line-1,PROD-B20,74.3,9.51,1293,1.66,52.9,Op-Bob,Morning,2026-05-16 11:29,0,None,PASS
BAT-14813,M-07,Line-4,PROD-C30,76.8,5.48,1338,3.73,51.4,Op-David,Night,2026-04-27 11:29,0,None,PASS
BAT-14814,M-07,Line-4,PROD-D40,81.3,9.42,1227,3.16,64.7,Op-David,Night,2026-06-16 11:29,0,None,PASS
BAT-14815,M-07,Line-4,PROD-C30,79.5,5.36,1282,3.65,53.0,Op-Charlie,Night,2026-04-07 11:29,1,Dimensional Deviation,REWORK
BAT-14816,M-05,Line-3,PROD-C30,74.6,8.58,1261,1.7,51.4,Op-Elena,Afternoon,2026-05-06 11:29,0,None,PASS
BAT-14817,M-04,Line-2,PROD-C30,78.8,8.96,1516,5.64,61.5,Op-Frank,Morning,2026-03-02 11:29,0,None,PASS
BAT-14818,M-06,Line-3,PROD-C30,75.4,8.25,1242,2.34,48.9,Op-Frank,Night,2026-05-05 11:29,0,None,PASS
BAT-14819,M-03,Line-2,PROD-D40,78.0,7.58,1203,2.42,39.7,Op-Charlie,Night,2026-06-07 11:29,0,None,PASS
BAT-14820,M-02,Line-1,PROD-A10,76.3,8.82,1205,2.28,43.0,Op-Frank,Night,2026-04-25 11:29,0,None,PASS
BAT-14821,M-07,Line-4,PROD-B20,76.9,10.62,1395,2.89,60.7,Op-David,Afternoon,2026-05-03 11:29,0,None,PASS
BAT-14822,M-02,Line-1,PROD-D40,72.9,8.87,1123,2.41,51.8,Op-David,Afternoon,2026-05-06 11:29,0,None,PASS
BAT-14823,M-07,Line-4,PROD-C30,77.8,7.27,1420,3.58,40.4,Op-Charlie,Morning,2026-05-12 11:29,0,None,PASS
BAT-14824,M-07,Line-4,PROD-C30,80.8,5.81,1394,3.13,57.9,Op-Alice,Night,2026-05-24 11:29,1,Dimensional Deviation,REWORK
BAT-14825,M-04,Line-2,PROD-A10,84.0,9.3,1455,6.1,79.3,Op-Alice,Night,2026-04-03 11:29,1,Surface Crack,REWORK
BAT-14826,M-03,Line-2,PROD-A10,75.9,8.23,1242,2.44,48.2,Op-Alice,Afternoon,2026-03-31 11:29,0,None,PASS
BAT-14827,M-02,Line-1,PROD-C30,78.4,7.88,1204,1.72,48.7,Op-Elena,Afternoon,2026-07-26 11:29,0,None,PASS
BAT-14828,M-03,Line-2,PROD-C30,72.7,7.81,1249,1.75,48.5,Op-Bob,Morning,2026-06-24 11:29,0,None,PASS
BAT-14829,M-04,Line-2,PROD-C30,85.5,9.91,1391,5.24,59.0,Op-Frank,Night,2026-03-24 11:29,1,Surface Crack,REWORK
BAT-14830,M-01,Line-1,PROD-C30,76.3,7.81,1278,3.09,40.6,Op-David,Night,2026-08-06 11:29,0,None,PASS
BAT-14831,M-02,Line-1,PROD-A10,72.8,8.52,1241,1.76,53.5,Op-Charlie,Morning,2026-04-03 11:29,0,None,PASS
BAT-14832,M-05,Line-3,PROD-A10,73.6,8.1,1273,2.01,51.4,Op-Alice,Afternoon,2026-04-07 11:29,0,None,PASS
BAT-14833,M-04,Line-2,PROD-C30,80.6,10.37,1451,4.4,72.9,Op-Elena,Afternoon,2026-05-23 11:29,0,None,PASS
BAT-14834,M-08,Line-4,PROD-A10,75.1,8.62,1173,2.93,56.4,Op-Charlie,Afternoon,2026-04-17 11:29,0,None,PASS
BAT-14835,M-01,Line-1,PROD-C30,72.7,8.87,1360,2.05,47.1,Op-Bob,Night,2026-03-21 11:29,0,None,PASS
BAT-14836,M-01,Line-1,PROD-D40,75.5,7.46,1211,2.28,49.7,Op-David,Afternoon,2026-05-24 11:29,0,None,PASS
BAT-14837,M-03,Line-2,PROD-D40,74.2,8.39,1228,2.27,49.8,Op-Bob,Morning,2026-07-21 11:29,0,None,PASS
BAT-14838,M-04,Line-2,PROD-D40,80.5,11.76,1538,5.24,73.5,Op-Frank,Afternoon,2026-07-19 11:29,1,Surface Crack,REWORK
BAT-14839,M-03,Line-2,PROD-C30,72.5,8.84,1250,1.79,53.1,Op-David,Afternoon,2026-07-20 11:29,0,None,PASS
BAT-14840,M-03,Line-2,PROD-C30,78.7,8.64,1181,2.02,43.7,Op-Frank,Morning,2026-03-25 11:29,0,None,PASS
BAT-14841,M-06,Line-3,PROD-C30,79.0,7.2,1197,2.23,50.7,Op-Frank,Night,2026-07-28 11:29,0,None,PASS
BAT-14842,M-04,Line-2,PROD-A10,81.8,8.93,1523,2.79,58.4,Op-Frank,Afternoon,2026-06-06 11:29,1,Dimensional Deviation,REWORK
BAT-14843,M-03,Line-2,PROD-A10,76.5,9.0,1178,2.4,49.2,Op-Bob,Afternoon,2026-03-28 11:29,0,None,PASS
BAT-14844,M-04,Line-2,PROD-C30,86.2,11.16,1438,6.01,73.7,Op-David,Afternoon,2026-07-24 11:29,1,Surface Crack,REWORK
BAT-14845,M-07,Line-4,PROD-A10,78.4,6.1,1270,4.08,66.7,Op-David,Night,2026-07-16 11:29,1,Dimensional Deviation,REWORK
BAT-14846,M-08,Line-4,PROD-C30,76.8,9.06,1190,3.03,50.8,Op-Alice,Night,2026-07-04 11:29,0,None,PASS
BAT-14847,M-02,Line-1,PROD-A10,77.5,9.71,1235,2.78,50.0,Op-David,Afternoon,2026-05-16 11:29,0,None,PASS
BAT-14848,M-03,Line-2,PROD-C30,69.1,8.32,1313,1.73,46.0,Op-Charlie,Morning,2026-04-29 11:29,0,None,PASS
BAT-14849,M-03,Line-2,PROD-C30,74.7,9.58,1204,1.56,44.0,Op-Bob,Night,2026-03-07 11:29,0,None,PASS
BAT-14850,M-05,Line-3,PROD-B20,74.4,8.14,1214,1.54,45.7,Op-Elena,Night,2026-04-13 11:29,0,None,PASS
BAT-14851,M-06,Line-3,PROD-D40,74.9,8.94,1306,2.5,47.8,Op-Charlie,Afternoon,2026-06-03 11:29,0,None,PASS
BAT-14852,M-07,Line-4,PROD-C30,78.8,3.83,1460,3.22,55.7,Op-Elena,Morning,2026-06-13 11:29,1,Dimensional Deviation,REWORK
BAT-14853,M-05,Line-3,PROD-B20,73.0,8.14,1140,2.11,53.8,Op-Frank,Afternoon,2026-04-07 11:29,0,None,PASS
BAT-14854,M-07,Line-4,PROD-D40,79.6,5.31,1289,2.71,54.6,Op-Frank,Afternoon,2026-03-08 11:29,1,Dimensional Deviation,REWORK
BAT-14855,M-03,Line-2,PROD-B20,80.6,8.63,1302,1.97,51.6,Op-Frank,Morning,2026-07-09 11:29,0,None,PASS
BAT-14856,M-01,Line-1,PROD-D40,78.6,9.39,1152,2.45,48.5,Op-David,Night,2026-04-12 11:29,0,None,PASS
BAT-14857,M-02,Line-1,PROD-C30,72.7,7.42,1200,2.68,43.9,Op-Bob,Afternoon,2026-07-11 11:29,0,None,PASS
BAT-14858,M-02,Line-1,PROD-A10,71.1,7.58,1186,1.9,55.8,Op-Frank,Morning,2026-03-10 11:29,0,None,PASS
BAT-14859,M-06,Line-3,PROD-C30,75.3,8.4,1200,1.65,48.6,Op-David,Afternoon,2026-04-09 11:29,0,None,PASS
BAT-14860,M-05,Line-3,PROD-B20,73.9,9.44,1173,1.78,44.2,Op-Frank,Morning,2026-07-28 11:29,0,None,PASS
BAT-14861,M-08,Line-4,PROD-B20,77.8,8.56,1213,2.16,48.2,Op-Bob,Afternoon,2026-05-14 11:29,0,None,PASS
BAT-14862,M-06,Line-3,PROD-D40,72.8,8.48,1158,1.83,52.8,Op-Charlie,Morning,2026-04-08 11:29,0,None,PASS
BAT-14863,M-08,Line-4,PROD-C30,74.8,8.64,1059,2.54,44.7,Op-Alice,Afternoon,2026-06-26 11:29,0,None,PASS
BAT-14864,M-06,Line-3,PROD-D40,76.2,8.89,1192,1.69,52.0,Op-Bob,Night,2026-07-30 11:29,0,None,PASS
BAT-14865,M-04,Line-2,PROD-B20,86.6,11.2,1367,4.02,77.3,Op-Elena,Afternoon,2026-05-16 11:29,1,Surface Crack,REWORK
BAT-14866,M-06,Line-3,PROD-D40,73.0,7.89,1229,2.31,47.2,Op-Frank,Night,2026-04-28 11:29,0,None,PASS
BAT-14867,M-06,Line-3,PROD-A10,78.2,8.69,1222,2.02,52.7,Op-Frank,Afternoon,2026-05-24 11:29,0,None,PASS
BAT-14868,M-05,Line-3,PROD-A10,71.9,8.48,1090,1.9,45.5,Op-Bob,Afternoon,2026-03-24 11:29,0,None,PASS
BAT-14869,M-05,Line-3,PROD-D40,71.5,8.54,1168,1.81,50.7,Op-Alice,Afternoon,2026-02-14 11:29,0,None,PASS
BAT-14870,M-05,Line-3,PROD-D40,71.6,9.15,1284,2.17,52.8,Op-Elena,Afternoon,2026-07-22 11:29,0,None,PASS
BAT-14871,M-05,Line-3,PROD-D40,71.2,8.87,1199,2.35,39.8,Op-Frank,Night,2026-06-15 11:29,0,None,PASS
BAT-14872,M-04,Line-2,PROD-C30,85.4,11.36,1428,3.6,71.8,Op-Alice,Night,2026-05-10 11:29,1,Dimensional Deviation,REWORK
BAT-14873,M-01,Line-1,PROD-B20,73.9,7.56,1192,1.94,55.0,Op-David,Afternoon,2026-05-16 11:29,0,None,PASS
BAT-14874,M-07,Line-4,PROD-A10,74.4,6.36,1286,3.3,57.0,Op-Alice,Afternoon,2026-02-16 11:29,1,Dimensional Deviation,SCRAP
BAT-14875,M-02,Line-1,PROD-A10,71.9,9.06,1187,2.17,44.7,Op-Alice,Afternoon,2026-05-10 11:29,0,None,PASS
BAT-14876,M-01,Line-1,PROD-A10,77.9,9.43,1206,2.05,45.7,Op-Alice,Afternoon,2026-02-19 11:29,0,None,PASS
BAT-14877,M-08,Line-4,PROD-C30,73.0,8.35,1179,2.35,46.5,Op-Elena,Morning,2026-06-15 11:29,0,None,PASS
BAT-14878,M-03,Line-2,PROD-C30,80.9,8.09,1117,2.65,45.4,Op-Charlie,Night,2026-03-07 11:29,0,None,PASS
BAT-14879,M-03,Line-2,PROD-A10,75.6,9.07,1196,1.82,45.0,Op-Frank,Afternoon,2026-07-08 11:29,0,None,PASS
BAT-14880,M-04,Line-2,PROD-D40,84.7,11.26,1401,4.89,59.3,Op-David,Afternoon,2026-08-02 11:29,1,Surface Crack,SCRAP
BAT-14881,M-07,Line-4,PROD-D40,81.0,6.11,1353,4.08,45.8,Op-Bob,Afternoon,2026-08-01 11:29,1,Surface Crack,SCRAP
BAT-14882,M-07,Line-4,PROD-A10,80.2,5.29,1313,4.05,50.6,Op-David,Morning,2026-06-06 11:29,1,Surface Crack,REWORK
BAT-14883,M-04,Line-2,PROD-C30,81.0,10.14,1366,4.74,79.2,Op-Alice,Morning,2026-04-10 11:29,1,Surface Crack,SCRAP
BAT-14884,M-04,Line-2,PROD-A10,83.6,11.21,1348,5.56,69.5,Op-Alice,Afternoon,2026-03-30 11:29,1,Surface Crack,REWORK
BAT-14885,M-05,Line-3,PROD-B20,77.3,8.7,1173,2.1,56.8,Op-David,Night,2026-04-30 11:29,0,None,PASS
BAT-14886,M-04,Line-2,PROD-D40,85.1,10.6,1290,6.23,73.1,Op-David,Night,2026-04-08 11:29,1,Surface Crack,SCRAP
BAT-14887,M-07,Line-4,PROD-D40,73.5,8.11,1284,4.56,54.7,Op-Alice,Night,2026-04-19 11:29,0,None,PASS
BAT-14888,M-01,Line-1,PROD-B20,77.1,8.6,1143,2.2,50.3,Op-Frank,Night,2026-02-12 11:29,0,None,PASS
BAT-14889,M-08,Line-4,PROD-B20,80.7,9.91,1189,2.28,44.7,Op-Charlie,Night,2026-06-01 11:29,0,None,PASS
BAT-14890,M-03,Line-2,PROD-D40,72.8,8.77,1250,2.78,46.0,Op-Alice,Night,2026-03-26 11:29,0,None,PASS
BAT-14891,M-06,Line-3,PROD-B20,74.4,8.43,1141,1.35,39.8,Op-Frank,Afternoon,2026-04-11 11:29,0,None,PASS
BAT-14892,M-08,Line-4,PROD-C30,72.0,8.63,1237,1.66,51.9,Op-Frank,Morning,2026-03-18 11:29,0,None,PASS
BAT-14893,M-07,Line-4,PROD-D40,80.4,4.96,1265,2.34,52.0,Op-Elena,Morning,2026-03-04 11:29,0,None,PASS
BAT-14894,M-03,Line-2,PROD-B20,72.4,8.15,1240,2.35,43.0,Op-Bob,Morning,2026-04-18 11:29,0,None,PASS
BAT-14895,M-03,Line-2,PROD-C30,75.8,8.44,1188,1.74,52.3,Op-Bob,Afternoon,2026-03-03 11:29,0,None,PASS
BAT-14896,M-08,Line-4,PROD-B20,76.7,7.99,1173,1.94,54.1,Op-Charlie,Night,2026-04-29 11:29,0,None,PASS
BAT-14897,M-06,Line-3,PROD-D40,74.0,9.42,1206,2.45,45.6,Op-Charlie,Night,2026-07-21 11:29,0,None,PASS
BAT-14898,M-06,Line-3,PROD-B20,75.0,9.39,1174,1.79,49.9,Op-Bob,Afternoon,2026-08-04 11:29,0,None,PASS
BAT-14899,M-05,Line-3,PROD-C30,73.9,7.62,1188,1.89,48.0,Op-Alice,Morning,2026-06-23 11:29,0,None,PASS
BAT-14900,M-06,Line-3,PROD-A10,75.1,7.77,1158,2.62,46.5,Op-Bob,Afternoon,2026-06-05 11:29,0,None,PASS
BAT-14901,M-01,Line-1,PROD-C30,74.3,8.8,1219,1.74,47.6,Op-Bob,Morning,2026-04-03 11:29,0,None,PASS
BAT-14902,M-02,Line-1,PROD-B20,76.7,8.49,1205,1.72,50.2,Op-David,Night,2026-05-30 11:29,0,None,PASS
BAT-14903,M-02,Line-1,PROD-C30,76.3,8.07,1255,1.57,48.0,Op-David,Morning,2026-04-17 11:29,0,None,PASS
BAT-14904,M-03,Line-2,PROD-B20,75.3,8.79,1177,1.88,39.8,Op-Alice,Morning,2026-04-17 11:29,0,None,PASS
BAT-14905,M-04,Line-2,PROD-B20,80.0,10.66,1424,6.07,59.9,Op-Bob,Afternoon,2026-04-19 11:29,0,None,PASS
BAT-14906,M-02,Line-1,PROD-A10,70.3,7.99,1154,2.34,46.5,Op-Bob,Afternoon,2026-03-25 11:29,0,None,PASS
BAT-14907,M-07,Line-4,PROD-A10,74.7,6.15,1336,3.48,50.3,Op-Bob,Morning,2026-06-20 11:29,1,Dimensional Deviation,SCRAP
BAT-14908,M-05,Line-3,PROD-D40,77.7,9.49,1256,1.49,49.6,Op-David,Morning,2026-07-06 11:29,1,Porosity,SCRAP
BAT-14909,M-08,Line-4,PROD-D40,76.2,8.68,1292,2.33,51.3,Op-Alice,Night,2026-04-11 11:29,0,None,PASS
BAT-14910,M-07,Line-4,PROD-B20,77.1,4.61,1444,2.84,58.3,Op-Frank,Night,2026-05-16 11:29,1,Dimensional Deviation,REWORK
BAT-14911,M-08,Line-4,PROD-A10,71.5,9.04,1235,1.96,48.4,Op-Frank,Afternoon,2026-03-29 11:29,0,None,PASS
BAT-14912,M-08,Line-4,PROD-B20,74.5,9.18,1137,2.55,55.7,Op-Alice,Afternoon,2026-06-29 11:29,0,None,PASS
BAT-14913,M-07,Line-4,PROD-A10,76.9,4.5,1288,1.62,60.5,Op-Frank,Afternoon,2026-03-08 11:29,1,Dimensional Deviation,SCRAP
BAT-14914,M-04,Line-2,PROD-A10,87.8,10.23,1397,3.09,57.1,Op-Bob,Night,2026-03-23 11:29,1,Dimensional Deviation,REWORK
BAT-14915,M-06,Line-3,PROD-D40,72.6,7.84,1167,3.05,52.5,Op-Charlie,Night,2026-05-30 11:29,0,None,PASS
BAT-14916,M-02,Line-1,PROD-A10,69.9,8.56,1263,1.88,51.6,Op-David,Morning,2026-05-03 11:29,0,None,PASS
BAT-14917,M-04,Line-2,PROD-A10,76.8,8.36,1500,5.15,72.9,Op-David,Afternoon,2026-07-05 11:29,1,Dimensional Deviation,REWORK
BAT-14918,M-08,Line-4,PROD-A10,78.2,9.31,1135,1.73,52.9,Op-Bob,Afternoon,2026-03-15 11:29,0,None,PASS
BAT-14919,M-02,Line-1,PROD-D40,74.0,8.16,1193,1.94,53.1,Op-Frank,Morning,2026-03-13 11:29,0,None,PASS
BAT-14920,M-06,Line-3,PROD-A10,74.7,9.09,1163,1.46,43.5,Op-Bob,Afternoon,2026-06-29 11:29,0,None,PASS
BAT-14921,M-07,Line-4,PROD-D40,77.3,5.6,1401,3.16,48.3,Op-Alice,Afternoon,2026-04-21 11:29,1,Dimensional Deviation,SCRAP
BAT-14922,M-04,Line-2,PROD-A10,81.3,10.16,1426,4.81,65.4,Op-Elena,Morning,2026-07-23 11:29,1,Surface Crack,SCRAP
BAT-14923,M-06,Line-3,PROD-B20,72.7,8.61,1234,1.41,55.4,Op-David,Morning,2026-03-17 11:29,0,None,PASS
BAT-14924,M-07,Line-4,PROD-A10,84.9,7.0,1192,4.11,50.8,Op-Elena,Night,2026-06-20 11:29,1,Surface Crack,SCRAP
BAT-14925,M-01,Line-1,PROD-B20,75.1,9.7,1223,2.87,45.8,Op-Elena,Morning,2026-04-01 11:29,0,None,PASS
BAT-14926,M-06,Line-3,PROD-B20,73.9,7.73,1215,1.79,53.0,Op-Elena,Afternoon,2026-03-31 11:29,0,None,PASS
BAT-14927,M-02,Line-1,PROD-A10,72.8,8.73,1208,2.15,50.5,Op-David,Afternoon,2026-06-04 11:29,0,None,PASS
BAT-14928,M-06,Line-3,PROD-A10,72.4,8.89,1150,2.33,56.6,Op-David,Afternoon,2026-05-07 11:29,0,None,PASS
BAT-14929,M-07,Line-4,PROD-B20,75.0,6.75,1360,3.23,54.2,Op-Frank,Night,2026-05-09 11:29,1,Dimensional Deviation,SCRAP
BAT-14930,M-02,Line-1,PROD-C30,73.8,8.76,1231,2.71,51.2,Op-Alice,Morning,2026-03-20 11:29,0,None,PASS
BAT-14931,M-04,Line-2,PROD-B20,85.4,8.21,1449,6.12,72.7,Op-Alice,Night,2026-05-05 11:29,1,Surface Crack,SCRAP
BAT-14932,M-08,Line-4,PROD-A10,77.3,9.42,1172,1.79,58.2,Op-Bob,Afternoon,2026-07-14 11:29,0,None,PASS
BAT-14933,M-08,Line-4,PROD-D40,75.6,8.56,1304,2.56,45.0,Op-Alice,Afternoon,2026-08-08 11:29,1,Surface Crack,REWORK
BAT-14934,M-08,Line-4,PROD-A10,75.4,8.73,1166,2.34,48.6,Op-Elena,Afternoon,2026-02-28 11:29,0,None,PASS
BAT-14935,M-07,Line-4,PROD-A10,82.1,3.75,1281,3.21,66.4,Op-Charlie,Morning,2026-05-21 11:29,1,Dimensional Deviation,SCRAP
BAT-14936,M-06,Line-3,PROD-B20,71.4,7.88,1262,2.21,47.3,Op-Bob,Afternoon,2026-05-19 11:29,0,None,PASS
BAT-14937,M-02,Line-1,PROD-D40,72.2,8.65,1224,2.24,48.6,Op-David,Afternoon,2026-06-08 11:29,0,None,PASS
BAT-14938,M-07,Line-4,PROD-A10,70.1,6.91,1378,2.0,54.5,Op-Alice,Afternoon,2026-04-22 11:29,1,Dimensional Deviation,REWORK
BAT-14939,M-08,Line-4,PROD-B20,77.1,7.6,1247,1.89,49.6,Op-Alice,Night,2026-06-10 11:29,0,None,PASS
BAT-14940,M-01,Line-1,PROD-B20,75.6,8.21,1238,2.0,48.9,Op-Bob,Morning,2026-04-18 11:29,0,None,PASS
BAT-14941,M-07,Line-4,PROD-D40,82.0,7.16,1349,2.48,51.3,Op-Charlie,Afternoon,2026-04-18 11:29,0,None,PASS
BAT-14942,M-06,Line-3,PROD-A10,74.2,9.15,1230,1.87,55.0,Op-Alice,Afternoon,2026-06-28 11:29,0,None,PASS
BAT-14943,M-01,Line-1,PROD-C30,75.5,9.68,1181,1.92,51.7,Op-Frank,Afternoon,2026-04-06 11:29,0,None,PASS
BAT-14944,M-02,Line-1,PROD-C30,77.2,8.32,1191,2.18,44.9,Op-David,Morning,2026-05-08 11:29,0,None,PASS
BAT-14945,M-03,Line-2,PROD-D40,73.7,8.6,1236,2.36,55.0,Op-Alice,Afternoon,2026-07-12 11:29,0,None,PASS
BAT-14946,M-06,Line-3,PROD-C30,75.5,8.22,1170,2.22,51.3,Op-David,Afternoon,2026-03-12 11:29,0,None,PASS
BAT-14947,M-01,Line-1,PROD-D40,75.5,7.99,1241,1.55,50.8,Op-Elena,Afternoon,2026-05-21 11:29,0,None,PASS
BAT-14948,M-08,Line-4,PROD-C30,75.7,8.54,1189,2.03,46.8,Op-Charlie,Night,2026-05-10 11:29,0,None,PASS
BAT-14949,M-08,Line-4,PROD-B20,75.2,9.28,1174,2.31,52.3,Op-Elena,Night,2026-06-06 11:29,0,None,PASS
BAT-14950,M-07,Line-4,PROD-B20,77.5,3.25,1317,2.68,64.7,Op-Charlie,Night,2026-05-07 11:29,1,Dimensional Deviation,SCRAP
BAT-14951,M-01,Line-1,PROD-B20,74.3,7.92,1208,1.81,42.5,Op-Elena,Morning,2026-07-15 11:29,0,None,PASS
BAT-14952,M-07,Line-4,PROD-C30,80.0,4.69,1337,3.15,56.4,Op-Frank,Afternoon,2026-02-12 11:29,0,None,PASS
BAT-14953,M-07,Line-4,PROD-B20,79.3,5.59,1385,3.66,54.4,Op-Frank,Night,2026-05-25 11:29,1,Dimensional Deviation,REWORK
BAT-14954,M-07,Line-4,PROD-D40,77.7,7.73,1362,3.51,53.2,Op-Alice,Night,2026-06-03 11:29,0,None,PASS
BAT-14955,M-08,Line-4,PROD-D40,77.1,9.06,1127,0.82,51.7,Op-Elena,Afternoon,2026-06-09 11:29,0,None,PASS
BAT-14956,M-04,Line-2,PROD-D40,78.7,10.07,1444,5.96,65.4,Op-Bob,Afternoon,2026-04-08 11:29,1,Dimensional Deviation,REWORK
BAT-14957,M-08,Line-4,PROD-A10,75.1,8.42,1249,1.87,46.7,Op-Frank,Morning,2026-02-24 11:29,0,None,PASS
BAT-14958,M-04,Line-2,PROD-C30,87.1,9.79,1512,4.16,56.9,Op-Alice,Morning,2026-07-01 11:29,1,Surface Crack,REWORK
BAT-14959,M-01,Line-1,PROD-D40,79.5,9.32,1215,1.71,45.0,Op-Elena,Night,2026-03-24 11:29,0,None,PASS
BAT-14960,M-03,Line-2,PROD-B20,75.3,8.47,1263,2.25,41.0,Op-Bob,Night,2026-04-12 11:29,1,Dimensional Deviation,REWORK
BAT-14961,M-04,Line-2,PROD-C30,85.4,9.96,1355,3.64,76.4,Op-Charlie,Afternoon,2026-02-15 11:29,0,None,PASS
BAT-14962,M-01,Line-1,PROD-D40,73.8,8.34,1110,2.15,46.1,Op-Elena,Afternoon,2026-04-09 11:29,0,None,PASS
BAT-14963,M-01,Line-1,PROD-D40,80.0,9.04,1293,2.41,46.3,Op-Elena,Afternoon,2026-07-27 11:29,0,None,PASS
BAT-14964,M-06,Line-3,PROD-D40,72.4,9.59,1194,1.85,47.4,Op-Elena,Afternoon,2026-05-03 11:29,0,None,PASS
BAT-14965,M-05,Line-3,PROD-A10,77.8,8.83,1245,2.02,49.3,Op-Bob,Night,2026-05-08 11:29,0,None,PASS
BAT-14966,M-01,Line-1,PROD-A10,77.1,7.6,1191,1.75,40.2,Op-David,Afternoon,2026-04-15 11:29,0,None,PASS
BAT-14967,M-06,Line-3,PROD-C30,71.3,7.66,1200,1.89,42.5,Op-Elena,Afternoon,2026-05-08 11:29,0,None,PASS
BAT-14968,M-02,Line-1,PROD-A10,71.8,8.61,1257,2.38,55.8,Op-Charlie,Morning,2026-05-13 11:29,0,None,PASS
BAT-14969,M-05,Line-3,PROD-B20,73.0,9.44,1237,1.58,49.6,Op-Elena,Morning,2026-05-03 11:29,0,None,PASS
BAT-14970,M-08,Line-4,PROD-D40,74.3,8.62,1170,2.48,44.4,Op-Charlie,Morning,2026-05-14 11:29,0,None,PASS
BAT-14971,M-01,Line-1,PROD-D40,73.9,8.53,1131,1.73,45.4,Op-Elena,Afternoon,2026-06-30 11:29,0,None,PASS
BAT-14972,M-08,Line-4,PROD-D40,71.9,8.87,1204,2.92,46.9,Op-Alice,Night,2026-03-28 11:29,1,Contamination,SCRAP
BAT-14973,M-03,Line-2,PROD-A10,76.6,8.01,1243,2.05,41.2,Op-Bob,Morning,2026-06-13 11:29,1,Surface Crack,SCRAP
BAT-14974,M-06,Line-3,PROD-D40,73.7,8.5,1207,2.11,51.9,Op-David,Morning,2026-07-11 11:29,0,None,PASS
BAT-14975,M-03,Line-2,PROD-D40,76.0,8.22,1145,2.19,43.6,Op-Elena,Night,2026-06-13 11:29,0,None,PASS
BAT-14976,M-08,Line-4,PROD-B20,71.8,8.27,1187,2.4,51.8,Op-Frank,Morning,2026-04-15 11:29,0,None,PASS
BAT-14977,M-05,Line-3,PROD-C30,77.0,7.81,1193,2.32,45.3,Op-David,Morning,2026-07-07 11:29,0,None,PASS
BAT-14978,M-08,Line-4,PROD-D40,74.9,8.39,1152,2.32,46.8,Op-Charlie,Afternoon,2026-03-11 11:29,0,None,PASS
BAT-14979,M-04,Line-2,PROD-B20,83.6,10.33,1386,4.42,71.1,Op-Bob,Night,2026-07-02 11:29,1,Surface Crack,REWORK
BAT-14980,M-01,Line-1,PROD-C30,72.4,8.06,1226,2.1,54.0,Op-Alice,Night,2026-02-20 11:29,0,None,PASS
BAT-14981,M-08,Line-4,PROD-C30,75.5,8.63,1218,2.58,47.1,Op-Charlie,Night,2026-03-02 11:29,0,None,PASS
BAT-14982,M-01,Line-1,PROD-B20,79.0,8.68,1237,1.55,43.4,Op-Frank,Morning,2026-07-27 11:29,0,None,PASS
BAT-14983,M-02,Line-1,PROD-D40,76.0,9.2,1183,2.18,53.7,Op-Charlie,Afternoon,2026-05-14 11:29,0,None,PASS
BAT-14984,M-02,Line-1,PROD-D40,75.8,8.22,1195,2.9,41.6,Op-Charlie,Night,2026-06-17 11:29,0,None,PASS
BAT-14985,M-02,Line-1,PROD-A10,77.2,8.33,1229,2.08,47.7,Op-Charlie,Afternoon,2026-05-27 11:29,0,None,PASS
BAT-14986,M-08,Line-4,PROD-C30,73.6,8.87,1171,2.81,46.4,Op-Frank,Night,2026-02-14 11:29,0,None,PASS
BAT-14987,M-06,Line-3,PROD-B20,77.1,8.26,1158,2.95,54.8,Op-David,Night,2026-08-03 11:29,0,None,PASS
BAT-14988,M-05,Line-3,PROD-C30,73.2,8.7,1157,1.47,48.2,Op-Bob,Morning,2026-04-09 11:29,0,None,PASS
BAT-14989,M-07,Line-4,PROD-A10,81.6,5.59,1418,3.04,54.2,Op-David,Night,2026-05-08 11:29,1,Dimensional Deviation,REWORK
BAT-14990,M-04,Line-2,PROD-B20,80.1,11.17,1401,3.64,64.3,Op-Alice,Night,2026-05-16 11:29,1,Dimensional Deviation,REWORK
BAT-14991,M-04,Line-2,PROD-B20,86.2,9.59,1377,4.05,69.5,Op-David,Night,2026-07-24 11:29,1,Surface Crack,REWORK
BAT-14992,M-02,Line-1,PROD-C30,76.0,8.99,1188,1.62,41.4,Op-Charlie,Afternoon,2026-07-12 11:29,0,None,PASS
BAT-14993,M-03,Line-2,PROD-D40,73.3,8.51,1201,1.87,45.4,Op-David,Morning,2026-04-19 11:29,0,None,PASS
BAT-14994,M-06,Line-3,PROD-A10,77.5,7.09,1236,2.07,46.9,Op-Elena,Night,2026-06-07 11:29,1,Color Variance,REWORK
BAT-14995,M-02,Line-1,PROD-D40,72.5,7.63,1169,2.14,49.7,Op-David,Night,2026-06-13 11:29,0,None,PASS
BAT-14996,M-01,Line-1,PROD-B20,75.8,8.34,1170,2.68,39.4,Op-Charlie,Morning,2026-07-06 11:29,0,None,PASS
BAT-14997,M-02,Line-1,PROD-B20,73.8,7.75,1290,2.42,38.7,Op-Elena,Night,2026-05-11 11:29,0,None,PASS
BAT-14998,M-04,Line-2,PROD-B20,89.1,10.25,1506,2.78,58.1,Op-Elena,Afternoon,2026-02-10 11:29,0,None,PASS
BAT-14999,M-04,Line-2,PROD-D40,72.5,9.46,1443,6.37,55.5,Op-Elena,Afternoon,2026-06-19 11:29,1,Dimensional Deviation,SCRAP
BAT-15000,M-06,Line-3,PROD-C30,75.9,8.9,1221,1.89,51.2,Op-Charlie,Morning,2026-03-01 11:29,0,None,PASS
